CREATE SEQUENCE enduser_seq START WITH 1;

CREATE TABLE enduser (
	id NUMBER(10) NOT NULL,
	username varchar2(50) NOT NULL,
	password varchar2(50) NOT NULL,
	email varchar2(50) NOT NULL,
	CONSTRAINT user_pk PRIMARY KEY (id)
);
  
CREATE OR REPLACE TRIGGER user_autoincrement
BEFORE INSERT ON enduser
FOR EACH ROW

BEGIN
  SELECT enduser_seq.NEXTVAL
  INTO   :new.id
  FROM   dual;
END;
/


CREATE SEQUENCE location_seq START WITH 1;

CREATE TABLE location (
	id NUMBER(10) NOT NULL,
	postcode varchar2(10),
	city varchar2(30),
	street varchar2(30),
	housenumber NUMBER,
	CONSTRAINT location_pk PRIMARY KEY (id)
);

CREATE OR REPLACE TRIGGER location_autoincrement
BEFORE INSERT ON location
FOR EACH ROW

BEGIN
  SELECT location_seq.NEXTVAL
  INTO   :new.id
  FROM   dual;
END;
/


CREATE SEQUENCE photos_seq START WITH 1;

CREATE TABLE photos(
	id NUMBER(10) NOT NULL,
	user_id NUMBER(10) NOT NULL,
	photo VARCHAR2(50) NOT NULL,
	CONSTRAINT photos_pk PRIMARY KEY (id)
);

CREATE OR REPLACE TRIGGER photos_autoincrement
BEFORE INSERT ON photos
FOR EACH ROW

BEGIN
  SELECT photos_seq.NEXTVAL
  INTO   :new.id
  FROM   dual;
END;
/


CREATE SEQUENCE userdata_seq START WITH 1;

CREATE TABLE userdata (
	id NUMBER(10) NOT NULL,
	user_id NUMBER(10) NOT NULL,
	location_id NUMBER(10) NOT NULL,
	photo_id NUMBER(10),
	first_name varchar2(30),
	last_name varchar2(30),
	gender varchar2(1),
	birthday DATE,
	CONSTRAINT userdata_pk PRIMARY KEY (id)
);

CREATE OR REPLACE TRIGGER userdata_autoincrement
BEFORE INSERT ON userdata
FOR EACH ROW

BEGIN
  SELECT userdata_seq.NEXTVAL
  INTO   :new.id
  FROM   dual;
END;
/


CREATE SEQUENCE school_seq START WITH 1;

CREATE TABLE school(
	id NUMBER(10) NOT NULL,
	location_id NUMBER(10) NOT NULL,
	name varchar2(100),
	school_type varchar2(100),
	CONSTRAINT school_pk PRIMARY KEY (id)
);

CREATE OR REPLACE TRIGGER school_autoincrement
BEFORE INSERT ON school
FOR EACH ROW

BEGIN
  SELECT school_seq.NEXTVAL
  INTO   :new.id
  FROM   dual;
END;
/


CREATE SEQUENCE s_u_connector_seq START WITH 1;

CREATE TABLE school_user_connector(
	id NUMBER(10) NOT NULL,
	user_id NUMBER(10) NOT NULL,
	school_id NUMBER(10) NOT NULL,
	CONSTRAINT school_user_connector_pk PRIMARY KEY (id)
);

CREATE OR REPLACE TRIGGER s_u_connector_autoincrement
BEFORE INSERT ON school_user_connector
FOR EACH ROW

BEGIN
  SELECT s_u_connector_seq.NEXTVAL
  INTO   :new.id
  FROM   dual;
END;
/



CREATE SEQUENCE workplace_seq START WITH 1;

CREATE TABLE workplace(
	id NUMBER(10) NOT NULL,
	location_id NUMBER(10) NOT NULL,
	name varchar2(100),
	workplace_type varchar2(100),
	CONSTRAINT workplace_pk PRIMARY KEY (id)
);

CREATE OR REPLACE TRIGGER workplace_autoincrement
BEFORE INSERT ON workplace
FOR EACH ROW

BEGIN
  SELECT workplace_seq.NEXTVAL
  INTO   :new.id
  FROM   dual;
END;
/


CREATE SEQUENCE w_u_connector_seq START WITH 1;

CREATE TABLE workplace_user_connector(
	id NUMBER(10) NOT NULL,
	user_id NUMBER(10) NOT NULL,
	workplace_id NUMBER(10) NOT NULL,
	CONSTRAINT workplace_user_connector_pk PRIMARY KEY (id)
);

CREATE OR REPLACE TRIGGER w_u_connector_autoincrement
BEFORE INSERT ON workplace_user_connector
FOR EACH ROW

BEGIN
  SELECT w_u_connector_seq.NEXTVAL
  INTO   :new.id
  FROM   dual;
END;
/


CREATE SEQUENCE post_seq START WITH 1;

CREATE TABLE post(
	id NUMBER(10) NOT NULL,
	user_id NUMBER(10) NOT NULL,
	content varchar2(999) NOT NULL,
	creation_time varchar2(100) NOT NULL,
	CONSTRAINT post_pk PRIMARY KEY (id)
);

CREATE OR REPLACE TRIGGER post_autoincrement
BEFORE INSERT ON post
FOR EACH ROW

BEGIN
  SELECT post_seq.NEXTVAL
  INTO   :new.id
  FROM   dual;
END;
/

create or replace
TRIGGER post_time
BEFORE INSERT OR UPDATE ON post
FOR EACH ROW
BEGIN
    :new.creation_time := to_char(sysdate, 'yyyy/mm/dd hh24:mi:ss');
END;
/


CREATE SEQUENCE post_likes_seq START WITH 1;

CREATE TABLE post_likes(
	id NUMBER(10) NOT NULL,
	user_id NUMBER(10) NOT NULL,
	post_id NUMBER(10) NOT NULL,
	CONSTRAINT post_likes_pk PRIMARY KEY (id)
);


CREATE OR REPLACE TRIGGER post_likes_autoincrement
BEFORE INSERT ON post_likes
FOR EACH ROW

BEGIN
  SELECT post_likes_seq.NEXTVAL
  INTO   :new.id
  FROM   dual;
END;
/



CREATE SEQUENCE comments_seq START WITH 1;

CREATE TABLE comments(
	id NUMBER(10) NOT NULL,
	user_id NUMBER(10) NOT NULL,
	post_id NUMBER(10) NOT NULL,
	content varchar2(999) NOT NULL,
	creation_time varchar2(100) NOT NULL,
	CONSTRAINT comment_pk PRIMARY KEY (id)
);

CREATE OR REPLACE TRIGGER comments_autoincrement
BEFORE INSERT ON comments
FOR EACH ROW

BEGIN
  SELECT comments_seq.NEXTVAL
  INTO   :new.id
  FROM   dual;
END;
/

create or replace
TRIGGER comments_time
BEFORE INSERT OR UPDATE ON comments
FOR EACH ROW
BEGIN
    :new.creation_time := to_char(sysdate, 'yyyy/mm/dd hh24:mi:ss');
END;
/


CREATE SEQUENCE comments_likes_seq START WITH 1;

CREATE TABLE comments_likes(
	id NUMBER(10) NOT NULL,
	user_id NUMBER(10) NOT NULL,
	comment_id NUMBER(10) NOT NULL,
	CONSTRAINT comments_likes_pk PRIMARY KEY (id)
);

CREATE OR REPLACE TRIGGER comments_likes_autoincrement
BEFORE INSERT ON comments_likes
FOR EACH ROW

BEGIN
  SELECT comments_likes_seq.NEXTVAL
  INTO   :new.id
  FROM   dual;
END;
/


CREATE SEQUENCE groups_seq START WITH 1;


CREATE TABLE groups(
	id NUMBER(10) NOT NULL,
	name varchar2(50) NOT NULL,
	description varchar2(999),
	CONSTRAINT groups_pk PRIMARY KEY (id)
);


CREATE OR REPLACE TRIGGER groups_autoincrement
BEFORE INSERT ON groups
FOR EACH ROW

BEGIN
  SELECT groups_seq.NEXTVAL
  INTO   :new.id
  FROM   dual;
END;
/


CREATE SEQUENCE groups_members_seq START WITH 1;


CREATE TABLE groups_members(
	id NUMBER(10) NOT NULL,
	user_id NUMBER(10) NOT NULL,
	group_id NUMBER(10) NOT NULL,
	CONSTRAINT groups_members_pk PRIMARY KEY (id)
);


CREATE OR REPLACE TRIGGER groups_members_autoincrement
BEFORE INSERT ON groups_members
FOR EACH ROW

BEGIN
  SELECT groups_members_seq.NEXTVAL
  INTO   :new.id
  FROM   dual;
END;
/


CREATE SEQUENCE groups_admins_seq START WITH 1;

CREATE TABLE groups_admins(
	id NUMBER(10) NOT NULL,
	user_id NUMBER(10) NOT NULL,
	group_id NUMBER(10) NOT NULL,
	CONSTRAINT groups_admins_pk PRIMARY KEY (id)
);

CREATE OR REPLACE TRIGGER groups_admins_autoincrement
BEFORE INSERT ON groups_admins
FOR EACH ROW

BEGIN
  SELECT groups_admins_seq.NEXTVAL
  INTO   :new.id
  FROM   dual;
END;
/


CREATE SEQUENCE message_seq START WITH 1;

CREATE TABLE message(
	id NUMBER(10) NOT NULL,
	user_id1 NUMBER(10) NOT NULL,
	user_id2 NUMBER(10) NOT NULL,
	content varchar2(999) NOT NULL,
	creation_time varchar2(100) NOT NULL,
	CONSTRAINT message_pk PRIMARY KEY (id)
);

CREATE OR REPLACE TRIGGER message_autoincrement
BEFORE INSERT ON message
FOR EACH ROW

BEGIN
  SELECT message_seq.NEXTVAL
  INTO   :new.id
  FROM   dual;
END;
/

create or replace
TRIGGER message_time
BEFORE INSERT OR UPDATE ON message
FOR EACH ROW
BEGIN
    :new.creation_time := to_char(sysdate, 'yyyy/mm/dd hh24:mi:ss');
END;
/



CREATE SEQUENCE follows_seq START WITH 1;

CREATE TABLE follows(
	id NUMBER(10) NOT NULL,
	user_id1 NUMBER(10) NOT NULL,
	user_id2 NUMBER(10) NOT NULL,
	CONSTRAINT follows_pk PRIMARY KEY (id)
);

CREATE OR REPLACE TRIGGER follows_autoincrement
BEFORE INSERT ON follows
FOR EACH ROW

BEGIN
  SELECT follows_seq.NEXTVAL
  INTO   :new.id
  FROM   dual;
END;
/

INSERT INTO ENDUSER (username, password, email) values('roseanna.boehm', '0FQYbzfHkl', 'roseanna.boehm@email.com');
INSERT INTO LOCATION (postcode, city, street, housenumber) values('81685-0090', 'Perlaport', 'Doyle Shores', '66');
INSERT INTO PHOTOS (user_id, photo) values('1', 'deflt.jpg');
INSERT INTO USERDATA (user_id, location_id, photo_id, first_name, last_name, gender, birthday) values('1', '1', '1', 'Roseanna', 'Boehm', 'f', TO_DATE('1958-06-03', 'yyyy-mm-dd'));
INSERT INTO ENDUSER (username, password, email) values('leonel.mayert', 'fBMjn87PL1', 'leonel.mayert@email.com');
INSERT INTO LOCATION (postcode, city, street, housenumber) values('55896', 'Lake Beulahstad', 'Green Run', '90');
INSERT INTO PHOTOS (user_id, photo) values('2', 'deflt.jpg');
INSERT INTO USERDATA (user_id, location_id, photo_id, first_name, last_name, gender, birthday) values('2', '2', '2', 'Leonel', 'Mayert', 'm', TO_DATE('2003-09-16', 'yyyy-mm-dd'));
INSERT INTO ENDUSER (username, password, email) values('wilmer.fadel', 'tIQrF9Jiv0', 'wilmer.fadel@email.com');
INSERT INTO LOCATION (postcode, city, street, housenumber) values('64534', 'New Kelleystad', 'Cecil Pass', '42');
INSERT INTO PHOTOS (user_id, photo) values('3', 'deflt.jpg');
INSERT INTO USERDATA (user_id, location_id, photo_id, first_name, last_name, gender, birthday) values('3', '3', '3', 'Wilmer', 'Fadel', 'm', TO_DATE('2000-10-17', 'yyyy-mm-dd'));
INSERT INTO ENDUSER (username, password, email) values('marion.mosciski', 'xkhrVvgIQo', 'marion.mosciski@email.com');
INSERT INTO LOCATION (postcode, city, street, housenumber) values('20339', 'North Judithport', 'Richie Brook', '8');
INSERT INTO PHOTOS (user_id, photo) values('4', 'deflt.jpg');
INSERT INTO USERDATA (user_id, location_id, photo_id, first_name, last_name, gender, birthday) values('4', '4', '4', 'Marion', 'Mosciski', 'm', TO_DATE('1998-06-28', 'yyyy-mm-dd'));
INSERT INTO ENDUSER (username, password, email) values('monika.blanda', 'JXsuMqdg5B', 'monika.blanda@email.com');
INSERT INTO LOCATION (postcode, city, street, housenumber) values('92131', 'East Erinberg', 'Douglas Rapids', '63');
INSERT INTO PHOTOS (user_id, photo) values('5', 'deflt.jpg');
INSERT INTO USERDATA (user_id, location_id, photo_id, first_name, last_name, gender, birthday) values('5', '5', '5', 'Monika', 'Blanda', 'm', TO_DATE('1975-03-23', 'yyyy-mm-dd'));
INSERT INTO ENDUSER (username, password, email) values('cristopher.cummerata', 'ZGoLAg4Mkm', 'cristopher.cummerata@email.com');
INSERT INTO LOCATION (postcode, city, street, housenumber) values('79278-9957', 'Beckerborough', 'Treutel Locks', '87');
INSERT INTO PHOTOS (user_id, photo) values('6', 'deflt.jpg');
INSERT INTO USERDATA (user_id, location_id, photo_id, first_name, last_name, gender, birthday) values('6', '6', '6', 'Cristopher', 'Cummerata', 'm', TO_DATE('1997-09-04', 'yyyy-mm-dd'));
INSERT INTO ENDUSER (username, password, email) values('renato.wisozk', 'rbRsxPKtYv', 'renato.wisozk@email.com');
INSERT INTO LOCATION (postcode, city, street, housenumber) values('80827-6033', 'South Stefanmouth', 'Jacinda Forks', '24');
INSERT INTO PHOTOS (user_id, photo) values('7', 'deflt.jpg');
INSERT INTO USERDATA (user_id, location_id, photo_id, first_name, last_name, gender, birthday) values('7', '7', '7', 'Renato', 'Wisozk', 'm', TO_DATE('1969-12-11', 'yyyy-mm-dd'));
INSERT INTO ENDUSER (username, password, email) values('paul.weissnat', '0sZKIcmfnu', 'paul.weissnat@email.com');
INSERT INTO LOCATION (postcode, city, street, housenumber) values('52659', 'Nathanland', 'Keva Greens', '5');
INSERT INTO PHOTOS (user_id, photo) values('8', 'deflt.jpg');
INSERT INTO USERDATA (user_id, location_id, photo_id, first_name, last_name, gender, birthday) values('8', '8', '8', 'Paul', 'Weissnat', 'm', TO_DATE('1995-05-13', 'yyyy-mm-dd'));
INSERT INTO ENDUSER (username, password, email) values('hosea.cummerata', '4nrFklDaRY', 'hosea.cummerata@email.com');
INSERT INTO LOCATION (postcode, city, street, housenumber) values('42670-4525', 'Meridithbury', 'Merri Plaza', '0');
INSERT INTO PHOTOS (user_id, photo) values('9', 'deflt.jpg');
INSERT INTO USERDATA (user_id, location_id, photo_id, first_name, last_name, gender, birthday) values('9', '9', '9', 'Hosea', 'Cummerata', 'm', TO_DATE('1978-07-12', 'yyyy-mm-dd'));
INSERT INTO ENDUSER (username, password, email) values('lyndon.bosco', '6to4YTBE5M', 'lyndon.bosco@email.com');
INSERT INTO LOCATION (postcode, city, street, housenumber) values('09700-3094', 'Bergnaumfort', 'Smith Mews', '81');
INSERT INTO PHOTOS (user_id, photo) values('10', 'deflt.jpg');
INSERT INTO USERDATA (user_id, location_id, photo_id, first_name, last_name, gender, birthday) values('10', '10', '10', 'Lyndon', 'Bosco', 'f', TO_DATE('1994-03-19', 'yyyy-mm-dd'));
INSERT INTO ENDUSER (username, password, email) values('elane.kuhn', 'te5HCFR3ao', 'elane.kuhn@email.com');
INSERT INTO LOCATION (postcode, city, street, housenumber) values('66263-4568', 'Windlerton', 'Bayer Center', '8');
INSERT INTO PHOTOS (user_id, photo) values('11', 'deflt.jpg');
INSERT INTO USERDATA (user_id, location_id, photo_id, first_name, last_name, gender, birthday) values('11', '11', '11', 'Elane', 'Kuhn', 'f', TO_DATE('1969-03-22', 'yyyy-mm-dd'));
INSERT INTO ENDUSER (username, password, email) values('samira.king', 'ptdJiPHoGN', 'samira.king@email.com');
INSERT INTO LOCATION (postcode, city, street, housenumber) values('71807-7806', 'Hamillbury', 'Foster Parkways', '30');
INSERT INTO PHOTOS (user_id, photo) values('12', 'deflt.jpg');
INSERT INTO USERDATA (user_id, location_id, photo_id, first_name, last_name, gender, birthday) values('12', '12', '12', 'Samira', 'King', 'm', TO_DATE('1996-02-16', 'yyyy-mm-dd'));
INSERT INTO ENDUSER (username, password, email) values('elijah.steuber', 'ZEIVPdApn2', 'elijah.steuber@email.com');
INSERT INTO LOCATION (postcode, city, street, housenumber) values('58707-2398', 'Rashadport', 'Rufus Spur', '73');
INSERT INTO PHOTOS (user_id, photo) values('13', 'deflt.jpg');
INSERT INTO USERDATA (user_id, location_id, photo_id, first_name, last_name, gender, birthday) values('13', '13', '13', 'Elijah', 'Steuber', 'm', TO_DATE('1984-02-12', 'yyyy-mm-dd'));
INSERT INTO ENDUSER (username, password, email) values('georgiana.cartwright', '97YZvAkGmn', 'georgiana.cartwright@email.com');
INSERT INTO LOCATION (postcode, city, street, housenumber) values('62791', 'Stefaniehaven', 'Hiroko Pines', '85');
INSERT INTO PHOTOS (user_id, photo) values('14', 'deflt.jpg');
INSERT INTO USERDATA (user_id, location_id, photo_id, first_name, last_name, gender, birthday) values('14', '14', '14', 'Georgiana', 'Cartwright', 'm', TO_DATE('2003-08-10', 'yyyy-mm-dd'));
INSERT INTO ENDUSER (username, password, email) values('dorthey.sauer', 'z7ixgHA9P1', 'dorthey.sauer@email.com');
INSERT INTO LOCATION (postcode, city, street, housenumber) values('87061-6577', 'New Laurenaburgh', 'Cassin Circle', '83');
INSERT INTO PHOTOS (user_id, photo) values('15', 'deflt.jpg');
INSERT INTO USERDATA (user_id, location_id, photo_id, first_name, last_name, gender, birthday) values('15', '15', '15', 'Dorthey', 'Sauer', 'm', TO_DATE('1982-05-10', 'yyyy-mm-dd'));
INSERT INTO ENDUSER (username, password, email) values('agnes.mayer', 'M1wEHNpeC2', 'agnes.mayer@email.com');
INSERT INTO LOCATION (postcode, city, street, housenumber) values('23465', 'Lake Alonso', 'Debbi Forge', '85');
INSERT INTO PHOTOS (user_id, photo) values('16', 'deflt.jpg');
INSERT INTO USERDATA (user_id, location_id, photo_id, first_name, last_name, gender, birthday) values('16', '16', '16', 'Agnes', 'Mayer', 'm', TO_DATE('1966-08-05', 'yyyy-mm-dd'));
INSERT INTO ENDUSER (username, password, email) values('zane.waelchi', 'n6kdBAuroq', 'zane.waelchi@email.com');
INSERT INTO LOCATION (postcode, city, street, housenumber) values('20606-1196', 'Ameliashire', 'Donnelly Camp', '75');
INSERT INTO PHOTOS (user_id, photo) values('17', 'deflt.jpg');
INSERT INTO USERDATA (user_id, location_id, photo_id, first_name, last_name, gender, birthday) values('17', '17', '17', 'Zane', 'Waelchi', 'm', TO_DATE('1961-10-30', 'yyyy-mm-dd'));
INSERT INTO ENDUSER (username, password, email) values('sammie.ryan', 'jTGrYkye61', 'sammie.ryan@email.com');
INSERT INTO LOCATION (postcode, city, street, housenumber) values('15333', 'Port Parkerton', 'Rosamond Streets', '54');
INSERT INTO PHOTOS (user_id, photo) values('18', 'deflt.jpg');
INSERT INTO USERDATA (user_id, location_id, photo_id, first_name, last_name, gender, birthday) values('18', '18', '18', 'Sammie', 'Ryan', 'm', TO_DATE('1964-09-15', 'yyyy-mm-dd'));
INSERT INTO ENDUSER (username, password, email) values('jack.murphy', 'FJiXOHjWlP', 'jack.murphy@email.com');
INSERT INTO LOCATION (postcode, city, street, housenumber) values('09756-8369', 'Wiegandchester', 'Long Key', '17');
INSERT INTO PHOTOS (user_id, photo) values('19', 'deflt.jpg');
INSERT INTO USERDATA (user_id, location_id, photo_id, first_name, last_name, gender, birthday) values('19', '19', '19', 'Jack', 'Murphy', 'm', TO_DATE('1962-09-03', 'yyyy-mm-dd'));
INSERT INTO ENDUSER (username, password, email) values('lon.grant', 'JQNp6zV4wL', 'lon.grant@email.com');
INSERT INTO LOCATION (postcode, city, street, housenumber) values('19784-2142', 'Lake Luisa', 'Clare Island', '21');
INSERT INTO PHOTOS (user_id, photo) values('20', 'deflt.jpg');
INSERT INTO USERDATA (user_id, location_id, photo_id, first_name, last_name, gender, birthday) values('20', '20', '20', 'Lon', 'Grant', 'f', TO_DATE('1964-08-09', 'yyyy-mm-dd'));
INSERT INTO ENDUSER (username, password, email) values('carisa.rosenbaum', 'DM86aNgW1y', 'carisa.rosenbaum@email.com');
INSERT INTO LOCATION (postcode, city, street, housenumber) values('08147-3184', 'South Tannerhaven', 'Jay Roads', '55');
INSERT INTO PHOTOS (user_id, photo) values('21', 'deflt.jpg');
INSERT INTO USERDATA (user_id, location_id, photo_id, first_name, last_name, gender, birthday) values('21', '21', '21', 'Carisa', 'Rosenbaum', 'm', TO_DATE('1967-04-06', 'yyyy-mm-dd'));
INSERT INTO ENDUSER (username, password, email) values('florencio.west', '8SaVIswXFd', 'florencio.west@email.com');
INSERT INTO LOCATION (postcode, city, street, housenumber) values('19895', 'Donnytown', 'Rickie Throughway', '77');
INSERT INTO PHOTOS (user_id, photo) values('22', 'deflt.jpg');
INSERT INTO USERDATA (user_id, location_id, photo_id, first_name, last_name, gender, birthday) values('22', '22', '22', 'Florencio', 'West', 'm', TO_DATE('1977-05-15', 'yyyy-mm-dd'));
INSERT INTO ENDUSER (username, password, email) values('emery.hahn', 'DnR5CtZPB7', 'emery.hahn@email.com');
INSERT INTO LOCATION (postcode, city, street, housenumber) values('94694', 'Maitown', 'Cornell Squares', '53');
INSERT INTO PHOTOS (user_id, photo) values('23', 'deflt.jpg');
INSERT INTO USERDATA (user_id, location_id, photo_id, first_name, last_name, gender, birthday) values('23', '23', '23', 'Emery', 'Hahn', 'f', TO_DATE('1976-11-18', 'yyyy-mm-dd'));
INSERT INTO ENDUSER (username, password, email) values('rosia.boyle', 'CPnGY74Thi', 'rosia.boyle@email.com');
INSERT INTO LOCATION (postcode, city, street, housenumber) values('66532', 'East Rickie', 'June Glens', '97');
INSERT INTO PHOTOS (user_id, photo) values('24', 'deflt.jpg');
INSERT INTO USERDATA (user_id, location_id, photo_id, first_name, last_name, gender, birthday) values('24', '24', '24', 'Rosia', 'Boyle', 'm', TO_DATE('1988-01-26', 'yyyy-mm-dd'));
INSERT INTO ENDUSER (username, password, email) values('otha.heaney', 'Nl7W8S6hCk', 'otha.heaney@email.com');
INSERT INTO LOCATION (postcode, city, street, housenumber) values('08683', 'Beahanberg', 'Kunze Mountain', '90');
INSERT INTO PHOTOS (user_id, photo) values('25', 'deflt.jpg');
INSERT INTO USERDATA (user_id, location_id, photo_id, first_name, last_name, gender, birthday) values('25', '25', '25', 'Otha', 'Heaney', 'f', TO_DATE('1971-02-11', 'yyyy-mm-dd'));
INSERT INTO ENDUSER (username, password, email) values('ezequiel.rowe', '5XF2tm6nTj', 'ezequiel.rowe@email.com');
INSERT INTO LOCATION (postcode, city, street, housenumber) values('80285', 'Skilesbury', 'Melita Street', '64');
INSERT INTO PHOTOS (user_id, photo) values('26', 'deflt.jpg');
INSERT INTO USERDATA (user_id, location_id, photo_id, first_name, last_name, gender, birthday) values('26', '26', '26', 'Ezequiel', 'Rowe', 'f', TO_DATE('1977-06-18', 'yyyy-mm-dd'));
INSERT INTO ENDUSER (username, password, email) values('maude.volkman', 'yNvIY6s8rh', 'maude.volkman@email.com');
INSERT INTO LOCATION (postcode, city, street, housenumber) values('32454', 'Mattfurt', 'Sima Drive', '18');
INSERT INTO PHOTOS (user_id, photo) values('27', 'deflt.jpg');
INSERT INTO USERDATA (user_id, location_id, photo_id, first_name, last_name, gender, birthday) values('27', '27', '27', 'Maude', 'Volkman', 'f', TO_DATE('1999-09-25', 'yyyy-mm-dd'));
INSERT INTO ENDUSER (username, password, email) values('wynell.little', '2raROUnqkz', 'wynell.little@email.com');
INSERT INTO LOCATION (postcode, city, street, housenumber) values('83135', 'Lake Templehaven', 'Christiansen Island', '71');
INSERT INTO PHOTOS (user_id, photo) values('28', 'deflt.jpg');
INSERT INTO USERDATA (user_id, location_id, photo_id, first_name, last_name, gender, birthday) values('28', '28', '28', 'Wynell', 'Little', 'f', TO_DATE('1964-02-14', 'yyyy-mm-dd'));
INSERT INTO ENDUSER (username, password, email) values('ezequiel.cormier', 'tTIa4XUpz3', 'ezequiel.cormier@email.com');
INSERT INTO LOCATION (postcode, city, street, housenumber) values('26779-6929', 'New Margotview', 'Shanahan Harbors', '97');
INSERT INTO PHOTOS (user_id, photo) values('29', 'deflt.jpg');
INSERT INTO USERDATA (user_id, location_id, photo_id, first_name, last_name, gender, birthday) values('29', '29', '29', 'Ezequiel', 'Cormier', 'm', TO_DATE('1978-10-24', 'yyyy-mm-dd'));
INSERT INTO ENDUSER (username, password, email) values('lavonna.mclaughlin', 'UwrIkTmQNs', 'lavonna.mclaughlin@email.com');
INSERT INTO LOCATION (postcode, city, street, housenumber) values('04005', 'West Sherman', 'Wisozk Meadows', '52');
INSERT INTO PHOTOS (user_id, photo) values('30', 'deflt.jpg');
INSERT INTO USERDATA (user_id, location_id, photo_id, first_name, last_name, gender, birthday) values('30', '30', '30', 'Lavonna', 'McLaughlin', 'm', TO_DATE('1979-03-09', 'yyyy-mm-dd'));
INSERT INTO ENDUSER (username, password, email) values('keely.howell', 'FX5bHyh0NV', 'keely.howell@email.com');
INSERT INTO LOCATION (postcode, city, street, housenumber) values('86352', 'West Diego', 'Tracy Junctions', '78');
INSERT INTO PHOTOS (user_id, photo) values('31', 'deflt.jpg');
INSERT INTO USERDATA (user_id, location_id, photo_id, first_name, last_name, gender, birthday) values('31', '31', '31', 'Keely', 'Howell', 'm', TO_DATE('1997-07-02', 'yyyy-mm-dd'));
INSERT INTO ENDUSER (username, password, email) values('dierdre.hartmann', '3uSv2fmY4l', 'dierdre.hartmann@email.com');
INSERT INTO LOCATION (postcode, city, street, housenumber) values('81547-1304', 'North Ardisberg', 'O_Connell Street', '6');
INSERT INTO PHOTOS (user_id, photo) values('32', 'deflt.jpg');
INSERT INTO USERDATA (user_id, location_id, photo_id, first_name, last_name, gender, birthday) values('32', '32', '32', 'Dierdre', 'Hartmann', 'm', TO_DATE('1979-08-20', 'yyyy-mm-dd'));
INSERT INTO ENDUSER (username, password, email) values('gayla.vonrueden', 'C91jYsHqlX', 'gayla.vonrueden@email.com');
INSERT INTO LOCATION (postcode, city, street, housenumber) values('06679', 'Walshhaven', 'Ondricka Stravenue', '89');
INSERT INTO PHOTOS (user_id, photo) values('33', 'deflt.jpg');
INSERT INTO USERDATA (user_id, location_id, photo_id, first_name, last_name, gender, birthday) values('33', '33', '33', 'Gayla', 'VonRueden', 'm', TO_DATE('1974-05-01', 'yyyy-mm-dd'));
INSERT INTO ENDUSER (username, password, email) values('osvaldo.donnelly', 'X3sM7hoyWm', 'osvaldo.donnelly@email.com');
INSERT INTO LOCATION (postcode, city, street, housenumber) values('41410-7254', 'Brownberg', 'Annalisa Streets', '71');
INSERT INTO PHOTOS (user_id, photo) values('34', 'deflt.jpg');
INSERT INTO USERDATA (user_id, location_id, photo_id, first_name, last_name, gender, birthday) values('34', '34', '34', 'Osvaldo', 'Donnelly', 'f', TO_DATE('1988-10-21', 'yyyy-mm-dd'));
INSERT INTO ENDUSER (username, password, email) values('maura.streich', '295RNBF1oX', 'maura.streich@email.com');
INSERT INTO LOCATION (postcode, city, street, housenumber) values('89848', 'North Franklin', 'Parisian Village', '2');
INSERT INTO PHOTOS (user_id, photo) values('35', 'deflt.jpg');
INSERT INTO USERDATA (user_id, location_id, photo_id, first_name, last_name, gender, birthday) values('35', '35', '35', 'Maura', 'Streich', 'm', TO_DATE('1989-08-18', 'yyyy-mm-dd'));
INSERT INTO ENDUSER (username, password, email) values('brenton.kunde', 'q6lYXUeKhj', 'brenton.kunde@email.com');
INSERT INTO LOCATION (postcode, city, street, housenumber) values('88878-8343', 'Port Sibylstad', 'Justin Mountain', '16');
INSERT INTO PHOTOS (user_id, photo) values('36', 'deflt.jpg');
INSERT INTO USERDATA (user_id, location_id, photo_id, first_name, last_name, gender, birthday) values('36', '36', '36', 'Brenton', 'Kunde', 'm', TO_DATE('1969-07-15', 'yyyy-mm-dd'));
INSERT INTO ENDUSER (username, password, email) values('jame.lockman', 'kw13qzmnSB', 'jame.lockman@email.com');
INSERT INTO LOCATION (postcode, city, street, housenumber) values('17153-4428', 'Yostshire', 'Gleason Road', '66');
INSERT INTO PHOTOS (user_id, photo) values('37', 'deflt.jpg');
INSERT INTO USERDATA (user_id, location_id, photo_id, first_name, last_name, gender, birthday) values('37', '37', '37', 'Jame', 'Lockman', 'm', TO_DATE('1971-02-27', 'yyyy-mm-dd'));
INSERT INTO ENDUSER (username, password, email) values('rufus.reichert', 'YcNrGLJsnH', 'rufus.reichert@email.com');
INSERT INTO LOCATION (postcode, city, street, housenumber) values('29395-2087', 'North Alease', 'Jessie Springs', '93');
INSERT INTO PHOTOS (user_id, photo) values('38', 'deflt.jpg');
INSERT INTO USERDATA (user_id, location_id, photo_id, first_name, last_name, gender, birthday) values('38', '38', '38', 'Rufus', 'Reichert', 'm', TO_DATE('1974-07-12', 'yyyy-mm-dd'));
INSERT INTO ENDUSER (username, password, email) values('vince.boyer', 'cPIUn81wyZ', 'vince.boyer@email.com');
INSERT INTO LOCATION (postcode, city, street, housenumber) values('66207-7514', 'North Sharlene', 'Emilio Pine', '25');
INSERT INTO PHOTOS (user_id, photo) values('39', 'deflt.jpg');
INSERT INTO USERDATA (user_id, location_id, photo_id, first_name, last_name, gender, birthday) values('39', '39', '39', 'Vince', 'Boyer', 'm', TO_DATE('1985-05-26', 'yyyy-mm-dd'));
INSERT INTO ENDUSER (username, password, email) values('augustine.kris', 'CF8APbcgHp', 'augustine.kris@email.com');
INSERT INTO LOCATION (postcode, city, street, housenumber) values('77444', 'West Barneychester', 'Lynwood Shore', '9');
INSERT INTO PHOTOS (user_id, photo) values('40', 'deflt.jpg');
INSERT INTO USERDATA (user_id, location_id, photo_id, first_name, last_name, gender, birthday) values('40', '40', '40', 'Augustine', 'Kris', 'm', TO_DATE('1987-03-02', 'yyyy-mm-dd'));
INSERT INTO ENDUSER (username, password, email) values('charolette.wilderman', 'MpnRgNAeKl', 'charolette.wilderman@email.com');
INSERT INTO LOCATION (postcode, city, street, housenumber) values('99014', 'Reidland', 'Lanette Ports', '77');
INSERT INTO PHOTOS (user_id, photo) values('41', 'deflt.jpg');
INSERT INTO USERDATA (user_id, location_id, photo_id, first_name, last_name, gender, birthday) values('41', '41', '41', 'Charolette', 'Wilderman', 'm', TO_DATE('1959-01-11', 'yyyy-mm-dd'));
INSERT INTO ENDUSER (username, password, email) values('maurice.langosh', 'mbUJd2rCxa', 'maurice.langosh@email.com');
INSERT INTO LOCATION (postcode, city, street, housenumber) values('02627-3069', 'Fadelport', 'Stark Stream', '40');
INSERT INTO PHOTOS (user_id, photo) values('42', 'deflt.jpg');
INSERT INTO USERDATA (user_id, location_id, photo_id, first_name, last_name, gender, birthday) values('42', '42', '42', 'Maurice', 'Langosh', 'f', TO_DATE('1979-12-27', 'yyyy-mm-dd'));
INSERT INTO ENDUSER (username, password, email) values('enoch.wisozk', 'XvD9HpNo8t', 'enoch.wisozk@email.com');
INSERT INTO LOCATION (postcode, city, street, housenumber) values('80644', 'Port Ermelinda', 'Elmer Trail', '58');
INSERT INTO PHOTOS (user_id, photo) values('43', 'deflt.jpg');
INSERT INTO USERDATA (user_id, location_id, photo_id, first_name, last_name, gender, birthday) values('43', '43', '43', 'Enoch', 'Wisozk', 'm', TO_DATE('1969-01-27', 'yyyy-mm-dd'));
INSERT INTO ENDUSER (username, password, email) values('dante.hessel', 'WoOr7L0vMK', 'dante.hessel@email.com');
INSERT INTO LOCATION (postcode, city, street, housenumber) values('01568', 'Berryfort', 'Fanny Mountain', '55');
INSERT INTO PHOTOS (user_id, photo) values('44', 'deflt.jpg');
INSERT INTO USERDATA (user_id, location_id, photo_id, first_name, last_name, gender, birthday) values('44', '44', '44', 'Dante', 'Hessel', 'm', TO_DATE('1995-07-15', 'yyyy-mm-dd'));
INSERT INTO ENDUSER (username, password, email) values('stanton.hayes', 'mZGg0S2olf', 'stanton.hayes@email.com');
INSERT INTO LOCATION (postcode, city, street, housenumber) values('12003', 'Lake Kaila', 'Aaron Keys', '90');
INSERT INTO PHOTOS (user_id, photo) values('45', 'deflt.jpg');
INSERT INTO USERDATA (user_id, location_id, photo_id, first_name, last_name, gender, birthday) values('45', '45', '45', 'Stanton', 'Hayes', 'm', TO_DATE('1977-10-28', 'yyyy-mm-dd'));
INSERT INTO ENDUSER (username, password, email) values('liana.kunde', 'VOMCYvq2ZA', 'liana.kunde@email.com');
INSERT INTO LOCATION (postcode, city, street, housenumber) values('03285-3447', 'Kennithmouth', 'Hegmann Lights', '71');
INSERT INTO PHOTOS (user_id, photo) values('46', 'deflt.jpg');
INSERT INTO USERDATA (user_id, location_id, photo_id, first_name, last_name, gender, birthday) values('46', '46', '46', 'Liana', 'Kunde', 'm', TO_DATE('1998-02-16', 'yyyy-mm-dd'));
INSERT INTO ENDUSER (username, password, email) values('leilani.stamm', 'Wy3QgCP5jv', 'leilani.stamm@email.com');
INSERT INTO LOCATION (postcode, city, street, housenumber) values('34010-1192', 'Lake Thurman', 'Forest Fort', '57');
INSERT INTO PHOTOS (user_id, photo) values('47', 'deflt.jpg');
INSERT INTO USERDATA (user_id, location_id, photo_id, first_name, last_name, gender, birthday) values('47', '47', '47', 'Leilani', 'Stamm', 'm', TO_DATE('1965-10-12', 'yyyy-mm-dd'));
INSERT INTO ENDUSER (username, password, email) values('clair.hintz', 'dmnCR9jsUg', 'clair.hintz@email.com');
INSERT INTO LOCATION (postcode, city, street, housenumber) values('86017-8151', 'Ollieberg', 'Goyette Crest', '71');
INSERT INTO PHOTOS (user_id, photo) values('48', 'deflt.jpg');
INSERT INTO USERDATA (user_id, location_id, photo_id, first_name, last_name, gender, birthday) values('48', '48', '48', 'Clair', 'Hintz', 'm', TO_DATE('1981-10-07', 'yyyy-mm-dd'));
INSERT INTO ENDUSER (username, password, email) values('boyce.johnston', 'vC5Q0iktFq', 'boyce.johnston@email.com');
INSERT INTO LOCATION (postcode, city, street, housenumber) values('12844-7746', 'West Felix', 'Kimberlee Shores', '95');
INSERT INTO PHOTOS (user_id, photo) values('49', 'deflt.jpg');
INSERT INTO USERDATA (user_id, location_id, photo_id, first_name, last_name, gender, birthday) values('49', '49', '49', 'Boyce', 'Johnston', 'm', TO_DATE('1971-04-27', 'yyyy-mm-dd'));
INSERT INTO ENDUSER (username, password, email) values('sean.torp', 'BH5suMOTvb', 'sean.torp@email.com');
INSERT INTO LOCATION (postcode, city, street, housenumber) values('16440-5574', 'West Carltonborough', 'Cruickshank Square', '47');
INSERT INTO PHOTOS (user_id, photo) values('50', 'deflt.jpg');
INSERT INTO USERDATA (user_id, location_id, photo_id, first_name, last_name, gender, birthday) values('50', '50', '50', 'Sean', 'Torp', 'f', TO_DATE('1960-03-31', 'yyyy-mm-dd'));
INSERT INTO ENDUSER (username, password, email) values('warren.gulgowski', 'NE5UOHet2z', 'warren.gulgowski@email.com');
INSERT INTO LOCATION (postcode, city, street, housenumber) values('45436', 'Faheymouth', 'Buddy Course', '24');
INSERT INTO PHOTOS (user_id, photo) values('51', 'deflt.jpg');
INSERT INTO USERDATA (user_id, location_id, photo_id, first_name, last_name, gender, birthday) values('51', '51', '51', 'Warren', 'Gulgowski', 'm', TO_DATE('1969-06-15', 'yyyy-mm-dd'));
INSERT INTO ENDUSER (username, password, email) values('oneida.feil', 'ITYs4vAh2y', 'oneida.feil@email.com');
INSERT INTO LOCATION (postcode, city, street, housenumber) values('12504-4057', 'Stiedemannbury', 'Milton Fork', '41');
INSERT INTO PHOTOS (user_id, photo) values('52', 'deflt.jpg');
INSERT INTO USERDATA (user_id, location_id, photo_id, first_name, last_name, gender, birthday) values('52', '52', '52', 'Oneida', 'Feil', 'f', TO_DATE('1997-09-03', 'yyyy-mm-dd'));
INSERT INTO ENDUSER (username, password, email) values('trey.leannon', '4Aqof56MHl', 'trey.leannon@email.com');
INSERT INTO LOCATION (postcode, city, street, housenumber) values('98245', 'Lake Marishaborough', 'Daniel Glen', '30');
INSERT INTO PHOTOS (user_id, photo) values('53', 'deflt.jpg');
INSERT INTO USERDATA (user_id, location_id, photo_id, first_name, last_name, gender, birthday) values('53', '53', '53', 'Trey', 'Leannon', 'f', TO_DATE('1993-10-13', 'yyyy-mm-dd'));
INSERT INTO ENDUSER (username, password, email) values('cheree.bartell', 'AylSRWqB0f', 'cheree.bartell@email.com');
INSERT INTO LOCATION (postcode, city, street, housenumber) values('20969-3989', 'New Emanuelport', 'Alfonso Burg', '55');
INSERT INTO PHOTOS (user_id, photo) values('54', 'deflt.jpg');
INSERT INTO USERDATA (user_id, location_id, photo_id, first_name, last_name, gender, birthday) values('54', '54', '54', 'Cheree', 'Bartell', 'm', TO_DATE('1972-09-29', 'yyyy-mm-dd'));
INSERT INTO ENDUSER (username, password, email) values('isreal.marquardt', 'HGm2EiB8oK', 'isreal.marquardt@email.com');
INSERT INTO LOCATION (postcode, city, street, housenumber) values('94875-0983', 'Carmenberg', 'Trinidad Junction', '99');
INSERT INTO PHOTOS (user_id, photo) values('55', 'deflt.jpg');
INSERT INTO USERDATA (user_id, location_id, photo_id, first_name, last_name, gender, birthday) values('55', '55', '55', 'Isreal', 'Marquardt', 'f', TO_DATE('1973-12-20', 'yyyy-mm-dd'));
INSERT INTO ENDUSER (username, password, email) values('daryl.lang', 'DLN6g2ipCz', 'daryl.lang@email.com');
INSERT INTO LOCATION (postcode, city, street, housenumber) values('34080-1313', 'Nadeneberg', 'Becker Springs', '85');
INSERT INTO PHOTOS (user_id, photo) values('56', 'deflt.jpg');
INSERT INTO USERDATA (user_id, location_id, photo_id, first_name, last_name, gender, birthday) values('56', '56', '56', 'Daryl', 'Lang', 'm', TO_DATE('1975-01-31', 'yyyy-mm-dd'));
INSERT INTO ENDUSER (username, password, email) values('torri.tremblay', 'fVsmcUqWxp', 'torri.tremblay@email.com');
INSERT INTO LOCATION (postcode, city, street, housenumber) values('70512-0270', 'East Conception', 'Daugherty Greens', '48');
INSERT INTO PHOTOS (user_id, photo) values('57', 'deflt.jpg');
INSERT INTO USERDATA (user_id, location_id, photo_id, first_name, last_name, gender, birthday) values('57', '57', '57', 'Torri', 'Tremblay', 'f', TO_DATE('1975-12-08', 'yyyy-mm-dd'));
INSERT INTO ENDUSER (username, password, email) values('leatrice.lowe', 'iuWl25Ykso', 'leatrice.lowe@email.com');
INSERT INTO LOCATION (postcode, city, street, housenumber) values('18488', 'Caylaport', 'Crona Route', '6');
INSERT INTO PHOTOS (user_id, photo) values('58', 'deflt.jpg');
INSERT INTO USERDATA (user_id, location_id, photo_id, first_name, last_name, gender, birthday) values('58', '58', '58', 'Leatrice', 'Lowe', 'm', TO_DATE('1961-08-09', 'yyyy-mm-dd'));
INSERT INTO ENDUSER (username, password, email) values('violet.mohr', 'GSUwf2HWjF', 'violet.mohr@email.com');
INSERT INTO LOCATION (postcode, city, street, housenumber) values('48884', 'Bauchshire', 'Neville Parkways', '80');
INSERT INTO PHOTOS (user_id, photo) values('59', 'deflt.jpg');
INSERT INTO USERDATA (user_id, location_id, photo_id, first_name, last_name, gender, birthday) values('59', '59', '59', 'Violet', 'Mohr', 'm', TO_DATE('1981-12-09', 'yyyy-mm-dd'));
INSERT INTO ENDUSER (username, password, email) values('mireille.schuppe', '2D7WPn3aN0', 'mireille.schuppe@email.com');
INSERT INTO LOCATION (postcode, city, street, housenumber) values('58818-5168', 'Nitzscheshire', 'Brianna Crescent', '31');
INSERT INTO PHOTOS (user_id, photo) values('60', 'deflt.jpg');
INSERT INTO USERDATA (user_id, location_id, photo_id, first_name, last_name, gender, birthday) values('60', '60', '60', 'Mireille', 'Schuppe', 'm', TO_DATE('1966-05-19', 'yyyy-mm-dd'));
INSERT INTO ENDUSER (username, password, email) values('brain.abbott', 'iBAFdwPWxU', 'brain.abbott@email.com');
INSERT INTO LOCATION (postcode, city, street, housenumber) values('05105', 'East Marylouisetown', 'Charis Terrace', '12');
INSERT INTO PHOTOS (user_id, photo) values('61', 'deflt.jpg');
INSERT INTO USERDATA (user_id, location_id, photo_id, first_name, last_name, gender, birthday) values('61', '61', '61', 'Brain', 'Abbott', 'f', TO_DATE('1971-08-19', 'yyyy-mm-dd'));
INSERT INTO ENDUSER (username, password, email) values('jessi.kunde', 'DbVlfjoJXr', 'jessi.kunde@email.com');
INSERT INTO LOCATION (postcode, city, street, housenumber) values('01826-2071', 'Walkerville', 'Callie Fall', '14');
INSERT INTO PHOTOS (user_id, photo) values('62', 'deflt.jpg');
INSERT INTO USERDATA (user_id, location_id, photo_id, first_name, last_name, gender, birthday) values('62', '62', '62', 'Jessi', 'Kunde', 'm', TO_DATE('1978-05-20', 'yyyy-mm-dd'));
INSERT INTO ENDUSER (username, password, email) values('emilio.wisoky', 'WJw5fUVKnq', 'emilio.wisoky@email.com');
INSERT INTO LOCATION (postcode, city, street, housenumber) values('25247', 'Port Emiko', 'Vivienne Isle', '96');
INSERT INTO PHOTOS (user_id, photo) values('63', 'deflt.jpg');
INSERT INTO USERDATA (user_id, location_id, photo_id, first_name, last_name, gender, birthday) values('63', '63', '63', 'Emilio', 'Wisoky', 'm', TO_DATE('1965-11-16', 'yyyy-mm-dd'));
INSERT INTO ENDUSER (username, password, email) values('delmar.hettinger', 'lWLeXaUkVy', 'delmar.hettinger@email.com');
INSERT INTO LOCATION (postcode, city, street, housenumber) values('81933-0782', 'East Drewland', 'Kiehn Trace', '83');
INSERT INTO PHOTOS (user_id, photo) values('64', 'deflt.jpg');
INSERT INTO USERDATA (user_id, location_id, photo_id, first_name, last_name, gender, birthday) values('64', '64', '64', 'Delmar', 'Hettinger', 'm', TO_DATE('1977-03-04', 'yyyy-mm-dd'));
INSERT INTO ENDUSER (username, password, email) values('fabiola.strosin', 'm9Mev2iJj7', 'fabiola.strosin@email.com');
INSERT INTO LOCATION (postcode, city, street, housenumber) values('81395-8353', 'Lynchmouth', 'Carroll Mews', '80');
INSERT INTO PHOTOS (user_id, photo) values('65', 'deflt.jpg');
INSERT INTO USERDATA (user_id, location_id, photo_id, first_name, last_name, gender, birthday) values('65', '65', '65', 'Fabiola', 'Strosin', 'm', TO_DATE('1967-02-20', 'yyyy-mm-dd'));
INSERT INTO ENDUSER (username, password, email) values('seth.reichert', '92KlQMYO1x', 'seth.reichert@email.com');
INSERT INTO LOCATION (postcode, city, street, housenumber) values('96758-2758', 'Littelstad', 'Rau Hills', '22');
INSERT INTO PHOTOS (user_id, photo) values('66', 'deflt.jpg');
INSERT INTO USERDATA (user_id, location_id, photo_id, first_name, last_name, gender, birthday) values('66', '66', '66', 'Seth', 'Reichert', 'f', TO_DATE('1976-09-08', 'yyyy-mm-dd'));
INSERT INTO ENDUSER (username, password, email) values('edgardo.gutkowski', 'lupeISvwO2', 'edgardo.gutkowski@email.com');
INSERT INTO LOCATION (postcode, city, street, housenumber) values('83481-7486', 'Lonland', 'Charley Isle', '99');
INSERT INTO PHOTOS (user_id, photo) values('67', 'deflt.jpg');
INSERT INTO USERDATA (user_id, location_id, photo_id, first_name, last_name, gender, birthday) values('67', '67', '67', 'Edgardo', 'Gutkowski', 'm', TO_DATE('1979-06-12', 'yyyy-mm-dd'));
INSERT INTO ENDUSER (username, password, email) values('bernarda.botsford', 'FIdem5hi6C', 'bernarda.botsford@email.com');
INSERT INTO LOCATION (postcode, city, street, housenumber) values('23434', 'Cronaborough', 'Cindy Ford', '38');
INSERT INTO PHOTOS (user_id, photo) values('68', 'deflt.jpg');
INSERT INTO USERDATA (user_id, location_id, photo_id, first_name, last_name, gender, birthday) values('68', '68', '68', 'Bernarda', 'Botsford', 'm', TO_DATE('1993-08-11', 'yyyy-mm-dd'));
INSERT INTO ENDUSER (username, password, email) values('basil.breitenberg', 'PivgYVspJL', 'basil.breitenberg@email.com');
INSERT INTO LOCATION (postcode, city, street, housenumber) values('79892', 'North Kerashire', 'Scotty Squares', '45');
INSERT INTO PHOTOS (user_id, photo) values('69', 'deflt.jpg');
INSERT INTO USERDATA (user_id, location_id, photo_id, first_name, last_name, gender, birthday) values('69', '69', '69', 'Basil', 'Breitenberg', 'm', TO_DATE('2001-02-08', 'yyyy-mm-dd'));
INSERT INTO ENDUSER (username, password, email) values('clemente.vonrueden', 'bpDdGzwZLn', 'clemente.vonrueden@email.com');
INSERT INTO LOCATION (postcode, city, street, housenumber) values('46248-8820', 'Beckerton', 'Machelle Key', '78');
INSERT INTO PHOTOS (user_id, photo) values('70', 'deflt.jpg');
INSERT INTO USERDATA (user_id, location_id, photo_id, first_name, last_name, gender, birthday) values('70', '70', '70', 'Clemente', 'VonRueden', 'm', TO_DATE('2003-06-25', 'yyyy-mm-dd'));
INSERT INTO ENDUSER (username, password, email) values('vincent.wiza', 'tGC9ykTr8I', 'vincent.wiza@email.com');
INSERT INTO LOCATION (postcode, city, street, housenumber) values('58016', 'Port Jenninetown', 'Vince Branch', '83');
INSERT INTO PHOTOS (user_id, photo) values('71', 'deflt.jpg');
INSERT INTO USERDATA (user_id, location_id, photo_id, first_name, last_name, gender, birthday) values('71', '71', '71', 'Vincent', 'Wiza', 'f', TO_DATE('1975-06-08', 'yyyy-mm-dd'));
INSERT INTO ENDUSER (username, password, email) values('hang.wyman', 'uKaQUNT2Vh', 'hang.wyman@email.com');
INSERT INTO LOCATION (postcode, city, street, housenumber) values('82750-6842', 'New Jaclynberg', 'Mayert Plains', '70');
INSERT INTO PHOTOS (user_id, photo) values('72', 'deflt.jpg');
INSERT INTO USERDATA (user_id, location_id, photo_id, first_name, last_name, gender, birthday) values('72', '72', '72', 'Hang', 'Wyman', 'm', TO_DATE('1972-02-06', 'yyyy-mm-dd'));
INSERT INTO ENDUSER (username, password, email) values('scottie.blick', 'yXEm6oNaZK', 'scottie.blick@email.com');
INSERT INTO LOCATION (postcode, city, street, housenumber) values('83083', 'Nathanielville', 'Olson Road', '68');
INSERT INTO PHOTOS (user_id, photo) values('73', 'deflt.jpg');
INSERT INTO USERDATA (user_id, location_id, photo_id, first_name, last_name, gender, birthday) values('73', '73', '73', 'Scottie', 'Blick', 'f', TO_DATE('1988-09-20', 'yyyy-mm-dd'));
INSERT INTO ENDUSER (username, password, email) values('edwardo.breitenberg', '8camiOPuye', 'edwardo.breitenberg@email.com');
INSERT INTO LOCATION (postcode, city, street, housenumber) values('30450-2912', 'Kuhnchester', 'Darron Parks', '12');
INSERT INTO PHOTOS (user_id, photo) values('74', 'deflt.jpg');
INSERT INTO USERDATA (user_id, location_id, photo_id, first_name, last_name, gender, birthday) values('74', '74', '74', 'Edwardo', 'Breitenberg', 'f', TO_DATE('1997-11-11', 'yyyy-mm-dd'));
INSERT INTO ENDUSER (username, password, email) values('corrina.sauer', 'qRCTpX3JQ7', 'corrina.sauer@email.com');
INSERT INTO LOCATION (postcode, city, street, housenumber) values('00081-6965', 'East Sethtown', 'Bednar Run', '49');
INSERT INTO PHOTOS (user_id, photo) values('75', 'deflt.jpg');
INSERT INTO USERDATA (user_id, location_id, photo_id, first_name, last_name, gender, birthday) values('75', '75', '75', 'Corrina', 'Sauer', 'f', TO_DATE('1966-10-15', 'yyyy-mm-dd'));
INSERT INTO ENDUSER (username, password, email) values('adela.mertz', '9pblLhvR15', 'adela.mertz@email.com');
INSERT INTO LOCATION (postcode, city, street, housenumber) values('30956', 'South Kendall', 'O_Connell Villages', '15');
INSERT INTO PHOTOS (user_id, photo) values('76', 'deflt.jpg');
INSERT INTO USERDATA (user_id, location_id, photo_id, first_name, last_name, gender, birthday) values('76', '76', '76', 'Adela', 'Mertz', 'f', TO_DATE('2001-07-03', 'yyyy-mm-dd'));
INSERT INTO ENDUSER (username, password, email) values('carlie.denesik', 'i06mUtJd3w', 'carlie.denesik@email.com');
INSERT INTO LOCATION (postcode, city, street, housenumber) values('71853-2436', 'Silasside', 'Ruby Islands', '21');
INSERT INTO PHOTOS (user_id, photo) values('77', 'deflt.jpg');
INSERT INTO USERDATA (user_id, location_id, photo_id, first_name, last_name, gender, birthday) values('77', '77', '77', 'Carlie', 'Denesik', 'm', TO_DATE('1957-07-22', 'yyyy-mm-dd'));
INSERT INTO ENDUSER (username, password, email) values('rosaura.pacocha', 'GmHu4gV5Ry', 'rosaura.pacocha@email.com');
INSERT INTO LOCATION (postcode, city, street, housenumber) values('53877-7512', 'Johnstontown', 'Lockman Ways', '51');
INSERT INTO PHOTOS (user_id, photo) values('78', 'deflt.jpg');
INSERT INTO USERDATA (user_id, location_id, photo_id, first_name, last_name, gender, birthday) values('78', '78', '78', 'Rosaura', 'Pacocha', 'f', TO_DATE('1977-03-11', 'yyyy-mm-dd'));
INSERT INTO ENDUSER (username, password, email) values('carmine.zieme', 'yiO6cKhVnx', 'carmine.zieme@email.com');
INSERT INTO LOCATION (postcode, city, street, housenumber) values('09771', 'West Vanna', 'Predovic Lodge', '56');
INSERT INTO PHOTOS (user_id, photo) values('79', 'deflt.jpg');
INSERT INTO USERDATA (user_id, location_id, photo_id, first_name, last_name, gender, birthday) values('79', '79', '79', 'Carmine', 'Zieme', 'm', TO_DATE('1978-01-02', 'yyyy-mm-dd'));
INSERT INTO ENDUSER (username, password, email) values('landon.schultz', 'm6bdKoi9a5', 'landon.schultz@email.com');
INSERT INTO LOCATION (postcode, city, street, housenumber) values('96334', 'Daughertyland', 'Shanahan Ports', '91');
INSERT INTO PHOTOS (user_id, photo) values('80', 'deflt.jpg');
INSERT INTO USERDATA (user_id, location_id, photo_id, first_name, last_name, gender, birthday) values('80', '80', '80', 'Landon', 'Schultz', 'f', TO_DATE('2003-05-26', 'yyyy-mm-dd'));
INSERT INTO ENDUSER (username, password, email) values('marine.monahan', 'QmaDOvqhYB', 'marine.monahan@email.com');
INSERT INTO LOCATION (postcode, city, street, housenumber) values('24652-0167', 'Filibertoshire', 'Morissette Roads', '98');
INSERT INTO PHOTOS (user_id, photo) values('81', 'deflt.jpg');
INSERT INTO USERDATA (user_id, location_id, photo_id, first_name, last_name, gender, birthday) values('81', '81', '81', 'Marine', 'Monahan', 'm', TO_DATE('1998-10-16', 'yyyy-mm-dd'));
INSERT INTO ENDUSER (username, password, email) values('cletus.kertzmann', 'pSZqOrduK5', 'cletus.kertzmann@email.com');
INSERT INTO LOCATION (postcode, city, street, housenumber) values('41035', 'Dooleymouth', 'Russel Pike', '55');
INSERT INTO PHOTOS (user_id, photo) values('82', 'deflt.jpg');
INSERT INTO USERDATA (user_id, location_id, photo_id, first_name, last_name, gender, birthday) values('82', '82', '82', 'Cletus', 'Kertzmann', 'm', TO_DATE('1977-02-01', 'yyyy-mm-dd'));
INSERT INTO ENDUSER (username, password, email) values('claude.prohaska', 'esD1TAB2dp', 'claude.prohaska@email.com');
INSERT INTO LOCATION (postcode, city, street, housenumber) values('04928-3443', 'Kipborough', 'Lind Grove', '2');
INSERT INTO PHOTOS (user_id, photo) values('83', 'deflt.jpg');
INSERT INTO USERDATA (user_id, location_id, photo_id, first_name, last_name, gender, birthday) values('83', '83', '83', 'Claude', 'Prohaska', 'f', TO_DATE('1972-09-22', 'yyyy-mm-dd'));
INSERT INTO ENDUSER (username, password, email) values('anika.kovacek', 'Yy6CbSk4wE', 'anika.kovacek@email.com');
INSERT INTO LOCATION (postcode, city, street, housenumber) values('06554', 'Port Anton', 'Schulist Plains', '5');
INSERT INTO PHOTOS (user_id, photo) values('84', 'deflt.jpg');
INSERT INTO USERDATA (user_id, location_id, photo_id, first_name, last_name, gender, birthday) values('84', '84', '84', 'Anika', 'Kovacek', 'm', TO_DATE('1998-08-27', 'yyyy-mm-dd'));
INSERT INTO ENDUSER (username, password, email) values('porter.padberg', 'YeLhFc0mTV', 'porter.padberg@email.com');
INSERT INTO LOCATION (postcode, city, street, housenumber) values('37994', 'Cummingsville', 'Schuppe Green', '58');
INSERT INTO PHOTOS (user_id, photo) values('85', 'deflt.jpg');
INSERT INTO USERDATA (user_id, location_id, photo_id, first_name, last_name, gender, birthday) values('85', '85', '85', 'Porter', 'Padberg', 'f', TO_DATE('1983-09-01', 'yyyy-mm-dd'));
INSERT INTO ENDUSER (username, password, email) values('nickolas.rogahn', 'xLaIcD64Pe', 'nickolas.rogahn@email.com');
INSERT INTO LOCATION (postcode, city, street, housenumber) values('53478', 'Bergeton', 'Minh Road', '70');
INSERT INTO PHOTOS (user_id, photo) values('86', 'deflt.jpg');
INSERT INTO USERDATA (user_id, location_id, photo_id, first_name, last_name, gender, birthday) values('86', '86', '86', 'Nickolas', 'Rogahn', 'm', TO_DATE('1961-08-02', 'yyyy-mm-dd'));
INSERT INTO ENDUSER (username, password, email) values('efren.zulauf', 'qzy0MoRFDN', 'efren.zulauf@email.com');
INSERT INTO LOCATION (postcode, city, street, housenumber) values('24678', 'Fritschside', 'Loyd Rapid', '44');
INSERT INTO PHOTOS (user_id, photo) values('87', 'deflt.jpg');
INSERT INTO USERDATA (user_id, location_id, photo_id, first_name, last_name, gender, birthday) values('87', '87', '87', 'Efren', 'Zulauf', 'f', TO_DATE('1979-09-23', 'yyyy-mm-dd'));
INSERT INTO ENDUSER (username, password, email) values('adelaide.bartell', 'VxHSIb5MJ9', 'adelaide.bartell@email.com');
INSERT INTO LOCATION (postcode, city, street, housenumber) values('39970-1802', 'Lonniefort', 'Parker Shores', '45');
INSERT INTO PHOTOS (user_id, photo) values('88', 'deflt.jpg');
INSERT INTO USERDATA (user_id, location_id, photo_id, first_name, last_name, gender, birthday) values('88', '88', '88', 'Adelaide', 'Bartell', 'f', TO_DATE('1976-08-17', 'yyyy-mm-dd'));
INSERT INTO ENDUSER (username, password, email) values('mitch.moore', 'ThGQnfcmJR', 'mitch.moore@email.com');
INSERT INTO LOCATION (postcode, city, street, housenumber) values('13825', 'West Vanettaberg', 'Delmar Drive', '52');
INSERT INTO PHOTOS (user_id, photo) values('89', 'deflt.jpg');
INSERT INTO USERDATA (user_id, location_id, photo_id, first_name, last_name, gender, birthday) values('89', '89', '89', 'Mitch', 'Moore', 'f', TO_DATE('1979-05-19', 'yyyy-mm-dd'));
INSERT INTO ENDUSER (username, password, email) values('federico.deckow', 'y9IeO0V1zJ', 'federico.deckow@email.com');
INSERT INTO LOCATION (postcode, city, street, housenumber) values('28716-4605', 'Runteborough', 'Smith Rest', '25');
INSERT INTO PHOTOS (user_id, photo) values('90', 'deflt.jpg');
INSERT INTO USERDATA (user_id, location_id, photo_id, first_name, last_name, gender, birthday) values('90', '90', '90', 'Federico', 'Deckow', 'm', TO_DATE('1980-10-09', 'yyyy-mm-dd'));
INSERT INTO ENDUSER (username, password, email) values('mirta.fahey', 'mQY0rpuHTS', 'mirta.fahey@email.com');
INSERT INTO LOCATION (postcode, city, street, housenumber) values('52839-9720', 'Diannaview', 'Bogan Pine', '35');
INSERT INTO PHOTOS (user_id, photo) values('91', 'deflt.jpg');
INSERT INTO USERDATA (user_id, location_id, photo_id, first_name, last_name, gender, birthday) values('91', '91', '91', 'Mirta', 'Fahey', 'm', TO_DATE('1960-09-21', 'yyyy-mm-dd'));
INSERT INTO ENDUSER (username, password, email) values('tabatha.hoeger', '8LEulToiZB', 'tabatha.hoeger@email.com');
INSERT INTO LOCATION (postcode, city, street, housenumber) values('35636', 'Markettabury', 'Rice Mews', '16');
INSERT INTO PHOTOS (user_id, photo) values('92', 'deflt.jpg');
INSERT INTO USERDATA (user_id, location_id, photo_id, first_name, last_name, gender, birthday) values('92', '92', '92', 'Tabatha', 'Hoeger', 'm', TO_DATE('1995-05-16', 'yyyy-mm-dd'));
INSERT INTO ENDUSER (username, password, email) values('daysi.jacobson', 'LxpiboNTdH', 'daysi.jacobson@email.com');
INSERT INTO LOCATION (postcode, city, street, housenumber) values('04251', 'Mistiburgh', 'Trudy Loaf', '89');
INSERT INTO PHOTOS (user_id, photo) values('93', 'deflt.jpg');
INSERT INTO USERDATA (user_id, location_id, photo_id, first_name, last_name, gender, birthday) values('93', '93', '93', 'Daysi', 'Jacobson', 'f', TO_DATE('1970-05-17', 'yyyy-mm-dd'));
INSERT INTO ENDUSER (username, password, email) values('allan.wilderman', 'mJl4EPCzbx', 'allan.wilderman@email.com');
INSERT INTO LOCATION (postcode, city, street, housenumber) values('85395-5714', 'Wymanland', 'Johnnie Heights', '100');
INSERT INTO PHOTOS (user_id, photo) values('94', 'deflt.jpg');
INSERT INTO USERDATA (user_id, location_id, photo_id, first_name, last_name, gender, birthday) values('94', '94', '94', 'Allan', 'Wilderman', 'f', TO_DATE('1980-02-19', 'yyyy-mm-dd'));
INSERT INTO ENDUSER (username, password, email) values('illa.conn', 'znT7loZL96', 'illa.conn@email.com');
INSERT INTO LOCATION (postcode, city, street, housenumber) values('17980', 'Hahnfurt', 'Brittaney Tunnel', '28');
INSERT INTO PHOTOS (user_id, photo) values('95', 'deflt.jpg');
INSERT INTO USERDATA (user_id, location_id, photo_id, first_name, last_name, gender, birthday) values('95', '95', '95', 'Illa', 'Conn', 'm', TO_DATE('1977-05-07', 'yyyy-mm-dd'));
INSERT INTO ENDUSER (username, password, email) values('kristi.hyatt', '0jOGa4tRI7', 'kristi.hyatt@email.com');
INSERT INTO LOCATION (postcode, city, street, housenumber) values('44368-0477', 'East Zenobiatown', 'Eduardo Grove', '31');
INSERT INTO PHOTOS (user_id, photo) values('96', 'deflt.jpg');
INSERT INTO USERDATA (user_id, location_id, photo_id, first_name, last_name, gender, birthday) values('96', '96', '96', 'Kristi', 'Hyatt', 'm', TO_DATE('1973-12-13', 'yyyy-mm-dd'));
INSERT INTO ENDUSER (username, password, email) values('kendrick.torphy', 'wBGTLK91vI', 'kendrick.torphy@email.com');
INSERT INTO LOCATION (postcode, city, street, housenumber) values('34965-2808', 'South Tori', 'Becker Tunnel', '91');
INSERT INTO PHOTOS (user_id, photo) values('97', 'deflt.jpg');
INSERT INTO USERDATA (user_id, location_id, photo_id, first_name, last_name, gender, birthday) values('97', '97', '97', 'Kendrick', 'Torphy', 'f', TO_DATE('1981-02-12', 'yyyy-mm-dd'));
INSERT INTO ENDUSER (username, password, email) values('lester.batz', 'LeBdnigcIM', 'lester.batz@email.com');
INSERT INTO LOCATION (postcode, city, street, housenumber) values('62868', 'Waltonstad', 'Gusikowski Pike', '57');
INSERT INTO PHOTOS (user_id, photo) values('98', 'deflt.jpg');
INSERT INTO USERDATA (user_id, location_id, photo_id, first_name, last_name, gender, birthday) values('98', '98', '98', 'Lester', 'Batz', 'm', TO_DATE('1993-02-07', 'yyyy-mm-dd'));
INSERT INTO ENDUSER (username, password, email) values('jeanett.mitchell', 'nsLoSa78fm', 'jeanett.mitchell@email.com');
INSERT INTO LOCATION (postcode, city, street, housenumber) values('83373', 'Gaylordchester', 'Kertzmann Passage', '46');
INSERT INTO PHOTOS (user_id, photo) values('99', 'deflt.jpg');
INSERT INTO USERDATA (user_id, location_id, photo_id, first_name, last_name, gender, birthday) values('99', '99', '99', 'Jeanett', 'Mitchell', 'm', TO_DATE('1966-07-03', 'yyyy-mm-dd'));
INSERT INTO ENDUSER (username, password, email) values('wonda.daniel', 'xZwkoIXEYy', 'wonda.daniel@email.com');
INSERT INTO LOCATION (postcode, city, street, housenumber) values('40552', 'Katieborough', 'Jarod Stream', '30');
INSERT INTO PHOTOS (user_id, photo) values('100', 'deflt.jpg');
INSERT INTO USERDATA (user_id, location_id, photo_id, first_name, last_name, gender, birthday) values('100', '100', '100', 'Wonda', 'Daniel', 'm', TO_DATE('1983-03-17', 'yyyy-mm-dd'));
INSERT INTO ENDUSER (username, password, email) values('cody.purdy', '4NDeBRblJQ', 'cody.purdy@email.com');
INSERT INTO LOCATION (postcode, city, street, housenumber) values('14010-2042', 'Alysabury', 'Leannon Row', '21');
INSERT INTO PHOTOS (user_id, photo) values('101', 'deflt.jpg');
INSERT INTO USERDATA (user_id, location_id, photo_id, first_name, last_name, gender, birthday) values('101', '101', '101', 'Cody', 'Purdy', 'm', TO_DATE('1965-05-04', 'yyyy-mm-dd'));
INSERT INTO ENDUSER (username, password, email) values('danny.bednar', 'TFvBc2AbsN', 'danny.bednar@email.com');
INSERT INTO LOCATION (postcode, city, street, housenumber) values('93585-4957', 'Thielshire', 'Graham Squares', '80');
INSERT INTO PHOTOS (user_id, photo) values('102', 'deflt.jpg');
INSERT INTO USERDATA (user_id, location_id, photo_id, first_name, last_name, gender, birthday) values('102', '102', '102', 'Danny', 'Bednar', 'm', TO_DATE('1995-05-26', 'yyyy-mm-dd'));
INSERT INTO ENDUSER (username, password, email) values('carter.roberts', 'WV7B84ZCKa', 'carter.roberts@email.com');
INSERT INTO LOCATION (postcode, city, street, housenumber) values('83103', 'Krystynahaven', 'Beer Knoll', '37');
INSERT INTO PHOTOS (user_id, photo) values('103', 'deflt.jpg');
INSERT INTO USERDATA (user_id, location_id, photo_id, first_name, last_name, gender, birthday) values('103', '103', '103', 'Carter', 'Roberts', 'm', TO_DATE('1993-02-27', 'yyyy-mm-dd'));
INSERT INTO ENDUSER (username, password, email) values('rebbecca.shanahan', 'w0NhoRUP41', 'rebbecca.shanahan@email.com');
INSERT INTO LOCATION (postcode, city, street, housenumber) values('36698', 'South Sherita', 'Terese Walk', '72');
INSERT INTO PHOTOS (user_id, photo) values('104', 'deflt.jpg');
INSERT INTO USERDATA (user_id, location_id, photo_id, first_name, last_name, gender, birthday) values('104', '104', '104', 'Rebbecca', 'Shanahan', 'f', TO_DATE('1976-02-02', 'yyyy-mm-dd'));
INSERT INTO ENDUSER (username, password, email) values('francisco.schamberger', 'IlreajnMD4', 'francisco.schamberger@email.com');
INSERT INTO LOCATION (postcode, city, street, housenumber) values('26997-8990', 'West Selinaborough', 'Harris Turnpike', '12');
INSERT INTO PHOTOS (user_id, photo) values('105', 'deflt.jpg');
INSERT INTO USERDATA (user_id, location_id, photo_id, first_name, last_name, gender, birthday) values('105', '105', '105', 'Francisco', 'Schamberger', 'm', TO_DATE('1975-05-11', 'yyyy-mm-dd'));
INSERT INTO ENDUSER (username, password, email) values('kina.treutel', 'zOPol8nq5t', 'kina.treutel@email.com');
INSERT INTO LOCATION (postcode, city, street, housenumber) values('93722-6858', 'North Santohaven', 'Bergstrom Harbor', '64');
INSERT INTO PHOTOS (user_id, photo) values('106', 'deflt.jpg');
INSERT INTO USERDATA (user_id, location_id, photo_id, first_name, last_name, gender, birthday) values('106', '106', '106', 'Kina', 'Treutel', 'm', TO_DATE('1970-04-22', 'yyyy-mm-dd'));
INSERT INTO ENDUSER (username, password, email) values('xiao.schulist', '84NDTFLKkR', 'xiao.schulist@email.com');
INSERT INTO LOCATION (postcode, city, street, housenumber) values('27350-1329', 'New Laverneland', 'Lemke Mount', '44');
INSERT INTO PHOTOS (user_id, photo) values('107', 'deflt.jpg');
INSERT INTO USERDATA (user_id, location_id, photo_id, first_name, last_name, gender, birthday) values('107', '107', '107', 'Xiao', 'Schulist', 'f', TO_DATE('1959-08-12', 'yyyy-mm-dd'));
INSERT INTO ENDUSER (username, password, email) values('bradford.gutmann', '6dD7L4Cue0', 'bradford.gutmann@email.com');
INSERT INTO LOCATION (postcode, city, street, housenumber) values('84736', 'West Clyde', 'Art Hollow', '22');
INSERT INTO PHOTOS (user_id, photo) values('108', 'deflt.jpg');
INSERT INTO USERDATA (user_id, location_id, photo_id, first_name, last_name, gender, birthday) values('108', '108', '108', 'Bradford', 'Gutmann', 'm', TO_DATE('1980-12-20', 'yyyy-mm-dd'));
INSERT INTO ENDUSER (username, password, email) values('minerva.feest', 'E23svTXnA4', 'minerva.feest@email.com');
INSERT INTO LOCATION (postcode, city, street, housenumber) values('83591', 'Effertzchester', 'Yost Pike', '23');
INSERT INTO PHOTOS (user_id, photo) values('109', 'deflt.jpg');
INSERT INTO USERDATA (user_id, location_id, photo_id, first_name, last_name, gender, birthday) values('109', '109', '109', 'Minerva', 'Feest', 'm', TO_DATE('1992-11-08', 'yyyy-mm-dd'));
INSERT INTO ENDUSER (username, password, email) values('clyde.schneider', 'SOxfrNmLRD', 'clyde.schneider@email.com');
INSERT INTO LOCATION (postcode, city, street, housenumber) values('93200-2570', 'New Vinitaburgh', 'Baumbach Springs', '88');
INSERT INTO PHOTOS (user_id, photo) values('110', 'deflt.jpg');
INSERT INTO USERDATA (user_id, location_id, photo_id, first_name, last_name, gender, birthday) values('110', '110', '110', 'Clyde', 'Schneider', 'f', TO_DATE('1958-08-24', 'yyyy-mm-dd'));
INSERT INTO ENDUSER (username, password, email) values('damion.baumbach', 'rYpLWt4vbd', 'damion.baumbach@email.com');
INSERT INTO LOCATION (postcode, city, street, housenumber) values('42896-5839', 'Gleasonshire', 'Schinner Mountain', '22');
INSERT INTO PHOTOS (user_id, photo) values('111', 'deflt.jpg');
INSERT INTO USERDATA (user_id, location_id, photo_id, first_name, last_name, gender, birthday) values('111', '111', '111', 'Damion', 'Baumbach', 'm', TO_DATE('2001-09-26', 'yyyy-mm-dd'));
INSERT INTO ENDUSER (username, password, email) values('greg.ledner', 'bPW4xigoQ6', 'greg.ledner@email.com');
INSERT INTO LOCATION (postcode, city, street, housenumber) values('19653-4740', 'Kreigerchester', 'Melvin Well', '97');
INSERT INTO PHOTOS (user_id, photo) values('112', 'deflt.jpg');
INSERT INTO USERDATA (user_id, location_id, photo_id, first_name, last_name, gender, birthday) values('112', '112', '112', 'Greg', 'Ledner', 'm', TO_DATE('1983-05-28', 'yyyy-mm-dd'));
INSERT INTO ENDUSER (username, password, email) values('joleen.corkery', 'qZmhVl5g1i', 'joleen.corkery@email.com');
INSERT INTO LOCATION (postcode, city, street, housenumber) values('36003', 'West Altonville', 'Gerlach Road', '79');
INSERT INTO PHOTOS (user_id, photo) values('113', 'deflt.jpg');
INSERT INTO USERDATA (user_id, location_id, photo_id, first_name, last_name, gender, birthday) values('113', '113', '113', 'Joleen', 'Corkery', 'm', TO_DATE('1980-03-26', 'yyyy-mm-dd'));
INSERT INTO ENDUSER (username, password, email) values('rupert.kirlin', 'ngIizTJCle', 'rupert.kirlin@email.com');
INSERT INTO LOCATION (postcode, city, street, housenumber) values('16954', 'West Pasquale', 'Janel Pike', '74');
INSERT INTO PHOTOS (user_id, photo) values('114', 'deflt.jpg');
INSERT INTO USERDATA (user_id, location_id, photo_id, first_name, last_name, gender, birthday) values('114', '114', '114', 'Rupert', 'Kirlin', 'm', TO_DATE('1957-10-10', 'yyyy-mm-dd'));
INSERT INTO ENDUSER (username, password, email) values('jestine.kshlerin', 'JLHQ6vnNyW', 'jestine.kshlerin@email.com');
INSERT INTO LOCATION (postcode, city, street, housenumber) values('09768-5512', 'Port Joefurt', 'Christiansen Points', '7');
INSERT INTO PHOTOS (user_id, photo) values('115', 'deflt.jpg');
INSERT INTO USERDATA (user_id, location_id, photo_id, first_name, last_name, gender, birthday) values('115', '115', '115', 'Jestine', 'Kshlerin', 'm', TO_DATE('2000-05-31', 'yyyy-mm-dd'));
INSERT INTO ENDUSER (username, password, email) values('damon.zboncak', 'TQCql95GpX', 'damon.zboncak@email.com');
INSERT INTO LOCATION (postcode, city, street, housenumber) values('69177-1989', 'Carafurt', 'Schroeder Avenue', '61');
INSERT INTO PHOTOS (user_id, photo) values('116', 'deflt.jpg');
INSERT INTO USERDATA (user_id, location_id, photo_id, first_name, last_name, gender, birthday) values('116', '116', '116', 'Damon', 'Zboncak', 'm', TO_DATE('1997-10-29', 'yyyy-mm-dd'));
INSERT INTO ENDUSER (username, password, email) values('frank.raynor', 'TH3QqLRyZV', 'frank.raynor@email.com');
INSERT INTO LOCATION (postcode, city, street, housenumber) values('95467', 'South Leontine', 'Bayer Keys', '65');
INSERT INTO PHOTOS (user_id, photo) values('117', 'deflt.jpg');
INSERT INTO USERDATA (user_id, location_id, photo_id, first_name, last_name, gender, birthday) values('117', '117', '117', 'Frank', 'Raynor', 'm', TO_DATE('1977-06-26', 'yyyy-mm-dd'));
INSERT INTO ENDUSER (username, password, email) values('burt.dickens', 'VlJiD2v763', 'burt.dickens@email.com');
INSERT INTO LOCATION (postcode, city, street, housenumber) values('74248', 'Elijahton', 'D_Amore Trace', '14');
INSERT INTO PHOTOS (user_id, photo) values('118', 'deflt.jpg');
INSERT INTO USERDATA (user_id, location_id, photo_id, first_name, last_name, gender, birthday) values('118', '118', '118', 'Burt', 'Dickens', 'm', TO_DATE('1981-04-21', 'yyyy-mm-dd'));
INSERT INTO ENDUSER (username, password, email) values('oliver.windler', 'f4zoIptvLV', 'oliver.windler@email.com');
INSERT INTO LOCATION (postcode, city, street, housenumber) values('01888', 'Waltonside', 'Kunde Centers', '15');
INSERT INTO PHOTOS (user_id, photo) values('119', 'deflt.jpg');
INSERT INTO USERDATA (user_id, location_id, photo_id, first_name, last_name, gender, birthday) values('119', '119', '119', 'Oliver', 'Windler', 'f', TO_DATE('1975-02-21', 'yyyy-mm-dd'));
INSERT INTO ENDUSER (username, password, email) values('vonnie.herman', 'S6NMDHzLsY', 'vonnie.herman@email.com');
INSERT INTO LOCATION (postcode, city, street, housenumber) values('84179-7037', 'Brycemouth', 'Chu Dale', '41');
INSERT INTO PHOTOS (user_id, photo) values('120', 'deflt.jpg');
INSERT INTO USERDATA (user_id, location_id, photo_id, first_name, last_name, gender, birthday) values('120', '120', '120', 'Vonnie', 'Herman', 'm', TO_DATE('1984-09-05', 'yyyy-mm-dd'));
INSERT INTO ENDUSER (username, password, email) values('ursula.reichert', 'bIuWraO3iB', 'ursula.reichert@email.com');
INSERT INTO LOCATION (postcode, city, street, housenumber) values('02486', 'Elveraberg', 'Nienow Rue', '49');
INSERT INTO PHOTOS (user_id, photo) values('121', 'deflt.jpg');
INSERT INTO USERDATA (user_id, location_id, photo_id, first_name, last_name, gender, birthday) values('121', '121', '121', 'Ursula', 'Reichert', 'm', TO_DATE('2002-08-15', 'yyyy-mm-dd'));
INSERT INTO ENDUSER (username, password, email) values('juliana.bergnaum', 'ozI2JG7a8F', 'juliana.bergnaum@email.com');
INSERT INTO LOCATION (postcode, city, street, housenumber) values('79916-2325', 'West Cassondrabury', 'Ken Fort', '85');
INSERT INTO PHOTOS (user_id, photo) values('122', 'deflt.jpg');
INSERT INTO USERDATA (user_id, location_id, photo_id, first_name, last_name, gender, birthday) values('122', '122', '122', 'Juliana', 'Bergnaum', 'm', TO_DATE('1987-07-26', 'yyyy-mm-dd'));
INSERT INTO ENDUSER (username, password, email) values('theresia.dibbert', 'Q68PCxvGgL', 'theresia.dibbert@email.com');
INSERT INTO LOCATION (postcode, city, street, housenumber) values('33894', 'Lake Kristopherchester', 'Raymundo Stravenue', '39');
INSERT INTO PHOTOS (user_id, photo) values('123', 'deflt.jpg');
INSERT INTO USERDATA (user_id, location_id, photo_id, first_name, last_name, gender, birthday) values('123', '123', '123', 'Theresia', 'Dibbert', 'm', TO_DATE('1991-06-25', 'yyyy-mm-dd'));
INSERT INTO ENDUSER (username, password, email) values('carter.keebler', 'TGqJH318Mh', 'carter.keebler@email.com');
INSERT INTO LOCATION (postcode, city, street, housenumber) values('57159', 'Torphyville', 'Eryn Corners', '85');
INSERT INTO PHOTOS (user_id, photo) values('124', 'deflt.jpg');
INSERT INTO USERDATA (user_id, location_id, photo_id, first_name, last_name, gender, birthday) values('124', '124', '124', 'Carter', 'Keebler', 'm', TO_DATE('1958-11-29', 'yyyy-mm-dd'));
INSERT INTO ENDUSER (username, password, email) values('devin.powlowski', '08gqeKHU5p', 'devin.powlowski@email.com');
INSERT INTO LOCATION (postcode, city, street, housenumber) values('03830', 'Boyerfort', 'Morton Fort', '57');
INSERT INTO PHOTOS (user_id, photo) values('125', 'deflt.jpg');
INSERT INTO USERDATA (user_id, location_id, photo_id, first_name, last_name, gender, birthday) values('125', '125', '125', 'Devin', 'Powlowski', 'm', TO_DATE('1959-02-14', 'yyyy-mm-dd'));
INSERT INTO ENDUSER (username, password, email) values('suzann.hodkiewicz', 'MLCjRGnJyf', 'suzann.hodkiewicz@email.com');
INSERT INTO LOCATION (postcode, city, street, housenumber) values('42330-1999', 'West Jeanville', 'Trish Tunnel', '63');
INSERT INTO PHOTOS (user_id, photo) values('126', 'deflt.jpg');
INSERT INTO USERDATA (user_id, location_id, photo_id, first_name, last_name, gender, birthday) values('126', '126', '126', 'Suzann', 'Hodkiewicz', 'f', TO_DATE('1993-09-30', 'yyyy-mm-dd'));
INSERT INTO ENDUSER (username, password, email) values('horace.ebert', '7daC4AJfRX', 'horace.ebert@email.com');
INSERT INTO LOCATION (postcode, city, street, housenumber) values('03633-4092', 'Hoppeside', 'Kirk Dale', '73');
INSERT INTO PHOTOS (user_id, photo) values('127', 'deflt.jpg');
INSERT INTO USERDATA (user_id, location_id, photo_id, first_name, last_name, gender, birthday) values('127', '127', '127', 'Horace', 'Ebert', 'f', TO_DATE('2000-08-16', 'yyyy-mm-dd'));
INSERT INTO ENDUSER (username, password, email) values('verdie.o_keefe', 'D8NCwPc5ne', 'verdie.o_keefe@email.com');
INSERT INTO LOCATION (postcode, city, street, housenumber) values('56670', 'Port Marceloton', 'Milan Dam', '34');
INSERT INTO PHOTOS (user_id, photo) values('128', 'deflt.jpg');
INSERT INTO USERDATA (user_id, location_id, photo_id, first_name, last_name, gender, birthday) values('128', '128', '128', 'Verdie', 'O_Keefe', 'm', TO_DATE('2002-11-14', 'yyyy-mm-dd'));
INSERT INTO ENDUSER (username, password, email) values('cruz.leannon', '6kIoiDJLNl', 'cruz.leannon@email.com');
INSERT INTO LOCATION (postcode, city, street, housenumber) values('23150', 'Lake Madeleinestad', 'Yuriko Parkway', '85');
INSERT INTO PHOTOS (user_id, photo) values('129', 'deflt.jpg');
INSERT INTO USERDATA (user_id, location_id, photo_id, first_name, last_name, gender, birthday) values('129', '129', '129', 'Cruz', 'Leannon', 'f', TO_DATE('1995-01-07', 'yyyy-mm-dd'));
INSERT INTO ENDUSER (username, password, email) values('peggie.little', 'rOz6Wk4Djp', 'peggie.little@email.com');
INSERT INTO LOCATION (postcode, city, street, housenumber) values('02481', 'West Lanniebury', 'Janie Court', '54');
INSERT INTO PHOTOS (user_id, photo) values('130', 'deflt.jpg');
INSERT INTO USERDATA (user_id, location_id, photo_id, first_name, last_name, gender, birthday) values('130', '130', '130', 'Peggie', 'Little', 'm', TO_DATE('1964-03-26', 'yyyy-mm-dd'));
INSERT INTO ENDUSER (username, password, email) values('max.kohler', 'daglnvBqPA', 'max.kohler@email.com');
INSERT INTO LOCATION (postcode, city, street, housenumber) values('57011-8248', 'South Sean', 'Bechtelar Key', '34');
INSERT INTO PHOTOS (user_id, photo) values('131', 'deflt.jpg');
INSERT INTO USERDATA (user_id, location_id, photo_id, first_name, last_name, gender, birthday) values('131', '131', '131', 'Max', 'Kohler', 'f', TO_DATE('1965-03-26', 'yyyy-mm-dd'));
INSERT INTO ENDUSER (username, password, email) values('eufemia.torphy', '0fVaXiIjhW', 'eufemia.torphy@email.com');
INSERT INTO LOCATION (postcode, city, street, housenumber) values('76801', 'South Denaeport', 'Doyle Streets', '23');
INSERT INTO PHOTOS (user_id, photo) values('132', 'deflt.jpg');
INSERT INTO USERDATA (user_id, location_id, photo_id, first_name, last_name, gender, birthday) values('132', '132', '132', 'Eufemia', 'Torphy', 'f', TO_DATE('1986-09-19', 'yyyy-mm-dd'));
INSERT INTO ENDUSER (username, password, email) values('erwin.rosenbaum', '2nzbCPBkMU', 'erwin.rosenbaum@email.com');
INSERT INTO LOCATION (postcode, city, street, housenumber) values('50779-1241', 'Abernathyville', 'Morar Island', '44');
INSERT INTO PHOTOS (user_id, photo) values('133', 'deflt.jpg');
INSERT INTO USERDATA (user_id, location_id, photo_id, first_name, last_name, gender, birthday) values('133', '133', '133', 'Erwin', 'Rosenbaum', 'f', TO_DATE('1961-06-03', 'yyyy-mm-dd'));
INSERT INTO ENDUSER (username, password, email) values('willie.christiansen', 'ONH7s1Jybc', 'willie.christiansen@email.com');
INSERT INTO LOCATION (postcode, city, street, housenumber) values('84126', 'Willmsstad', 'Bruen Hollow', '88');
INSERT INTO PHOTOS (user_id, photo) values('134', 'deflt.jpg');
INSERT INTO USERDATA (user_id, location_id, photo_id, first_name, last_name, gender, birthday) values('134', '134', '134', 'Willie', 'Christiansen', 'f', TO_DATE('1963-09-06', 'yyyy-mm-dd'));
INSERT INTO ENDUSER (username, password, email) values('thomas.witting', '9npz2jQVhc', 'thomas.witting@email.com');
INSERT INTO LOCATION (postcode, city, street, housenumber) values('28754-1614', 'Rhettport', 'Natalya Circle', '64');
INSERT INTO PHOTOS (user_id, photo) values('135', 'deflt.jpg');
INSERT INTO USERDATA (user_id, location_id, photo_id, first_name, last_name, gender, birthday) values('135', '135', '135', 'Thomas', 'Witting', 'm', TO_DATE('1975-02-12', 'yyyy-mm-dd'));
INSERT INTO ENDUSER (username, password, email) values('cristobal.cronin', 'iGnlrRB2mL', 'cristobal.cronin@email.com');
INSERT INTO LOCATION (postcode, city, street, housenumber) values('64502-3939', 'South Yuette', 'Lavern Forks', '10');
INSERT INTO PHOTOS (user_id, photo) values('136', 'deflt.jpg');
INSERT INTO USERDATA (user_id, location_id, photo_id, first_name, last_name, gender, birthday) values('136', '136', '136', 'Cristobal', 'Cronin', 'm', TO_DATE('1989-04-11', 'yyyy-mm-dd'));
INSERT INTO ENDUSER (username, password, email) values('tommie.jacobson', 'CzEwBm9Dd2', 'tommie.jacobson@email.com');
INSERT INTO LOCATION (postcode, city, street, housenumber) values('35603-0115', 'Lake Delcie', 'Vanita Junctions', '39');
INSERT INTO PHOTOS (user_id, photo) values('137', 'deflt.jpg');
INSERT INTO USERDATA (user_id, location_id, photo_id, first_name, last_name, gender, birthday) values('137', '137', '137', 'Tommie', 'Jacobson', 'm', TO_DATE('1997-08-07', 'yyyy-mm-dd'));
INSERT INTO ENDUSER (username, password, email) values('bo.boyle', 'a9vF8cY2qN', 'bo.boyle@email.com');
INSERT INTO LOCATION (postcode, city, street, housenumber) values('91206', 'MacGyverview', 'Windler Oval', '5');
INSERT INTO PHOTOS (user_id, photo) values('138', 'deflt.jpg');
INSERT INTO USERDATA (user_id, location_id, photo_id, first_name, last_name, gender, birthday) values('138', '138', '138', 'Bo', 'Boyle', 'm', TO_DATE('1971-08-02', 'yyyy-mm-dd'));
INSERT INTO ENDUSER (username, password, email) values('angelo.schiller', 'Qzt1IYZlET', 'angelo.schiller@email.com');
INSERT INTO LOCATION (postcode, city, street, housenumber) values('07304-2711', 'West Leonardville', 'Schinner Orchard', '53');
INSERT INTO PHOTOS (user_id, photo) values('139', 'deflt.jpg');
INSERT INTO USERDATA (user_id, location_id, photo_id, first_name, last_name, gender, birthday) values('139', '139', '139', 'Angelo', 'Schiller', 'f', TO_DATE('1989-08-14', 'yyyy-mm-dd'));
INSERT INTO ENDUSER (username, password, email) values('hugo.lehner', 'QJTS3nN8Xs', 'hugo.lehner@email.com');
INSERT INTO LOCATION (postcode, city, street, housenumber) values('15433', 'East Grover', 'Genia Mill', '45');
INSERT INTO PHOTOS (user_id, photo) values('140', 'deflt.jpg');
INSERT INTO USERDATA (user_id, location_id, photo_id, first_name, last_name, gender, birthday) values('140', '140', '140', 'Hugo', 'Lehner', 'm', TO_DATE('1958-09-02', 'yyyy-mm-dd'));
INSERT INTO ENDUSER (username, password, email) values('alayna.christiansen', 'jJKDCHmYNI', 'alayna.christiansen@email.com');
INSERT INTO LOCATION (postcode, city, street, housenumber) values('37609-2981', 'North Chester', 'Stoltenberg Lock', '1');
INSERT INTO PHOTOS (user_id, photo) values('141', 'deflt.jpg');
INSERT INTO USERDATA (user_id, location_id, photo_id, first_name, last_name, gender, birthday) values('141', '141', '141', 'Alayna', 'Christiansen', 'm', TO_DATE('2000-02-03', 'yyyy-mm-dd'));
INSERT INTO ENDUSER (username, password, email) values('bobbie.cartwright', 'WsSNEvfd5h', 'bobbie.cartwright@email.com');
INSERT INTO LOCATION (postcode, city, street, housenumber) values('21520', 'New Rafael', 'Elsa Loaf', '94');
INSERT INTO PHOTOS (user_id, photo) values('142', 'deflt.jpg');
INSERT INTO USERDATA (user_id, location_id, photo_id, first_name, last_name, gender, birthday) values('142', '142', '142', 'Bobbie', 'Cartwright', 'm', TO_DATE('1960-04-27', 'yyyy-mm-dd'));
INSERT INTO ENDUSER (username, password, email) values('belinda.fay', 'NYCsWXQjRv', 'belinda.fay@email.com');
INSERT INTO LOCATION (postcode, city, street, housenumber) values('96036', 'Stoltenbergfurt', 'Odell Expressway', '45');
INSERT INTO PHOTOS (user_id, photo) values('143', 'deflt.jpg');
INSERT INTO USERDATA (user_id, location_id, photo_id, first_name, last_name, gender, birthday) values('143', '143', '143', 'Belinda', 'Fay', 'm', TO_DATE('1971-12-18', 'yyyy-mm-dd'));
INSERT INTO ENDUSER (username, password, email) values('marilu.mann', 'quZUpxmMs4', 'marilu.mann@email.com');
INSERT INTO LOCATION (postcode, city, street, housenumber) values('26933', 'Lynchbury', 'Gladis Manors', '60');
INSERT INTO PHOTOS (user_id, photo) values('144', 'deflt.jpg');
INSERT INTO USERDATA (user_id, location_id, photo_id, first_name, last_name, gender, birthday) values('144', '144', '144', 'Marilu', 'Mann', 'm', TO_DATE('1998-08-22', 'yyyy-mm-dd'));
INSERT INTO ENDUSER (username, password, email) values('howard.deckow', '3zN2DK0Hg8', 'howard.deckow@email.com');
INSERT INTO LOCATION (postcode, city, street, housenumber) values('72973-6677', 'West Charlena', 'Clarisa Brook', '45');
INSERT INTO PHOTOS (user_id, photo) values('145', 'deflt.jpg');
INSERT INTO USERDATA (user_id, location_id, photo_id, first_name, last_name, gender, birthday) values('145', '145', '145', 'Howard', 'Deckow', 'f', TO_DATE('1976-09-26', 'yyyy-mm-dd'));
INSERT INTO ENDUSER (username, password, email) values('marquis.carter', 'WFMjHoXP6O', 'marquis.carter@email.com');
INSERT INTO LOCATION (postcode, city, street, housenumber) values('99766', 'Millshaven', 'Goyette Court', '19');
INSERT INTO PHOTOS (user_id, photo) values('146', 'deflt.jpg');
INSERT INTO USERDATA (user_id, location_id, photo_id, first_name, last_name, gender, birthday) values('146', '146', '146', 'Marquis', 'Carter', 'm', TO_DATE('1975-06-21', 'yyyy-mm-dd'));
INSERT INTO ENDUSER (username, password, email) values('shella.considine', '7465fHm8ZE', 'shella.considine@email.com');
INSERT INTO LOCATION (postcode, city, street, housenumber) values('41138-8766', 'New Lizzette', 'Britt Course', '97');
INSERT INTO PHOTOS (user_id, photo) values('147', 'deflt.jpg');
INSERT INTO USERDATA (user_id, location_id, photo_id, first_name, last_name, gender, birthday) values('147', '147', '147', 'Shella', 'Considine', 'f', TO_DATE('1979-11-30', 'yyyy-mm-dd'));
INSERT INTO ENDUSER (username, password, email) values('manda.lehner', 'PrwB8ZCeUW', 'manda.lehner@email.com');
INSERT INTO LOCATION (postcode, city, street, housenumber) values('36343', 'Hoegerside', 'Von Flat', '7');
INSERT INTO PHOTOS (user_id, photo) values('148', 'deflt.jpg');
INSERT INTO USERDATA (user_id, location_id, photo_id, first_name, last_name, gender, birthday) values('148', '148', '148', 'Manda', 'Lehner', 'f', TO_DATE('1966-07-06', 'yyyy-mm-dd'));
INSERT INTO ENDUSER (username, password, email) values('bryant.moen', 'otGqipTvXe', 'bryant.moen@email.com');
INSERT INTO LOCATION (postcode, city, street, housenumber) values('95580', 'New Jamal', 'Hunter Orchard', '97');
INSERT INTO PHOTOS (user_id, photo) values('149', 'deflt.jpg');
INSERT INTO USERDATA (user_id, location_id, photo_id, first_name, last_name, gender, birthday) values('149', '149', '149', 'Bryant', 'Moen', 'm', TO_DATE('1964-12-28', 'yyyy-mm-dd'));
INSERT INTO ENDUSER (username, password, email) values('brad.welch', 'd01ex6SDjv', 'brad.welch@email.com');
INSERT INTO LOCATION (postcode, city, street, housenumber) values('69264', 'South Kris', 'Gerhold Mountain', '35');
INSERT INTO PHOTOS (user_id, photo) values('150', 'deflt.jpg');
INSERT INTO USERDATA (user_id, location_id, photo_id, first_name, last_name, gender, birthday) values('150', '150', '150', 'Brad', 'Welch', 'm', TO_DATE('1966-12-06', 'yyyy-mm-dd'));
INSERT INTO ENDUSER (username, password, email) values('roberto.runolfsson', '4vB9EyfHc8', 'roberto.runolfsson@email.com');
INSERT INTO LOCATION (postcode, city, street, housenumber) values('69191', 'Bauchburgh', 'Sipes Spurs', '28');
INSERT INTO PHOTOS (user_id, photo) values('151', 'deflt.jpg');
INSERT INTO USERDATA (user_id, location_id, photo_id, first_name, last_name, gender, birthday) values('151', '151', '151', 'Roberto', 'Runolfsson', 'm', TO_DATE('1996-08-03', 'yyyy-mm-dd'));
INSERT INTO ENDUSER (username, password, email) values('jon.funk', 'yFDK89Ex1t', 'jon.funk@email.com');
INSERT INTO LOCATION (postcode, city, street, housenumber) values('46819-3892', 'North Logantown', 'Swaniawski Fort', '45');
INSERT INTO PHOTOS (user_id, photo) values('152', 'deflt.jpg');
INSERT INTO USERDATA (user_id, location_id, photo_id, first_name, last_name, gender, birthday) values('152', '152', '152', 'Jon', 'Funk', 'm', TO_DATE('1968-04-11', 'yyyy-mm-dd'));
INSERT INTO ENDUSER (username, password, email) values('alvaro.steuber', 'uvcj3IWM2d', 'alvaro.steuber@email.com');
INSERT INTO LOCATION (postcode, city, street, housenumber) values('91981-9934', 'New Jonchester', 'Jeromy Point', '26');
INSERT INTO PHOTOS (user_id, photo) values('153', 'deflt.jpg');
INSERT INTO USERDATA (user_id, location_id, photo_id, first_name, last_name, gender, birthday) values('153', '153', '153', 'Alvaro', 'Steuber', 'm', TO_DATE('1981-12-08', 'yyyy-mm-dd'));
INSERT INTO ENDUSER (username, password, email) values('antony.pfeffer', 'V4vj9RGFh8', 'antony.pfeffer@email.com');
INSERT INTO LOCATION (postcode, city, street, housenumber) values('91931-7275', 'Romagueraborough', 'Terrell Walks', '67');
INSERT INTO PHOTOS (user_id, photo) values('154', 'deflt.jpg');
INSERT INTO USERDATA (user_id, location_id, photo_id, first_name, last_name, gender, birthday) values('154', '154', '154', 'Antony', 'Pfeffer', 'm', TO_DATE('1976-07-05', 'yyyy-mm-dd'));
INSERT INTO ENDUSER (username, password, email) values('hobert.flatley', 'KhrDQ2glVv', 'hobert.flatley@email.com');
INSERT INTO LOCATION (postcode, city, street, housenumber) values('80742', 'Stanbury', 'Metz Ridge', '15');
INSERT INTO PHOTOS (user_id, photo) values('155', 'deflt.jpg');
INSERT INTO USERDATA (user_id, location_id, photo_id, first_name, last_name, gender, birthday) values('155', '155', '155', 'Hobert', 'Flatley', 'm', TO_DATE('2002-11-06', 'yyyy-mm-dd'));
INSERT INTO ENDUSER (username, password, email) values('noel.langworth', '15faR0Zp3s', 'noel.langworth@email.com');
INSERT INTO LOCATION (postcode, city, street, housenumber) values('27472', 'South Darwinville', 'Marcellus Flats', '23');
INSERT INTO PHOTOS (user_id, photo) values('156', 'deflt.jpg');
INSERT INTO USERDATA (user_id, location_id, photo_id, first_name, last_name, gender, birthday) values('156', '156', '156', 'Noel', 'Langworth', 'm', TO_DATE('1993-09-09', 'yyyy-mm-dd'));
INSERT INTO ENDUSER (username, password, email) values('loren.bogisich', 'okqHKO2Ub8', 'loren.bogisich@email.com');
INSERT INTO LOCATION (postcode, city, street, housenumber) values('93511-6387', 'Lake Angeles', 'Tobie Prairie', '16');
INSERT INTO PHOTOS (user_id, photo) values('157', 'deflt.jpg');
INSERT INTO USERDATA (user_id, location_id, photo_id, first_name, last_name, gender, birthday) values('157', '157', '157', 'Loren', 'Bogisich', 'm', TO_DATE('2001-03-13', 'yyyy-mm-dd'));
INSERT INTO ENDUSER (username, password, email) values('nolan.lemke', 'WnbJ6NPRms', 'nolan.lemke@email.com');
INSERT INTO LOCATION (postcode, city, street, housenumber) values('52606-3518', 'North Jessiefurt', 'D_Amore Freeway', '23');
INSERT INTO PHOTOS (user_id, photo) values('158', 'deflt.jpg');
INSERT INTO USERDATA (user_id, location_id, photo_id, first_name, last_name, gender, birthday) values('158', '158', '158', 'Nolan', 'Lemke', 'f', TO_DATE('1980-10-21', 'yyyy-mm-dd'));
INSERT INTO ENDUSER (username, password, email) values('hipolito.kulas', 'd0TRJqa5fh', 'hipolito.kulas@email.com');
INSERT INTO LOCATION (postcode, city, street, housenumber) values('68443-2644', 'West Elodialand', 'Runolfsson Corner', '89');
INSERT INTO PHOTOS (user_id, photo) values('159', 'deflt.jpg');
INSERT INTO USERDATA (user_id, location_id, photo_id, first_name, last_name, gender, birthday) values('159', '159', '159', 'Hipolito', 'Kulas', 'f', TO_DATE('1994-05-31', 'yyyy-mm-dd'));
INSERT INTO ENDUSER (username, password, email) values('randolph.oberbrunner', 'cigVt8DhRG', 'randolph.oberbrunner@email.com');
INSERT INTO LOCATION (postcode, city, street, housenumber) values('68909-4029', 'Lindsayport', 'Bednar Trace', '84');
INSERT INTO PHOTOS (user_id, photo) values('160', 'deflt.jpg');
INSERT INTO USERDATA (user_id, location_id, photo_id, first_name, last_name, gender, birthday) values('160', '160', '160', 'Randolph', 'Oberbrunner', 'm', TO_DATE('2001-08-29', 'yyyy-mm-dd'));
INSERT INTO ENDUSER (username, password, email) values('scot.bruen', 'vzx1DwYVg0', 'scot.bruen@email.com');
INSERT INTO LOCATION (postcode, city, street, housenumber) values('98075-7239', 'Rupertchester', 'Lang Landing', '58');
INSERT INTO PHOTOS (user_id, photo) values('161', 'deflt.jpg');
INSERT INTO USERDATA (user_id, location_id, photo_id, first_name, last_name, gender, birthday) values('161', '161', '161', 'Scot', 'Bruen', 'f', TO_DATE('1982-10-05', 'yyyy-mm-dd'));
INSERT INTO ENDUSER (username, password, email) values('philip.pollich', 'VSsvlyNmGj', 'philip.pollich@email.com');
INSERT INTO LOCATION (postcode, city, street, housenumber) values('18881', 'Austinside', 'Neil Port', '71');
INSERT INTO PHOTOS (user_id, photo) values('162', 'deflt.jpg');
INSERT INTO USERDATA (user_id, location_id, photo_id, first_name, last_name, gender, birthday) values('162', '162', '162', 'Philip', 'Pollich', 'f', TO_DATE('1978-06-03', 'yyyy-mm-dd'));
INSERT INTO ENDUSER (username, password, email) values('rozella.rice', '3kynmzlYqh', 'rozella.rice@email.com');
INSERT INTO LOCATION (postcode, city, street, housenumber) values('92387', 'West Jeanebury', 'Koelpin Row', '47');
INSERT INTO PHOTOS (user_id, photo) values('163', 'deflt.jpg');
INSERT INTO USERDATA (user_id, location_id, photo_id, first_name, last_name, gender, birthday) values('163', '163', '163', 'Rozella', 'Rice', 'f', TO_DATE('1980-09-04', 'yyyy-mm-dd'));
INSERT INTO ENDUSER (username, password, email) values('christie.friesen', '5PG0WJ9qme', 'christie.friesen@email.com');
INSERT INTO LOCATION (postcode, city, street, housenumber) values('71401-7974', 'Johnsonhaven', 'Dickens Route', '81');
INSERT INTO PHOTOS (user_id, photo) values('164', 'deflt.jpg');
INSERT INTO USERDATA (user_id, location_id, photo_id, first_name, last_name, gender, birthday) values('164', '164', '164', 'Christie', 'Friesen', 'f', TO_DATE('1968-05-09', 'yyyy-mm-dd'));
INSERT INTO ENDUSER (username, password, email) values('aubrey.anderson', 'JSjgEiwYCb', 'aubrey.anderson@email.com');
INSERT INTO LOCATION (postcode, city, street, housenumber) values('85457-2192', 'Nolanberg', 'Goldner Creek', '74');
INSERT INTO PHOTOS (user_id, photo) values('165', 'deflt.jpg');
INSERT INTO USERDATA (user_id, location_id, photo_id, first_name, last_name, gender, birthday) values('165', '165', '165', 'Aubrey', 'Anderson', 'm', TO_DATE('1958-02-08', 'yyyy-mm-dd'));
INSERT INTO ENDUSER (username, password, email) values('shad.treutel', 'uOo8HARjQw', 'shad.treutel@email.com');
INSERT INTO LOCATION (postcode, city, street, housenumber) values('91876', 'Earleenview', 'Hagenes Highway', '80');
INSERT INTO PHOTOS (user_id, photo) values('166', 'deflt.jpg');
INSERT INTO USERDATA (user_id, location_id, photo_id, first_name, last_name, gender, birthday) values('166', '166', '166', 'Shad', 'Treutel', 'm', TO_DATE('1979-08-19', 'yyyy-mm-dd'));
INSERT INTO ENDUSER (username, password, email) values('prince.cassin', 'Nw1DcynzYb', 'prince.cassin@email.com');
INSERT INTO LOCATION (postcode, city, street, housenumber) values('06439-1854', 'Lonnieland', 'Klein Lodge', '48');
INSERT INTO PHOTOS (user_id, photo) values('167', 'deflt.jpg');
INSERT INTO USERDATA (user_id, location_id, photo_id, first_name, last_name, gender, birthday) values('167', '167', '167', 'Prince', 'Cassin', 'm', TO_DATE('1982-01-06', 'yyyy-mm-dd'));
INSERT INTO ENDUSER (username, password, email) values('rene.reilly', 'tIw1BTdonM', 'rene.reilly@email.com');
INSERT INTO LOCATION (postcode, city, street, housenumber) values('41394', 'Durganstad', 'Cruickshank Courts', '3');
INSERT INTO PHOTOS (user_id, photo) values('168', 'deflt.jpg');
INSERT INTO USERDATA (user_id, location_id, photo_id, first_name, last_name, gender, birthday) values('168', '168', '168', 'Rene', 'Reilly', 'f', TO_DATE('1965-09-06', 'yyyy-mm-dd'));
INSERT INTO ENDUSER (username, password, email) values('deangelo.trantow', 'hMrW3dtmQV', 'deangelo.trantow@email.com');
INSERT INTO LOCATION (postcode, city, street, housenumber) values('69333-3083', 'New Guyview', 'Fisher Avenue', '96');
INSERT INTO PHOTOS (user_id, photo) values('169', 'deflt.jpg');
INSERT INTO USERDATA (user_id, location_id, photo_id, first_name, last_name, gender, birthday) values('169', '169', '169', 'Deangelo', 'Trantow', 'm', TO_DATE('1999-08-13', 'yyyy-mm-dd'));
INSERT INTO ENDUSER (username, password, email) values('gerard.powlowski', 'YR6NcyavmI', 'gerard.powlowski@email.com');
INSERT INTO LOCATION (postcode, city, street, housenumber) values('39597', 'Sharellview', 'Jacquie Gateway', '66');
INSERT INTO PHOTOS (user_id, photo) values('170', 'deflt.jpg');
INSERT INTO USERDATA (user_id, location_id, photo_id, first_name, last_name, gender, birthday) values('170', '170', '170', 'Gerard', 'Powlowski', 'm', TO_DATE('1963-09-30', 'yyyy-mm-dd'));
INSERT INTO ENDUSER (username, password, email) values('rosalinda.keebler', '7MJToju4ce', 'rosalinda.keebler@email.com');
INSERT INTO LOCATION (postcode, city, street, housenumber) values('84746', 'Wiltonhaven', 'Rippin Ranch', '22');
INSERT INTO PHOTOS (user_id, photo) values('171', 'deflt.jpg');
INSERT INTO USERDATA (user_id, location_id, photo_id, first_name, last_name, gender, birthday) values('171', '171', '171', 'Rosalinda', 'Keebler', 'm', TO_DATE('1969-01-25', 'yyyy-mm-dd'));
INSERT INTO ENDUSER (username, password, email) values('sunshine.thiel', 'w3mVgtIDXq', 'sunshine.thiel@email.com');
INSERT INTO LOCATION (postcode, city, street, housenumber) values('68250', 'Lynchmouth', 'Ernie Turnpike', '13');
INSERT INTO PHOTOS (user_id, photo) values('172', 'deflt.jpg');
INSERT INTO USERDATA (user_id, location_id, photo_id, first_name, last_name, gender, birthday) values('172', '172', '172', 'Sunshine', 'Thiel', 'f', TO_DATE('1963-03-28', 'yyyy-mm-dd'));
INSERT INTO ENDUSER (username, password, email) values('shonta.veum', 'XK1PJTzkSu', 'shonta.veum@email.com');
INSERT INTO LOCATION (postcode, city, street, housenumber) values('09595', 'Cristside', 'Emely Loaf', '59');
INSERT INTO PHOTOS (user_id, photo) values('173', 'deflt.jpg');
INSERT INTO USERDATA (user_id, location_id, photo_id, first_name, last_name, gender, birthday) values('173', '173', '173', 'Shonta', 'Veum', 'm', TO_DATE('1972-11-06', 'yyyy-mm-dd'));
INSERT INTO ENDUSER (username, password, email) values('demarcus.lang', 'I18ewu3ogj', 'demarcus.lang@email.com');
INSERT INTO LOCATION (postcode, city, street, housenumber) values('84414-7991', 'Gislasonhaven', 'Jeanene Plain', '12');
INSERT INTO PHOTOS (user_id, photo) values('174', 'deflt.jpg');
INSERT INTO USERDATA (user_id, location_id, photo_id, first_name, last_name, gender, birthday) values('174', '174', '174', 'Demarcus', 'Lang', 'm', TO_DATE('1973-06-12', 'yyyy-mm-dd'));
INSERT INTO ENDUSER (username, password, email) values('melani.rath', 'YniABjvtZa', 'melani.rath@email.com');
INSERT INTO LOCATION (postcode, city, street, housenumber) values('54595-8853', 'Osinskifort', 'Kyra Divide', '60');
INSERT INTO PHOTOS (user_id, photo) values('175', 'deflt.jpg');
INSERT INTO USERDATA (user_id, location_id, photo_id, first_name, last_name, gender, birthday) values('175', '175', '175', 'Melani', 'Rath', 'f', TO_DATE('1973-05-01', 'yyyy-mm-dd'));
INSERT INTO ENDUSER (username, password, email) values('crissy.gusikowski', 'P3mj1Be8WU', 'crissy.gusikowski@email.com');
INSERT INTO LOCATION (postcode, city, street, housenumber) values('68748-1694', 'East Neilbury', 'Bailey Unions', '44');
INSERT INTO PHOTOS (user_id, photo) values('176', 'deflt.jpg');
INSERT INTO USERDATA (user_id, location_id, photo_id, first_name, last_name, gender, birthday) values('176', '176', '176', 'Crissy', 'Gusikowski', 'm', TO_DATE('1970-06-03', 'yyyy-mm-dd'));
INSERT INTO ENDUSER (username, password, email) values('francine.ankunding', 'NoPsVe7lJa', 'francine.ankunding@email.com');
INSERT INTO LOCATION (postcode, city, street, housenumber) values('65078-6466', 'Cronaburgh', 'Tomas Squares', '34');
INSERT INTO PHOTOS (user_id, photo) values('177', 'deflt.jpg');
INSERT INTO USERDATA (user_id, location_id, photo_id, first_name, last_name, gender, birthday) values('177', '177', '177', 'Francine', 'Ankunding', 'f', TO_DATE('1990-12-15', 'yyyy-mm-dd'));
INSERT INTO ENDUSER (username, password, email) values('sonny.o_conner', 'rNytTYdQjp', 'sonny.o_conner@email.com');
INSERT INTO LOCATION (postcode, city, street, housenumber) values('83439', 'Wittingberg', 'Odis Stravenue', '9');
INSERT INTO PHOTOS (user_id, photo) values('178', 'deflt.jpg');
INSERT INTO USERDATA (user_id, location_id, photo_id, first_name, last_name, gender, birthday) values('178', '178', '178', 'Sonny', 'O_Conner', 'm', TO_DATE('1987-11-12', 'yyyy-mm-dd'));
INSERT INTO ENDUSER (username, password, email) values('wilhemina.o_reilly', 'icdaUstlHp', 'wilhemina.o_reilly@email.com');
INSERT INTO LOCATION (postcode, city, street, housenumber) values('20470', 'Colbyland', 'Hauck Wells', '9');
INSERT INTO PHOTOS (user_id, photo) values('179', 'deflt.jpg');
INSERT INTO USERDATA (user_id, location_id, photo_id, first_name, last_name, gender, birthday) values('179', '179', '179', 'Wilhemina', 'O_Reilly', 'f', TO_DATE('1971-12-10', 'yyyy-mm-dd'));
INSERT INTO ENDUSER (username, password, email) values('warren.jast', 'Dzma5wtcqi', 'warren.jast@email.com');
INSERT INTO LOCATION (postcode, city, street, housenumber) values('51893', 'Abeville', 'Hulda Square', '91');
INSERT INTO PHOTOS (user_id, photo) values('180', 'deflt.jpg');
INSERT INTO USERDATA (user_id, location_id, photo_id, first_name, last_name, gender, birthday) values('180', '180', '180', 'Warren', 'Jast', 'm', TO_DATE('1981-02-24', 'yyyy-mm-dd'));
INSERT INTO ENDUSER (username, password, email) values('dustin.waelchi', 'chGUmE3TOy', 'dustin.waelchi@email.com');
INSERT INTO LOCATION (postcode, city, street, housenumber) values('65341-6725', 'Nathanaelside', 'Duncan Fort', '63');
INSERT INTO PHOTOS (user_id, photo) values('181', 'deflt.jpg');
INSERT INTO USERDATA (user_id, location_id, photo_id, first_name, last_name, gender, birthday) values('181', '181', '181', 'Dustin', 'Waelchi', 'm', TO_DATE('1986-04-24', 'yyyy-mm-dd'));
INSERT INTO ENDUSER (username, password, email) values('leone.stamm', 'mAFGyQ3s9Z', 'leone.stamm@email.com');
INSERT INTO LOCATION (postcode, city, street, housenumber) values('81024-4533', 'Port Angelfurt', 'Jed Lakes', '40');
INSERT INTO PHOTOS (user_id, photo) values('182', 'deflt.jpg');
INSERT INTO USERDATA (user_id, location_id, photo_id, first_name, last_name, gender, birthday) values('182', '182', '182', 'Leone', 'Stamm', 'f', TO_DATE('2002-08-21', 'yyyy-mm-dd'));
INSERT INTO ENDUSER (username, password, email) values('garland.schulist', '8lLyw0uMJj', 'garland.schulist@email.com');
INSERT INTO LOCATION (postcode, city, street, housenumber) values('39374', 'Kulaston', 'Joycelyn Trail', '77');
INSERT INTO PHOTOS (user_id, photo) values('183', 'deflt.jpg');
INSERT INTO USERDATA (user_id, location_id, photo_id, first_name, last_name, gender, birthday) values('183', '183', '183', 'Garland', 'Schulist', 'f', TO_DATE('1964-01-17', 'yyyy-mm-dd'));
INSERT INTO ENDUSER (username, password, email) values('seema.quigley', 'VnKhaeyEko', 'seema.quigley@email.com');
INSERT INTO LOCATION (postcode, city, street, housenumber) values('96369-3323', 'Brittnyborough', 'Lynch Isle', '77');
INSERT INTO PHOTOS (user_id, photo) values('184', 'deflt.jpg');
INSERT INTO USERDATA (user_id, location_id, photo_id, first_name, last_name, gender, birthday) values('184', '184', '184', 'Seema', 'Quigley', 'm', TO_DATE('1985-07-18', 'yyyy-mm-dd'));
INSERT INTO ENDUSER (username, password, email) values('cortez.tillman', 'rd17JSGZex', 'cortez.tillman@email.com');
INSERT INTO LOCATION (postcode, city, street, housenumber) values('04168', 'South Donnellbury', 'Mitchell Ridge', '80');
INSERT INTO PHOTOS (user_id, photo) values('185', 'deflt.jpg');
INSERT INTO USERDATA (user_id, location_id, photo_id, first_name, last_name, gender, birthday) values('185', '185', '185', 'Cortez', 'Tillman', 'm', TO_DATE('1997-05-14', 'yyyy-mm-dd'));
INSERT INTO ENDUSER (username, password, email) values('veola.lang', '5WNE9udCRi', 'veola.lang@email.com');
INSERT INTO LOCATION (postcode, city, street, housenumber) values('18505-6928', 'Felixshire', 'Blick Village', '42');
INSERT INTO PHOTOS (user_id, photo) values('186', 'deflt.jpg');
INSERT INTO USERDATA (user_id, location_id, photo_id, first_name, last_name, gender, birthday) values('186', '186', '186', 'Veola', 'Lang', 'm', TO_DATE('1973-12-28', 'yyyy-mm-dd'));
INSERT INTO ENDUSER (username, password, email) values('quentin.bauch', 'eXdmP6LGaY', 'quentin.bauch@email.com');
INSERT INTO LOCATION (postcode, city, street, housenumber) values('72834', 'Lake Tanya', 'Marks Court', '46');
INSERT INTO PHOTOS (user_id, photo) values('187', 'deflt.jpg');
INSERT INTO USERDATA (user_id, location_id, photo_id, first_name, last_name, gender, birthday) values('187', '187', '187', 'Quentin', 'Bauch', 'm', TO_DATE('1965-02-25', 'yyyy-mm-dd'));
INSERT INTO ENDUSER (username, password, email) values('marion.abernathy', 'mWNrtKRd8x', 'marion.abernathy@email.com');
INSERT INTO LOCATION (postcode, city, street, housenumber) values('84903-7904', 'South Illaside', 'Stehr Springs', '74');
INSERT INTO PHOTOS (user_id, photo) values('188', 'deflt.jpg');
INSERT INTO USERDATA (user_id, location_id, photo_id, first_name, last_name, gender, birthday) values('188', '188', '188', 'Marion', 'Abernathy', 'f', TO_DATE('1982-06-22', 'yyyy-mm-dd'));
INSERT INTO ENDUSER (username, password, email) values('norberto.o_keefe', 'UQRfSmA6s3', 'norberto.o_keefe@email.com');
INSERT INTO LOCATION (postcode, city, street, housenumber) values('15229-3393', 'Dickihaven', 'Arcelia Station', '87');
INSERT INTO PHOTOS (user_id, photo) values('189', 'deflt.jpg');
INSERT INTO USERDATA (user_id, location_id, photo_id, first_name, last_name, gender, birthday) values('189', '189', '189', 'Norberto', 'O_Keefe', 'f', TO_DATE('1974-07-23', 'yyyy-mm-dd'));
INSERT INTO ENDUSER (username, password, email) values('kia.fritsch', '8c9fAgLYqV', 'kia.fritsch@email.com');
INSERT INTO LOCATION (postcode, city, street, housenumber) values('27881-7541', 'Zulauftown', 'Haley Mission', '78');
INSERT INTO PHOTOS (user_id, photo) values('190', 'deflt.jpg');
INSERT INTO USERDATA (user_id, location_id, photo_id, first_name, last_name, gender, birthday) values('190', '190', '190', 'Kia', 'Fritsch', 'f', TO_DATE('1974-01-09', 'yyyy-mm-dd'));
INSERT INTO ENDUSER (username, password, email) values('judson.braun', 'DPF1zb04WQ', 'judson.braun@email.com');
INSERT INTO LOCATION (postcode, city, street, housenumber) values('93394', 'Teresitafurt', 'Pagac Inlet', '6');
INSERT INTO PHOTOS (user_id, photo) values('191', 'deflt.jpg');
INSERT INTO USERDATA (user_id, location_id, photo_id, first_name, last_name, gender, birthday) values('191', '191', '191', 'Judson', 'Braun', 'm', TO_DATE('1981-02-06', 'yyyy-mm-dd'));
INSERT INTO ENDUSER (username, password, email) values('peggy.lang', 'B6uAhULyH0', 'peggy.lang@email.com');
INSERT INTO LOCATION (postcode, city, street, housenumber) values('97165', 'Rubitown', 'Lindsey Hollow', '73');
INSERT INTO PHOTOS (user_id, photo) values('192', 'deflt.jpg');
INSERT INTO USERDATA (user_id, location_id, photo_id, first_name, last_name, gender, birthday) values('192', '192', '192', 'Peggy', 'Lang', 'f', TO_DATE('1985-09-25', 'yyyy-mm-dd'));
INSERT INTO ENDUSER (username, password, email) values('jacques.kulas', 'EY78gw3DmL', 'jacques.kulas@email.com');
INSERT INTO LOCATION (postcode, city, street, housenumber) values('49515', 'North Jaredhaven', 'Metz Ridge', '23');
INSERT INTO PHOTOS (user_id, photo) values('193', 'deflt.jpg');
INSERT INTO USERDATA (user_id, location_id, photo_id, first_name, last_name, gender, birthday) values('193', '193', '193', 'Jacques', 'Kulas', 'm', TO_DATE('1991-04-30', 'yyyy-mm-dd'));
INSERT INTO ENDUSER (username, password, email) values('alma.ortiz', 'jZ14eSM5LK', 'alma.ortiz@email.com');
INSERT INTO LOCATION (postcode, city, street, housenumber) values('91229', 'Beerland', 'Rau Highway', '38');
INSERT INTO PHOTOS (user_id, photo) values('194', 'deflt.jpg');
INSERT INTO USERDATA (user_id, location_id, photo_id, first_name, last_name, gender, birthday) values('194', '194', '194', 'Alma', 'Ortiz', 'f', TO_DATE('2002-07-29', 'yyyy-mm-dd'));
INSERT INTO ENDUSER (username, password, email) values('shona.ziemann', 'XWpOE5aIhj', 'shona.ziemann@email.com');
INSERT INTO LOCATION (postcode, city, street, housenumber) values('55822-1278', 'MacGyvertown', 'Schiller Bridge', '45');
INSERT INTO PHOTOS (user_id, photo) values('195', 'deflt.jpg');
INSERT INTO USERDATA (user_id, location_id, photo_id, first_name, last_name, gender, birthday) values('195', '195', '195', 'Shona', 'Ziemann', 'm', TO_DATE('1989-03-06', 'yyyy-mm-dd'));
INSERT INTO ENDUSER (username, password, email) values('ambrose.borer', 'zIQ3S4E8tT', 'ambrose.borer@email.com');
INSERT INTO LOCATION (postcode, city, street, housenumber) values('90081', 'East Lawrence', 'Dare Via', '79');
INSERT INTO PHOTOS (user_id, photo) values('196', 'deflt.jpg');
INSERT INTO USERDATA (user_id, location_id, photo_id, first_name, last_name, gender, birthday) values('196', '196', '196', 'Ambrose', 'Borer', 'm', TO_DATE('1997-10-25', 'yyyy-mm-dd'));
INSERT INTO ENDUSER (username, password, email) values('trevor.wolf', 'c5UalP3i4k', 'trevor.wolf@email.com');
INSERT INTO LOCATION (postcode, city, street, housenumber) values('09122-2553', 'East Clyde', 'Yvette Pike', '25');
INSERT INTO PHOTOS (user_id, photo) values('197', 'deflt.jpg');
INSERT INTO USERDATA (user_id, location_id, photo_id, first_name, last_name, gender, birthday) values('197', '197', '197', 'Trevor', 'Wolf', 'm', TO_DATE('1995-10-05', 'yyyy-mm-dd'));
INSERT INTO ENDUSER (username, password, email) values('truman.swaniawski', 'dItjyuUYwC', 'truman.swaniawski@email.com');
INSERT INTO LOCATION (postcode, city, street, housenumber) values('90462', 'Quentinland', 'McKenzie Summit', '47');
INSERT INTO PHOTOS (user_id, photo) values('198', 'deflt.jpg');
INSERT INTO USERDATA (user_id, location_id, photo_id, first_name, last_name, gender, birthday) values('198', '198', '198', 'Truman', 'Swaniawski', 'f', TO_DATE('2002-02-03', 'yyyy-mm-dd'));
INSERT INTO ENDUSER (username, password, email) values('newton.mertz', 'zondlveyZq', 'newton.mertz@email.com');
INSERT INTO LOCATION (postcode, city, street, housenumber) values('02992', 'Lake Devin', 'Kunde Villages', '77');
INSERT INTO PHOTOS (user_id, photo) values('199', 'deflt.jpg');
INSERT INTO USERDATA (user_id, location_id, photo_id, first_name, last_name, gender, birthday) values('199', '199', '199', 'Newton', 'Mertz', 'm', TO_DATE('1992-08-08', 'yyyy-mm-dd'));
INSERT INTO ENDUSER (username, password, email) values('dan.cassin', 'zTaqvyieAM', 'dan.cassin@email.com');
INSERT INTO LOCATION (postcode, city, street, housenumber) values('68865-8313', 'New Winifredborough', 'Stokes Orchard', '17');
INSERT INTO PHOTOS (user_id, photo) values('200', 'deflt.jpg');
INSERT INTO USERDATA (user_id, location_id, photo_id, first_name, last_name, gender, birthday) values('200', '200', '200', 'Dan', 'Cassin', 'm', TO_DATE('2000-08-04', 'yyyy-mm-dd'));
INSERT INTO ENDUSER (username, password, email) values('bonita.bayer', 'voLG8wRN9j', 'bonita.bayer@email.com');
INSERT INTO LOCATION (postcode, city, street, housenumber) values('03401', 'Goyettemouth', 'Clement Motorway', '60');
INSERT INTO PHOTOS (user_id, photo) values('201', 'deflt.jpg');
INSERT INTO USERDATA (user_id, location_id, photo_id, first_name, last_name, gender, birthday) values('201', '201', '201', 'Bonita', 'Bayer', 'm', TO_DATE('1965-09-25', 'yyyy-mm-dd'));
INSERT INTO ENDUSER (username, password, email) values('rolanda.runolfsson', 'NzpJOXeHtV', 'rolanda.runolfsson@email.com');
INSERT INTO LOCATION (postcode, city, street, housenumber) values('03025', 'South Gabrielmouth', 'Nolan Village', '4');
INSERT INTO PHOTOS (user_id, photo) values('202', 'deflt.jpg');
INSERT INTO USERDATA (user_id, location_id, photo_id, first_name, last_name, gender, birthday) values('202', '202', '202', 'Rolanda', 'Runolfsson', 'm', TO_DATE('1967-07-10', 'yyyy-mm-dd'));
INSERT INTO ENDUSER (username, password, email) values('edwin.mraz', 'MFp7WJHojd', 'edwin.mraz@email.com');
INSERT INTO LOCATION (postcode, city, street, housenumber) values('52750-5095', 'Shellaport', 'Konopelski Groves', '27');
INSERT INTO PHOTOS (user_id, photo) values('203', 'deflt.jpg');
INSERT INTO USERDATA (user_id, location_id, photo_id, first_name, last_name, gender, birthday) values('203', '203', '203', 'Edwin', 'Mraz', 'm', TO_DATE('1981-05-01', 'yyyy-mm-dd'));
INSERT INTO ENDUSER (username, password, email) values('donovan.torphy', 'Wo4di6nCwZ', 'donovan.torphy@email.com');
INSERT INTO LOCATION (postcode, city, street, housenumber) values('84655', 'Lake Melisaborough', 'Sawayn Way', '96');
INSERT INTO PHOTOS (user_id, photo) values('204', 'deflt.jpg');
INSERT INTO USERDATA (user_id, location_id, photo_id, first_name, last_name, gender, birthday) values('204', '204', '204', 'Donovan', 'Torphy', 'm', TO_DATE('1976-10-01', 'yyyy-mm-dd'));
INSERT INTO ENDUSER (username, password, email) values('franklin.hessel', 'qtpuCMJI3X', 'franklin.hessel@email.com');
INSERT INTO LOCATION (postcode, city, street, housenumber) values('83036-3611', 'East Rosaleebury', 'Bernetta Roads', '22');
INSERT INTO PHOTOS (user_id, photo) values('205', 'deflt.jpg');
INSERT INTO USERDATA (user_id, location_id, photo_id, first_name, last_name, gender, birthday) values('205', '205', '205', 'Franklin', 'Hessel', 'f', TO_DATE('1998-04-14', 'yyyy-mm-dd'));
INSERT INTO ENDUSER (username, password, email) values('ben.tromp', 'OI9S8EhR2G', 'ben.tromp@email.com');
INSERT INTO LOCATION (postcode, city, street, housenumber) values('31197-8501', 'West Mirtha', 'Collier Cape', '29');
INSERT INTO PHOTOS (user_id, photo) values('206', 'deflt.jpg');
INSERT INTO USERDATA (user_id, location_id, photo_id, first_name, last_name, gender, birthday) values('206', '206', '206', 'Ben', 'Tromp', 'f', TO_DATE('1996-05-18', 'yyyy-mm-dd'));
INSERT INTO ENDUSER (username, password, email) values('priscilla.kunze', 'fucxKhnr4p', 'priscilla.kunze@email.com');
INSERT INTO LOCATION (postcode, city, street, housenumber) values('53069', 'South Nicolasside', 'Walter Road', '46');
INSERT INTO PHOTOS (user_id, photo) values('207', 'deflt.jpg');
INSERT INTO USERDATA (user_id, location_id, photo_id, first_name, last_name, gender, birthday) values('207', '207', '207', 'Priscilla', 'Kunze', 'm', TO_DATE('1979-02-17', 'yyyy-mm-dd'));
INSERT INTO ENDUSER (username, password, email) values('tena.gislason', 'Pyu8iNmafR', 'tena.gislason@email.com');
INSERT INTO LOCATION (postcode, city, street, housenumber) values('86623', 'Hettingerton', 'Lindgren Vista', '63');
INSERT INTO PHOTOS (user_id, photo) values('208', 'deflt.jpg');
INSERT INTO USERDATA (user_id, location_id, photo_id, first_name, last_name, gender, birthday) values('208', '208', '208', 'Tena', 'Gislason', 'm', TO_DATE('1970-04-24', 'yyyy-mm-dd'));
INSERT INTO ENDUSER (username, password, email) values('chad.krajcik', 'BfFPih2zgp', 'chad.krajcik@email.com');
INSERT INTO LOCATION (postcode, city, street, housenumber) values('45918', 'Adanborough', 'McKenzie Pine', '60');
INSERT INTO PHOTOS (user_id, photo) values('209', 'deflt.jpg');
INSERT INTO USERDATA (user_id, location_id, photo_id, first_name, last_name, gender, birthday) values('209', '209', '209', 'Chad', 'Krajcik', 'm', TO_DATE('1967-08-15', 'yyyy-mm-dd'));
INSERT INTO ENDUSER (username, password, email) values('reynalda.kunze', '2harPIM5m4', 'reynalda.kunze@email.com');
INSERT INTO LOCATION (postcode, city, street, housenumber) values('88938', 'Dickistad', 'Legros Ranch', '0');
INSERT INTO PHOTOS (user_id, photo) values('210', 'deflt.jpg');
INSERT INTO USERDATA (user_id, location_id, photo_id, first_name, last_name, gender, birthday) values('210', '210', '210', 'Reynalda', 'Kunze', 'f', TO_DATE('1960-05-31', 'yyyy-mm-dd'));
INSERT INTO ENDUSER (username, password, email) values('glinda.kuphal', '9yJAzpW0nv', 'glinda.kuphal@email.com');
INSERT INTO LOCATION (postcode, city, street, housenumber) values('55239-0867', 'Dickinsonstad', 'Gislason View', '48');
INSERT INTO PHOTOS (user_id, photo) values('211', 'deflt.jpg');
INSERT INTO USERDATA (user_id, location_id, photo_id, first_name, last_name, gender, birthday) values('211', '211', '211', 'Glinda', 'Kuphal', 'm', TO_DATE('1983-06-21', 'yyyy-mm-dd'));
INSERT INTO ENDUSER (username, password, email) values('burton.johnson', 'whjPTbCEcY', 'burton.johnson@email.com');
INSERT INTO LOCATION (postcode, city, street, housenumber) values('99319', 'Coyfurt', 'Cummings Stravenue', '86');
INSERT INTO PHOTOS (user_id, photo) values('212', 'deflt.jpg');
INSERT INTO USERDATA (user_id, location_id, photo_id, first_name, last_name, gender, birthday) values('212', '212', '212', 'Burton', 'Johnson', 'm', TO_DATE('1978-06-23', 'yyyy-mm-dd'));
INSERT INTO ENDUSER (username, password, email) values('tova.vandervort', 'qeufDrj06o', 'tova.vandervort@email.com');
INSERT INTO LOCATION (postcode, city, street, housenumber) values('59676-7531', 'East Deanne', 'Irving Mountain', '29');
INSERT INTO PHOTOS (user_id, photo) values('213', 'deflt.jpg');
INSERT INTO USERDATA (user_id, location_id, photo_id, first_name, last_name, gender, birthday) values('213', '213', '213', 'Tova', 'Vandervort', 'f', TO_DATE('1961-10-20', 'yyyy-mm-dd'));
INSERT INTO ENDUSER (username, password, email) values('vicente.nicolas', 'l0MP4nqBxp', 'vicente.nicolas@email.com');
INSERT INTO LOCATION (postcode, city, street, housenumber) values('93324-2311', 'Lake Lilianmouth', 'Corwin Ports', '71');
INSERT INTO PHOTOS (user_id, photo) values('214', 'deflt.jpg');
INSERT INTO USERDATA (user_id, location_id, photo_id, first_name, last_name, gender, birthday) values('214', '214', '214', 'Vicente', 'Nicolas', 'f', TO_DATE('1997-01-23', 'yyyy-mm-dd'));
INSERT INTO ENDUSER (username, password, email) values('sherwood.abbott', 'jg1MxckZGC', 'sherwood.abbott@email.com');
INSERT INTO LOCATION (postcode, city, street, housenumber) values('84756', 'Murphyshire', 'Renate Stream', '13');
INSERT INTO PHOTOS (user_id, photo) values('215', 'deflt.jpg');
INSERT INTO USERDATA (user_id, location_id, photo_id, first_name, last_name, gender, birthday) values('215', '215', '215', 'Sherwood', 'Abbott', 'm', TO_DATE('1984-06-16', 'yyyy-mm-dd'));
INSERT INTO ENDUSER (username, password, email) values('lee.hilll', 'pJzA25lKyg', 'lee.hilll@email.com');
INSERT INTO LOCATION (postcode, city, street, housenumber) values('68852-9819', 'North Warren', 'Mitchell Falls', '41');
INSERT INTO PHOTOS (user_id, photo) values('216', 'deflt.jpg');
INSERT INTO USERDATA (user_id, location_id, photo_id, first_name, last_name, gender, birthday) values('216', '216', '216', 'Lee', 'Hilll', 'f', TO_DATE('1986-09-14', 'yyyy-mm-dd'));
INSERT INTO ENDUSER (username, password, email) values('priscilla.windler', 'vuwSFEU84q', 'priscilla.windler@email.com');
INSERT INTO LOCATION (postcode, city, street, housenumber) values('90691', 'Leanstad', 'Jeffrey Forks', '36');
INSERT INTO PHOTOS (user_id, photo) values('217', 'deflt.jpg');
INSERT INTO USERDATA (user_id, location_id, photo_id, first_name, last_name, gender, birthday) values('217', '217', '217', 'Priscilla', 'Windler', 'm', TO_DATE('1990-04-17', 'yyyy-mm-dd'));
INSERT INTO ENDUSER (username, password, email) values('darwin.wehner', 'ikHDpV56nd', 'darwin.wehner@email.com');
INSERT INTO LOCATION (postcode, city, street, housenumber) values('87869-6110', 'Katharinafurt', 'Douglas Port', '88');
INSERT INTO PHOTOS (user_id, photo) values('218', 'deflt.jpg');
INSERT INTO USERDATA (user_id, location_id, photo_id, first_name, last_name, gender, birthday) values('218', '218', '218', 'Darwin', 'Wehner', 'f', TO_DATE('1980-03-17', 'yyyy-mm-dd'));
INSERT INTO ENDUSER (username, password, email) values('ivory.barrows', 'DGQb6OpRMJ', 'ivory.barrows@email.com');
INSERT INTO LOCATION (postcode, city, street, housenumber) values('17614', 'New Alixmouth', 'Rae Street', '10');
INSERT INTO PHOTOS (user_id, photo) values('219', 'deflt.jpg');
INSERT INTO USERDATA (user_id, location_id, photo_id, first_name, last_name, gender, birthday) values('219', '219', '219', 'Ivory', 'Barrows', 'm', TO_DATE('1959-07-28', 'yyyy-mm-dd'));
INSERT INTO ENDUSER (username, password, email) values('genevieve.boehm', 'rDi5EPKOkM', 'genevieve.boehm@email.com');
INSERT INTO LOCATION (postcode, city, street, housenumber) values('59812', 'Ginettetown', 'Kuvalis Stream', '33');
INSERT INTO PHOTOS (user_id, photo) values('220', 'deflt.jpg');
INSERT INTO USERDATA (user_id, location_id, photo_id, first_name, last_name, gender, birthday) values('220', '220', '220', 'Genevieve', 'Boehm', 'm', TO_DATE('1994-08-29', 'yyyy-mm-dd'));
INSERT INTO ENDUSER (username, password, email) values('dave.o_connell', 'rVgPaXAvpj', 'dave.o_connell@email.com');
INSERT INTO LOCATION (postcode, city, street, housenumber) values('64651-0339', 'Wilfredoville', 'Brekke Fords', '74');
INSERT INTO PHOTOS (user_id, photo) values('221', 'deflt.jpg');
INSERT INTO USERDATA (user_id, location_id, photo_id, first_name, last_name, gender, birthday) values('221', '221', '221', 'Dave', 'O_Connell', 'm', TO_DATE('1992-03-11', 'yyyy-mm-dd'));
INSERT INTO ENDUSER (username, password, email) values('gilberto.wuckert', 'SHb1eE6RpN', 'gilberto.wuckert@email.com');
INSERT INTO LOCATION (postcode, city, street, housenumber) values('89951', 'Kylefurt', 'Catalina Parkways', '51');
INSERT INTO PHOTOS (user_id, photo) values('222', 'deflt.jpg');
INSERT INTO USERDATA (user_id, location_id, photo_id, first_name, last_name, gender, birthday) values('222', '222', '222', 'Gilberto', 'Wuckert', 'm', TO_DATE('1983-06-27', 'yyyy-mm-dd'));
INSERT INTO ENDUSER (username, password, email) values('elizbeth.jenkins', 'W0RA3quFiL', 'elizbeth.jenkins@email.com');
INSERT INTO LOCATION (postcode, city, street, housenumber) values('47644', 'Trinastad', 'Phylis Mountain', '45');
INSERT INTO PHOTOS (user_id, photo) values('223', 'deflt.jpg');
INSERT INTO USERDATA (user_id, location_id, photo_id, first_name, last_name, gender, birthday) values('223', '223', '223', 'Elizbeth', 'Jenkins', 'm', TO_DATE('1991-04-04', 'yyyy-mm-dd'));
INSERT INTO ENDUSER (username, password, email) values('kelsey.treutel', 'nA1LS8HCBx', 'kelsey.treutel@email.com');
INSERT INTO LOCATION (postcode, city, street, housenumber) values('85546-9150', 'Walshside', 'Tromp Turnpike', '63');
INSERT INTO PHOTOS (user_id, photo) values('224', 'deflt.jpg');
INSERT INTO USERDATA (user_id, location_id, photo_id, first_name, last_name, gender, birthday) values('224', '224', '224', 'Kelsey', 'Treutel', 'f', TO_DATE('1963-06-03', 'yyyy-mm-dd'));
INSERT INTO ENDUSER (username, password, email) values('lyn.treutel', 'WICRu9ycaH', 'lyn.treutel@email.com');
INSERT INTO LOCATION (postcode, city, street, housenumber) values('47566-9565', 'Faheyview', 'Brekke Lights', '70');
INSERT INTO PHOTOS (user_id, photo) values('225', 'deflt.jpg');
INSERT INTO USERDATA (user_id, location_id, photo_id, first_name, last_name, gender, birthday) values('225', '225', '225', 'Lyn', 'Treutel', 'f', TO_DATE('1968-07-09', 'yyyy-mm-dd'));
INSERT INTO ENDUSER (username, password, email) values('chauncey.hauck', 'od16yWrXj9', 'chauncey.hauck@email.com');
INSERT INTO LOCATION (postcode, city, street, housenumber) values('20179', 'South Clemente', 'Virgina Expressway', '15');
INSERT INTO PHOTOS (user_id, photo) values('226', 'deflt.jpg');
INSERT INTO USERDATA (user_id, location_id, photo_id, first_name, last_name, gender, birthday) values('226', '226', '226', 'Chauncey', 'Hauck', 'm', TO_DATE('1991-05-25', 'yyyy-mm-dd'));
INSERT INTO ENDUSER (username, password, email) values('sally.crooks', 'DKwecmJ4o5', 'sally.crooks@email.com');
INSERT INTO LOCATION (postcode, city, street, housenumber) values('97236-7299', 'Matthewside', 'Langworth Dale', '96');
INSERT INTO PHOTOS (user_id, photo) values('227', 'deflt.jpg');
INSERT INTO USERDATA (user_id, location_id, photo_id, first_name, last_name, gender, birthday) values('227', '227', '227', 'Sally', 'Crooks', 'f', TO_DATE('1976-01-23', 'yyyy-mm-dd'));
INSERT INTO ENDUSER (username, password, email) values('jamee.stoltenberg', '50oxBKTDP2', 'jamee.stoltenberg@email.com');
INSERT INTO LOCATION (postcode, city, street, housenumber) values('80927', 'Sonjaside', 'Sporer Squares', '73');
INSERT INTO PHOTOS (user_id, photo) values('228', 'deflt.jpg');
INSERT INTO USERDATA (user_id, location_id, photo_id, first_name, last_name, gender, birthday) values('228', '228', '228', 'Jamee', 'Stoltenberg', 'm', TO_DATE('1974-09-30', 'yyyy-mm-dd'));
INSERT INTO ENDUSER (username, password, email) values('albina.ward', 'WVaCjgMUcI', 'albina.ward@email.com');
INSERT INTO LOCATION (postcode, city, street, housenumber) values('31256', 'Beerberg', 'Jacquelyn Fields', '62');
INSERT INTO PHOTOS (user_id, photo) values('229', 'deflt.jpg');
INSERT INTO USERDATA (user_id, location_id, photo_id, first_name, last_name, gender, birthday) values('229', '229', '229', 'Albina', 'Ward', 'f', TO_DATE('1982-03-31', 'yyyy-mm-dd'));
INSERT INTO ENDUSER (username, password, email) values('doreen.zboncak', 'f0NJxCUpjR', 'doreen.zboncak@email.com');
INSERT INTO LOCATION (postcode, city, street, housenumber) values('83701', 'West Brian', 'Langosh Springs', '11');
INSERT INTO PHOTOS (user_id, photo) values('230', 'deflt.jpg');
INSERT INTO USERDATA (user_id, location_id, photo_id, first_name, last_name, gender, birthday) values('230', '230', '230', 'Doreen', 'Zboncak', 'm', TO_DATE('1979-01-18', 'yyyy-mm-dd'));
INSERT INTO ENDUSER (username, password, email) values('vernon.o_connell', 'RgPZBHq3mV', 'vernon.o_connell@email.com');
INSERT INTO LOCATION (postcode, city, street, housenumber) values('46765', 'Jayebury', 'Bauch Divide', '30');
INSERT INTO PHOTOS (user_id, photo) values('231', 'deflt.jpg');
INSERT INTO USERDATA (user_id, location_id, photo_id, first_name, last_name, gender, birthday) values('231', '231', '231', 'Vernon', 'O_Connell', 'm', TO_DATE('1987-10-13', 'yyyy-mm-dd'));
INSERT INTO ENDUSER (username, password, email) values('candra.labadie', 'VTSo3DP6If', 'candra.labadie@email.com');
INSERT INTO LOCATION (postcode, city, street, housenumber) values('56705', 'Leanoramouth', 'Richard Inlet', '63');
INSERT INTO PHOTOS (user_id, photo) values('232', 'deflt.jpg');
INSERT INTO USERDATA (user_id, location_id, photo_id, first_name, last_name, gender, birthday) values('232', '232', '232', 'Candra', 'Labadie', 'f', TO_DATE('2001-05-08', 'yyyy-mm-dd'));
INSERT INTO ENDUSER (username, password, email) values('geraldine.witting', 'o02wrERpcQ', 'geraldine.witting@email.com');
INSERT INTO LOCATION (postcode, city, street, housenumber) values('47724-4563', 'West Sherellville', 'Orn Lakes', '8');
INSERT INTO PHOTOS (user_id, photo) values('233', 'deflt.jpg');
INSERT INTO USERDATA (user_id, location_id, photo_id, first_name, last_name, gender, birthday) values('233', '233', '233', 'Geraldine', 'Witting', 'f', TO_DATE('1965-06-29', 'yyyy-mm-dd'));
INSERT INTO ENDUSER (username, password, email) values('ulysses.stehr', 'QY86aDjEdO', 'ulysses.stehr@email.com');
INSERT INTO LOCATION (postcode, city, street, housenumber) values('28910-1438', 'Port Wiley', 'Kozey Drive', '57');
INSERT INTO PHOTOS (user_id, photo) values('234', 'deflt.jpg');
INSERT INTO USERDATA (user_id, location_id, photo_id, first_name, last_name, gender, birthday) values('234', '234', '234', 'Ulysses', 'Stehr', 'f', TO_DATE('1993-04-02', 'yyyy-mm-dd'));
INSERT INTO ENDUSER (username, password, email) values('rosaline.ritchie', 's5DNj6MtJY', 'rosaline.ritchie@email.com');
INSERT INTO LOCATION (postcode, city, street, housenumber) values('66092', 'Shericeville', 'Mercedez Trafficway', '7');
INSERT INTO PHOTOS (user_id, photo) values('235', 'deflt.jpg');
INSERT INTO USERDATA (user_id, location_id, photo_id, first_name, last_name, gender, birthday) values('235', '235', '235', 'Rosaline', 'Ritchie', 'm', TO_DATE('1964-02-13', 'yyyy-mm-dd'));
INSERT INTO ENDUSER (username, password, email) values('edgardo.fritsch', 'JN3o8sPiew', 'edgardo.fritsch@email.com');
INSERT INTO LOCATION (postcode, city, street, housenumber) values('63618-9528', 'East Leslie', 'Walker Cape', '31');
INSERT INTO PHOTOS (user_id, photo) values('236', 'deflt.jpg');
INSERT INTO USERDATA (user_id, location_id, photo_id, first_name, last_name, gender, birthday) values('236', '236', '236', 'Edgardo', 'Fritsch', 'm', TO_DATE('1969-07-26', 'yyyy-mm-dd'));
INSERT INTO ENDUSER (username, password, email) values('brady.connelly', 'OxFsVzjGWw', 'brady.connelly@email.com');
INSERT INTO LOCATION (postcode, city, street, housenumber) values('47379', 'Casimirahaven', 'Gertrude Stream', '21');
INSERT INTO PHOTOS (user_id, photo) values('237', 'deflt.jpg');
INSERT INTO USERDATA (user_id, location_id, photo_id, first_name, last_name, gender, birthday) values('237', '237', '237', 'Brady', 'Connelly', 'f', TO_DATE('1962-05-10', 'yyyy-mm-dd'));
INSERT INTO ENDUSER (username, password, email) values('renaldo.shields', 'vY7RCJnT2m', 'renaldo.shields@email.com');
INSERT INTO LOCATION (postcode, city, street, housenumber) values('96476', 'Beierberg', 'Sergio Point', '10');
INSERT INTO PHOTOS (user_id, photo) values('238', 'deflt.jpg');
INSERT INTO USERDATA (user_id, location_id, photo_id, first_name, last_name, gender, birthday) values('238', '238', '238', 'Renaldo', 'Shields', 'm', TO_DATE('1986-12-30', 'yyyy-mm-dd'));
INSERT INTO ENDUSER (username, password, email) values('marissa.rice', 'jEm4X9WLev', 'marissa.rice@email.com');
INSERT INTO LOCATION (postcode, city, street, housenumber) values('75212-7616', 'Streichshire', 'Hodkiewicz Stream', '48');
INSERT INTO PHOTOS (user_id, photo) values('239', 'deflt.jpg');
INSERT INTO USERDATA (user_id, location_id, photo_id, first_name, last_name, gender, birthday) values('239', '239', '239', 'Marissa', 'Rice', 'm', TO_DATE('1959-10-04', 'yyyy-mm-dd'));
INSERT INTO ENDUSER (username, password, email) values('linwood.osinski', 'GU8BwNc6s7', 'linwood.osinski@email.com');
INSERT INTO LOCATION (postcode, city, street, housenumber) values('80745-6613', 'Joditown', 'Phillip Causeway', '9');
INSERT INTO PHOTOS (user_id, photo) values('240', 'deflt.jpg');
INSERT INTO USERDATA (user_id, location_id, photo_id, first_name, last_name, gender, birthday) values('240', '240', '240', 'Linwood', 'Osinski', 'f', TO_DATE('1986-06-19', 'yyyy-mm-dd'));
INSERT INTO ENDUSER (username, password, email) values('dannette.block', 'S0IOeGcEZV', 'dannette.block@email.com');
INSERT INTO LOCATION (postcode, city, street, housenumber) values('66073-3825', 'Rohanstad', 'Schmitt Cliff', '2');
INSERT INTO PHOTOS (user_id, photo) values('241', 'deflt.jpg');
INSERT INTO USERDATA (user_id, location_id, photo_id, first_name, last_name, gender, birthday) values('241', '241', '241', 'Dannette', 'Block', 'f', TO_DATE('1987-06-29', 'yyyy-mm-dd'));
INSERT INTO ENDUSER (username, password, email) values('mira.legros', 'X2C9bdR1qx', 'mira.legros@email.com');
INSERT INTO LOCATION (postcode, city, street, housenumber) values('84744', 'Shantelberg', 'Hahn Springs', '71');
INSERT INTO PHOTOS (user_id, photo) values('242', 'deflt.jpg');
INSERT INTO USERDATA (user_id, location_id, photo_id, first_name, last_name, gender, birthday) values('242', '242', '242', 'Mira', 'Legros', 'f', TO_DATE('1983-12-03', 'yyyy-mm-dd'));
INSERT INTO ENDUSER (username, password, email) values('paulita.miller', 'SpZb5naLfQ', 'paulita.miller@email.com');
INSERT INTO LOCATION (postcode, city, street, housenumber) values('07311-8253', 'Klingfurt', 'Wilderman Street', '95');
INSERT INTO PHOTOS (user_id, photo) values('243', 'deflt.jpg');
INSERT INTO USERDATA (user_id, location_id, photo_id, first_name, last_name, gender, birthday) values('243', '243', '243', 'Paulita', 'Miller', 'm', TO_DATE('1975-03-19', 'yyyy-mm-dd'));
INSERT INTO ENDUSER (username, password, email) values('france.hoeger', 'tSAejYnGiI', 'france.hoeger@email.com');
INSERT INTO LOCATION (postcode, city, street, housenumber) values('34210-0645', 'Coleland', 'Gricelda Ports', '21');
INSERT INTO PHOTOS (user_id, photo) values('244', 'deflt.jpg');
INSERT INTO USERDATA (user_id, location_id, photo_id, first_name, last_name, gender, birthday) values('244', '244', '244', 'France', 'Hoeger', 'f', TO_DATE('1984-06-20', 'yyyy-mm-dd'));
INSERT INTO ENDUSER (username, password, email) values('soila.feest', 'ALqucxZkK5', 'soila.feest@email.com');
INSERT INTO LOCATION (postcode, city, street, housenumber) values('89566-0127', 'East Shakiraport', 'Stiedemann Common', '80');
INSERT INTO PHOTOS (user_id, photo) values('245', 'deflt.jpg');
INSERT INTO USERDATA (user_id, location_id, photo_id, first_name, last_name, gender, birthday) values('245', '245', '245', 'Soila', 'Feest', 'm', TO_DATE('1990-05-13', 'yyyy-mm-dd'));
INSERT INTO ENDUSER (username, password, email) values('elsy.schmeler', 'WzQi1j4SRI', 'elsy.schmeler@email.com');
INSERT INTO LOCATION (postcode, city, street, housenumber) values('56612', 'South Verlachester', 'Casey Inlet', '60');
INSERT INTO PHOTOS (user_id, photo) values('246', 'deflt.jpg');
INSERT INTO USERDATA (user_id, location_id, photo_id, first_name, last_name, gender, birthday) values('246', '246', '246', 'Elsy', 'Schmeler', 'm', TO_DATE('1963-11-16', 'yyyy-mm-dd'));
INSERT INTO ENDUSER (username, password, email) values('glennis.dickens', 'YytDJTEm91', 'glennis.dickens@email.com');
INSERT INTO LOCATION (postcode, city, street, housenumber) values('29280-0621', 'New Rashadshire', 'Shawnna Expressway', '49');
INSERT INTO PHOTOS (user_id, photo) values('247', 'deflt.jpg');
INSERT INTO USERDATA (user_id, location_id, photo_id, first_name, last_name, gender, birthday) values('247', '247', '247', 'Glennis', 'Dickens', 'm', TO_DATE('1977-09-20', 'yyyy-mm-dd'));
INSERT INTO ENDUSER (username, password, email) values('katerine.huel', 'JOpM6Z3inj', 'katerine.huel@email.com');
INSERT INTO LOCATION (postcode, city, street, housenumber) values('75580', 'Port Emoryside', 'Ruecker Lakes', '92');
INSERT INTO PHOTOS (user_id, photo) values('248', 'deflt.jpg');
INSERT INTO USERDATA (user_id, location_id, photo_id, first_name, last_name, gender, birthday) values('248', '248', '248', 'Katerine', 'Huel', 'm', TO_DATE('1997-10-19', 'yyyy-mm-dd'));
INSERT INTO ENDUSER (username, password, email) values('salvatore.howell', '6MCUDegc4r', 'salvatore.howell@email.com');
INSERT INTO LOCATION (postcode, city, street, housenumber) values('07819-0010', 'Jerimouth', 'Fay Locks', '88');
INSERT INTO PHOTOS (user_id, photo) values('249', 'deflt.jpg');
INSERT INTO USERDATA (user_id, location_id, photo_id, first_name, last_name, gender, birthday) values('249', '249', '249', 'Salvatore', 'Howell', 'm', TO_DATE('1963-03-14', 'yyyy-mm-dd'));
INSERT INTO ENDUSER (username, password, email) values('kasie.kilback', 'FCsZW2dl97', 'kasie.kilback@email.com');
INSERT INTO LOCATION (postcode, city, street, housenumber) values('05713-4441', 'Tracyton', 'Beer Extensions', '37');
INSERT INTO PHOTOS (user_id, photo) values('250', 'deflt.jpg');
INSERT INTO USERDATA (user_id, location_id, photo_id, first_name, last_name, gender, birthday) values('250', '250', '250', 'Kasie', 'Kilback', 'm', TO_DATE('1989-05-20', 'yyyy-mm-dd'));
INSERT INTO ENDUSER (username, password, email) values('alta.heidenreich', 'KzfDL5cunS', 'alta.heidenreich@email.com');
INSERT INTO LOCATION (postcode, city, street, housenumber) values('34597-0782', 'North Malcolmfort', 'Russel Stream', '50');
INSERT INTO PHOTOS (user_id, photo) values('251', 'deflt.jpg');
INSERT INTO USERDATA (user_id, location_id, photo_id, first_name, last_name, gender, birthday) values('251', '251', '251', 'Alta', 'Heidenreich', 'm', TO_DATE('1984-12-18', 'yyyy-mm-dd'));
INSERT INTO ENDUSER (username, password, email) values('genevie.boyer', 'MTH3lkKhtZ', 'genevie.boyer@email.com');
INSERT INTO LOCATION (postcode, city, street, housenumber) values('29013-6563', 'Cletusbury', 'Larson Flats', '48');
INSERT INTO PHOTOS (user_id, photo) values('252', 'deflt.jpg');
INSERT INTO USERDATA (user_id, location_id, photo_id, first_name, last_name, gender, birthday) values('252', '252', '252', 'Genevie', 'Boyer', 'm', TO_DATE('1959-02-10', 'yyyy-mm-dd'));
INSERT INTO ENDUSER (username, password, email) values('carmon.larkin', 'sb96LPm1iM', 'carmon.larkin@email.com');
INSERT INTO LOCATION (postcode, city, street, housenumber) values('47126-5213', 'South Denis', 'Cummings Mountain', '13');
INSERT INTO PHOTOS (user_id, photo) values('253', 'deflt.jpg');
INSERT INTO USERDATA (user_id, location_id, photo_id, first_name, last_name, gender, birthday) values('253', '253', '253', 'Carmon', 'Larkin', 'm', TO_DATE('1968-09-06', 'yyyy-mm-dd'));
INSERT INTO ENDUSER (username, password, email) values('kiersten.heaney', 'b9SmL7n5Jv', 'kiersten.heaney@email.com');
INSERT INTO LOCATION (postcode, city, street, housenumber) values('17540', 'Satterfieldmouth', 'Morissette Fall', '92');
INSERT INTO PHOTOS (user_id, photo) values('254', 'deflt.jpg');
INSERT INTO USERDATA (user_id, location_id, photo_id, first_name, last_name, gender, birthday) values('254', '254', '254', 'Kiersten', 'Heaney', 'f', TO_DATE('1987-04-13', 'yyyy-mm-dd'));
INSERT INTO ENDUSER (username, password, email) values('trang.mckenzie', 'YLWAFC8m5u', 'trang.mckenzie@email.com');
INSERT INTO LOCATION (postcode, city, street, housenumber) values('13939', 'West Abe', 'Glen Ridge', '81');
INSERT INTO PHOTOS (user_id, photo) values('255', 'deflt.jpg');
INSERT INTO USERDATA (user_id, location_id, photo_id, first_name, last_name, gender, birthday) values('255', '255', '255', 'Trang', 'McKenzie', 'm', TO_DATE('1996-06-28', 'yyyy-mm-dd'));
INSERT INTO ENDUSER (username, password, email) values('deidra.murazik', 'FfD0ZXow6O', 'deidra.murazik@email.com');
INSERT INTO LOCATION (postcode, city, street, housenumber) values('81397', 'Giselleshire', 'O_Hara Center', '27');
INSERT INTO PHOTOS (user_id, photo) values('256', 'deflt.jpg');
INSERT INTO USERDATA (user_id, location_id, photo_id, first_name, last_name, gender, birthday) values('256', '256', '256', 'Deidra', 'Murazik', 'm', TO_DATE('1979-04-08', 'yyyy-mm-dd'));
INSERT INTO ENDUSER (username, password, email) values('wallace.shields', 'RneZbDTx5U', 'wallace.shields@email.com');
INSERT INTO LOCATION (postcode, city, street, housenumber) values('55085-3572', 'Bobetteport', 'Reginia Falls', '68');
INSERT INTO PHOTOS (user_id, photo) values('257', 'deflt.jpg');
INSERT INTO USERDATA (user_id, location_id, photo_id, first_name, last_name, gender, birthday) values('257', '257', '257', 'Wallace', 'Shields', 'f', TO_DATE('1996-03-09', 'yyyy-mm-dd'));
INSERT INTO ENDUSER (username, password, email) values('benton.hauck', 'WEBMtiJynS', 'benton.hauck@email.com');
INSERT INTO LOCATION (postcode, city, street, housenumber) values('23293-1752', 'South Luigichester', 'Zane Common', '72');
INSERT INTO PHOTOS (user_id, photo) values('258', 'deflt.jpg');
INSERT INTO USERDATA (user_id, location_id, photo_id, first_name, last_name, gender, birthday) values('258', '258', '258', 'Benton', 'Hauck', 'm', TO_DATE('1973-06-03', 'yyyy-mm-dd'));
INSERT INTO ENDUSER (username, password, email) values('vern.barton', '35AcisrxeR', 'vern.barton@email.com');
INSERT INTO LOCATION (postcode, city, street, housenumber) values('12360', 'South Barrett', 'Deeann Points', '41');
INSERT INTO PHOTOS (user_id, photo) values('259', 'deflt.jpg');
INSERT INTO USERDATA (user_id, location_id, photo_id, first_name, last_name, gender, birthday) values('259', '259', '259', 'Vern', 'Barton', 'f', TO_DATE('1967-06-21', 'yyyy-mm-dd'));
INSERT INTO ENDUSER (username, password, email) values('numbers.klein', 'N42EGa6ftA', 'numbers.klein@email.com');
INSERT INTO LOCATION (postcode, city, street, housenumber) values('85197', 'East Donniemouth', 'Strosin Lights', '67');
INSERT INTO PHOTOS (user_id, photo) values('260', 'deflt.jpg');
INSERT INTO USERDATA (user_id, location_id, photo_id, first_name, last_name, gender, birthday) values('260', '260', '260', 'Numbers', 'Klein', 'f', TO_DATE('1972-04-29', 'yyyy-mm-dd'));
INSERT INTO ENDUSER (username, password, email) values('marshall.waters', 'ZBqzrpIxFd', 'marshall.waters@email.com');
INSERT INTO LOCATION (postcode, city, street, housenumber) values('96772-3049', 'Boganburgh', 'Breitenberg Lake', '33');
INSERT INTO PHOTOS (user_id, photo) values('261', 'deflt.jpg');
INSERT INTO USERDATA (user_id, location_id, photo_id, first_name, last_name, gender, birthday) values('261', '261', '261', 'Marshall', 'Waters', 'm', TO_DATE('1996-09-09', 'yyyy-mm-dd'));
INSERT INTO ENDUSER (username, password, email) values('melvin.o_reilly', 'bA6o2BYarH', 'melvin.o_reilly@email.com');
INSERT INTO LOCATION (postcode, city, street, housenumber) values('64833-6451', 'New Ollie', 'Grant Expressway', '44');
INSERT INTO PHOTOS (user_id, photo) values('262', 'deflt.jpg');
INSERT INTO USERDATA (user_id, location_id, photo_id, first_name, last_name, gender, birthday) values('262', '262', '262', 'Melvin', 'O_Reilly', 'f', TO_DATE('1962-01-04', 'yyyy-mm-dd'));
INSERT INTO ENDUSER (username, password, email) values('shamika.quigley', 'cSFCYdeu2A', 'shamika.quigley@email.com');
INSERT INTO LOCATION (postcode, city, street, housenumber) values('03845-1548', 'Johnstonfurt', 'Ana Stravenue', '32');
INSERT INTO PHOTOS (user_id, photo) values('263', 'deflt.jpg');
INSERT INTO USERDATA (user_id, location_id, photo_id, first_name, last_name, gender, birthday) values('263', '263', '263', 'Shamika', 'Quigley', 'm', TO_DATE('1971-05-17', 'yyyy-mm-dd'));
INSERT INTO ENDUSER (username, password, email) values('danae.corwin', '3toT0dHPYh', 'danae.corwin@email.com');
INSERT INTO LOCATION (postcode, city, street, housenumber) values('70508-1692', 'Bogisichchester', 'Thomas Fields', '9');
INSERT INTO PHOTOS (user_id, photo) values('264', 'deflt.jpg');
INSERT INTO USERDATA (user_id, location_id, photo_id, first_name, last_name, gender, birthday) values('264', '264', '264', 'Danae', 'Corwin', 'm', TO_DATE('1958-04-22', 'yyyy-mm-dd'));
INSERT INTO ENDUSER (username, password, email) values('salvatore.howe', 'xwq3ZaGfEr', 'salvatore.howe@email.com');
INSERT INTO LOCATION (postcode, city, street, housenumber) values('11124-2260', 'Jacklynbury', 'Schaden Locks', '33');
INSERT INTO PHOTOS (user_id, photo) values('265', 'deflt.jpg');
INSERT INTO USERDATA (user_id, location_id, photo_id, first_name, last_name, gender, birthday) values('265', '265', '265', 'Salvatore', 'Howe', 'm', TO_DATE('1980-11-04', 'yyyy-mm-dd'));
INSERT INTO ENDUSER (username, password, email) values('rebbeca.fritsch', '3qVkMDhQoY', 'rebbeca.fritsch@email.com');
INSERT INTO LOCATION (postcode, city, street, housenumber) values('97212', 'Port Devinville', 'Dickens Course', '4');
INSERT INTO PHOTOS (user_id, photo) values('266', 'deflt.jpg');
INSERT INTO USERDATA (user_id, location_id, photo_id, first_name, last_name, gender, birthday) values('266', '266', '266', 'Rebbeca', 'Fritsch', 'm', TO_DATE('1997-06-10', 'yyyy-mm-dd'));
INSERT INTO ENDUSER (username, password, email) values('ezekiel.schroeder', 'ftrOTnEe04', 'ezekiel.schroeder@email.com');
INSERT INTO LOCATION (postcode, city, street, housenumber) values('27361', 'East Harrisonview', 'Andy Row', '96');
INSERT INTO PHOTOS (user_id, photo) values('267', 'deflt.jpg');
INSERT INTO USERDATA (user_id, location_id, photo_id, first_name, last_name, gender, birthday) values('267', '267', '267', 'Ezekiel', 'Schroeder', 'm', TO_DATE('1982-12-06', 'yyyy-mm-dd'));
INSERT INTO ENDUSER (username, password, email) values('ruthie.beier', 'PqNxrkRMXI', 'ruthie.beier@email.com');
INSERT INTO LOCATION (postcode, city, street, housenumber) values('76924', 'New Taina', 'Alba Camp', '16');
INSERT INTO PHOTOS (user_id, photo) values('268', 'deflt.jpg');
INSERT INTO USERDATA (user_id, location_id, photo_id, first_name, last_name, gender, birthday) values('268', '268', '268', 'Ruthie', 'Beier', 'm', TO_DATE('1995-02-26', 'yyyy-mm-dd'));
INSERT INTO ENDUSER (username, password, email) values('susann.lynch', 'Nd10TYyRJU', 'susann.lynch@email.com');
INSERT INTO LOCATION (postcode, city, street, housenumber) values('35519-9999', 'Olsonhaven', 'Victorina Parkway', '91');
INSERT INTO PHOTOS (user_id, photo) values('269', 'deflt.jpg');
INSERT INTO USERDATA (user_id, location_id, photo_id, first_name, last_name, gender, birthday) values('269', '269', '269', 'Susann', 'Lynch', 'm', TO_DATE('2000-05-19', 'yyyy-mm-dd'));
INSERT INTO ENDUSER (username, password, email) values('jenine.stiedemann', 'jMWGACdSnN', 'jenine.stiedemann@email.com');
INSERT INTO LOCATION (postcode, city, street, housenumber) values('64517-0307', 'Hughshire', 'Dickinson Fords', '37');
INSERT INTO PHOTOS (user_id, photo) values('270', 'deflt.jpg');
INSERT INTO USERDATA (user_id, location_id, photo_id, first_name, last_name, gender, birthday) values('270', '270', '270', 'Jenine', 'Stiedemann', 'm', TO_DATE('1974-07-21', 'yyyy-mm-dd'));
INSERT INTO ENDUSER (username, password, email) values('cammy.hermann', 'A5j4eDURWX', 'cammy.hermann@email.com');
INSERT INTO LOCATION (postcode, city, street, housenumber) values('06298', 'Hodkiewiczmouth', 'Hammes Estate', '35');
INSERT INTO PHOTOS (user_id, photo) values('271', 'deflt.jpg');
INSERT INTO USERDATA (user_id, location_id, photo_id, first_name, last_name, gender, birthday) values('271', '271', '271', 'Cammy', 'Hermann', 'm', TO_DATE('1963-08-19', 'yyyy-mm-dd'));
INSERT INTO ENDUSER (username, password, email) values('marcos.sanford', 'oRvXEms7eG', 'marcos.sanford@email.com');
INSERT INTO LOCATION (postcode, city, street, housenumber) values('62162-2376', 'North Jovantown', 'Miller Neck', '36');
INSERT INTO PHOTOS (user_id, photo) values('272', 'deflt.jpg');
INSERT INTO USERDATA (user_id, location_id, photo_id, first_name, last_name, gender, birthday) values('272', '272', '272', 'Marcos', 'Sanford', 'm', TO_DATE('1978-05-09', 'yyyy-mm-dd'));
INSERT INTO ENDUSER (username, password, email) values('nathanael.emmerich', 'aReKc6yY0F', 'nathanael.emmerich@email.com');
INSERT INTO LOCATION (postcode, city, street, housenumber) values('16483', 'New Josefa', 'Kellye Mountain', '64');
INSERT INTO PHOTOS (user_id, photo) values('273', 'deflt.jpg');
INSERT INTO USERDATA (user_id, location_id, photo_id, first_name, last_name, gender, birthday) values('273', '273', '273', 'Nathanael', 'Emmerich', 'm', TO_DATE('1993-07-11', 'yyyy-mm-dd'));
INSERT INTO ENDUSER (username, password, email) values('jack.lindgren', 'sfuxkzVqtd', 'jack.lindgren@email.com');
INSERT INTO LOCATION (postcode, city, street, housenumber) values('29480-7540', 'South Berylside', 'Reva Dale', '8');
INSERT INTO PHOTOS (user_id, photo) values('274', 'deflt.jpg');
INSERT INTO USERDATA (user_id, location_id, photo_id, first_name, last_name, gender, birthday) values('274', '274', '274', 'Jack', 'Lindgren', 'm', TO_DATE('1965-11-29', 'yyyy-mm-dd'));
INSERT INTO ENDUSER (username, password, email) values('jose.bode', 'vkxoZ7dnQO', 'jose.bode@email.com');
INSERT INTO LOCATION (postcode, city, street, housenumber) values('02508-9716', 'North Kamalaside', 'Weimann Flat', '7');
INSERT INTO PHOTOS (user_id, photo) values('275', 'deflt.jpg');
INSERT INTO USERDATA (user_id, location_id, photo_id, first_name, last_name, gender, birthday) values('275', '275', '275', 'Jose', 'Bode', 'f', TO_DATE('1984-08-02', 'yyyy-mm-dd'));
INSERT INTO ENDUSER (username, password, email) values('harley.swift', 'TzncpjgQ8O', 'harley.swift@email.com');
INSERT INTO LOCATION (postcode, city, street, housenumber) values('40952-8118', 'West Georgianastad', 'Dach Bridge', '2');
INSERT INTO PHOTOS (user_id, photo) values('276', 'deflt.jpg');
INSERT INTO USERDATA (user_id, location_id, photo_id, first_name, last_name, gender, birthday) values('276', '276', '276', 'Harley', 'Swift', 'm', TO_DATE('1978-11-28', 'yyyy-mm-dd'));
INSERT INTO ENDUSER (username, password, email) values('chuck.stehr', 'lKcRWyIGCo', 'chuck.stehr@email.com');
INSERT INTO LOCATION (postcode, city, street, housenumber) values('75005', 'Wuckertberg', 'Farrell Falls', '92');
INSERT INTO PHOTOS (user_id, photo) values('277', 'deflt.jpg');
INSERT INTO USERDATA (user_id, location_id, photo_id, first_name, last_name, gender, birthday) values('277', '277', '277', 'Chuck', 'Stehr', 'm', TO_DATE('1973-02-25', 'yyyy-mm-dd'));
INSERT INTO ENDUSER (username, password, email) values('rayford.huel', 'noWmNLGiuE', 'rayford.huel@email.com');
INSERT INTO LOCATION (postcode, city, street, housenumber) values('48643', 'Agustinmouth', 'Legros Meadows', '66');
INSERT INTO PHOTOS (user_id, photo) values('278', 'deflt.jpg');
INSERT INTO USERDATA (user_id, location_id, photo_id, first_name, last_name, gender, birthday) values('278', '278', '278', 'Rayford', 'Huel', 'm', TO_DATE('1973-02-03', 'yyyy-mm-dd'));
INSERT INTO ENDUSER (username, password, email) values('shirl.rowe', 'UY3OnjlIwa', 'shirl.rowe@email.com');
INSERT INTO LOCATION (postcode, city, street, housenumber) values('66674', 'North Glenda', 'Christiansen Plains', '6');
INSERT INTO PHOTOS (user_id, photo) values('279', 'deflt.jpg');
INSERT INTO USERDATA (user_id, location_id, photo_id, first_name, last_name, gender, birthday) values('279', '279', '279', 'Shirl', 'Rowe', 'm', TO_DATE('1982-07-24', 'yyyy-mm-dd'));
INSERT INTO ENDUSER (username, password, email) values('nestor.mante', 'xUlKbeGPNA', 'nestor.mante@email.com');
INSERT INTO LOCATION (postcode, city, street, housenumber) values('50567', 'East Jacquelyn', 'Abel Overpass', '91');
INSERT INTO PHOTOS (user_id, photo) values('280', 'deflt.jpg');
INSERT INTO USERDATA (user_id, location_id, photo_id, first_name, last_name, gender, birthday) values('280', '280', '280', 'Nestor', 'Mante', 'm', TO_DATE('1985-11-30', 'yyyy-mm-dd'));
INSERT INTO ENDUSER (username, password, email) values('chun.mosciski', 'cEDZUdwkC2', 'chun.mosciski@email.com');
INSERT INTO LOCATION (postcode, city, street, housenumber) values('91349-4312', 'East Ellie', 'Boyer Ford', '12');
INSERT INTO PHOTOS (user_id, photo) values('281', 'deflt.jpg');
INSERT INTO USERDATA (user_id, location_id, photo_id, first_name, last_name, gender, birthday) values('281', '281', '281', 'Chun', 'Mosciski', 'f', TO_DATE('1959-07-09', 'yyyy-mm-dd'));
INSERT INTO ENDUSER (username, password, email) values('elida.kunze', '4wbQaKHg3B', 'elida.kunze@email.com');
INSERT INTO LOCATION (postcode, city, street, housenumber) values('68756-1709', 'West Arlieport', 'Sharie Points', '72');
INSERT INTO PHOTOS (user_id, photo) values('282', 'deflt.jpg');
INSERT INTO USERDATA (user_id, location_id, photo_id, first_name, last_name, gender, birthday) values('282', '282', '282', 'Elida', 'Kunze', 'f', TO_DATE('1965-04-04', 'yyyy-mm-dd'));
INSERT INTO ENDUSER (username, password, email) values('lynsey.murazik', 'd7c2YJFjOU', 'lynsey.murazik@email.com');
INSERT INTO LOCATION (postcode, city, street, housenumber) values('63242-5940', 'Faheyhaven', 'Christoper Corners', '93');
INSERT INTO PHOTOS (user_id, photo) values('283', 'deflt.jpg');
INSERT INTO USERDATA (user_id, location_id, photo_id, first_name, last_name, gender, birthday) values('283', '283', '283', 'Lynsey', 'Murazik', 'f', TO_DATE('1981-06-15', 'yyyy-mm-dd'));
INSERT INTO ENDUSER (username, password, email) values('carl.beahan', 'rPCXVp95Aj', 'carl.beahan@email.com');
INSERT INTO LOCATION (postcode, city, street, housenumber) values('00433-5026', 'Orvaltown', 'Benny Valley', '52');
INSERT INTO PHOTOS (user_id, photo) values('284', 'deflt.jpg');
INSERT INTO USERDATA (user_id, location_id, photo_id, first_name, last_name, gender, birthday) values('284', '284', '284', 'Carl', 'Beahan', 'f', TO_DATE('1985-08-11', 'yyyy-mm-dd'));
INSERT INTO ENDUSER (username, password, email) values('olin.dietrich', 'VjCy1diUPQ', 'olin.dietrich@email.com');
INSERT INTO LOCATION (postcode, city, street, housenumber) values('04248-5348', 'Schillerside', 'Dorsey Parks', '15');
INSERT INTO PHOTOS (user_id, photo) values('285', 'deflt.jpg');
INSERT INTO USERDATA (user_id, location_id, photo_id, first_name, last_name, gender, birthday) values('285', '285', '285', 'Olin', 'Dietrich', 'm', TO_DATE('2000-12-04', 'yyyy-mm-dd'));
INSERT INTO ENDUSER (username, password, email) values('cordelia.casper', 'epP8EsW0U7', 'cordelia.casper@email.com');
INSERT INTO LOCATION (postcode, city, street, housenumber) values('35025', 'North Kacie', 'Haley Park', '31');
INSERT INTO PHOTOS (user_id, photo) values('286', 'deflt.jpg');
INSERT INTO USERDATA (user_id, location_id, photo_id, first_name, last_name, gender, birthday) values('286', '286', '286', 'Cordelia', 'Casper', 'f', TO_DATE('1966-03-14', 'yyyy-mm-dd'));
INSERT INTO ENDUSER (username, password, email) values('ned.o_reilly', '7KxivoGCls', 'ned.o_reilly@email.com');
INSERT INTO LOCATION (postcode, city, street, housenumber) values('67962', 'North Herschelshire', 'Shad Hills', '30');
INSERT INTO PHOTOS (user_id, photo) values('287', 'deflt.jpg');
INSERT INTO USERDATA (user_id, location_id, photo_id, first_name, last_name, gender, birthday) values('287', '287', '287', 'Ned', 'O_Reilly', 'f', TO_DATE('1983-11-13', 'yyyy-mm-dd'));
INSERT INTO ENDUSER (username, password, email) values('asa.feil', 'KOVHAERnbC', 'asa.feil@email.com');
INSERT INTO LOCATION (postcode, city, street, housenumber) values('04055', 'Brunoview', 'Yundt Corner', '32');
INSERT INTO PHOTOS (user_id, photo) values('288', 'deflt.jpg');
INSERT INTO USERDATA (user_id, location_id, photo_id, first_name, last_name, gender, birthday) values('288', '288', '288', 'Asa', 'Feil', 'f', TO_DATE('1993-07-05', 'yyyy-mm-dd'));
INSERT INTO ENDUSER (username, password, email) values('tambra.spencer', 'xorCgY2GiO', 'tambra.spencer@email.com');
INSERT INTO LOCATION (postcode, city, street, housenumber) values('60160-7002', 'Riceberg', 'Johana Route', '46');
INSERT INTO PHOTOS (user_id, photo) values('289', 'deflt.jpg');
INSERT INTO USERDATA (user_id, location_id, photo_id, first_name, last_name, gender, birthday) values('289', '289', '289', 'Tambra', 'Spencer', 'm', TO_DATE('2001-06-05', 'yyyy-mm-dd'));
INSERT INTO ENDUSER (username, password, email) values('chandra.johnston', 'I6VRkauJph', 'chandra.johnston@email.com');
INSERT INTO LOCATION (postcode, city, street, housenumber) values('80866', 'Port Judishire', 'Howard Club', '39');
INSERT INTO PHOTOS (user_id, photo) values('290', 'deflt.jpg');
INSERT INTO USERDATA (user_id, location_id, photo_id, first_name, last_name, gender, birthday) values('290', '290', '290', 'Chandra', 'Johnston', 'm', TO_DATE('1977-04-25', 'yyyy-mm-dd'));
INSERT INTO ENDUSER (username, password, email) values('goldie.reichert', 'Kko9bP1xet', 'goldie.reichert@email.com');
INSERT INTO LOCATION (postcode, city, street, housenumber) values('74133-7901', 'East Fideltown', 'Lockman Greens', '41');
INSERT INTO PHOTOS (user_id, photo) values('291', 'deflt.jpg');
INSERT INTO USERDATA (user_id, location_id, photo_id, first_name, last_name, gender, birthday) values('291', '291', '291', 'Goldie', 'Reichert', 'f', TO_DATE('1964-12-08', 'yyyy-mm-dd'));
INSERT INTO ENDUSER (username, password, email) values('tangela.terry', '5eJROzG7kP', 'tangela.terry@email.com');
INSERT INTO LOCATION (postcode, city, street, housenumber) values('77053-9812', 'Budport', 'Lebsack Drive', '10');
INSERT INTO PHOTOS (user_id, photo) values('292', 'deflt.jpg');
INSERT INTO USERDATA (user_id, location_id, photo_id, first_name, last_name, gender, birthday) values('292', '292', '292', 'Tangela', 'Terry', 'f', TO_DATE('2003-05-15', 'yyyy-mm-dd'));
INSERT INTO ENDUSER (username, password, email) values('nestor.walsh', 'LOo3BXyKix', 'nestor.walsh@email.com');
INSERT INTO LOCATION (postcode, city, street, housenumber) values('17331', 'South Kerstinstad', 'Labadie Court', '80');
INSERT INTO PHOTOS (user_id, photo) values('293', 'deflt.jpg');
INSERT INTO USERDATA (user_id, location_id, photo_id, first_name, last_name, gender, birthday) values('293', '293', '293', 'Nestor', 'Walsh', 'f', TO_DATE('1976-04-24', 'yyyy-mm-dd'));
INSERT INTO ENDUSER (username, password, email) values('augustina.kshlerin', 'ogbwparF0z', 'augustina.kshlerin@email.com');
INSERT INTO LOCATION (postcode, city, street, housenumber) values('16318-2242', 'Jackquelinefurt', 'Emmerich Crossing', '28');
INSERT INTO PHOTOS (user_id, photo) values('294', 'deflt.jpg');
INSERT INTO USERDATA (user_id, location_id, photo_id, first_name, last_name, gender, birthday) values('294', '294', '294', 'Augustina', 'Kshlerin', 'm', TO_DATE('1996-03-07', 'yyyy-mm-dd'));
INSERT INTO ENDUSER (username, password, email) values('ignacia.cronin', 'GVFCfxMnJ3', 'ignacia.cronin@email.com');
INSERT INTO LOCATION (postcode, city, street, housenumber) values('35985', 'Shantimouth', 'Sawayn Prairie', '53');
INSERT INTO PHOTOS (user_id, photo) values('295', 'deflt.jpg');
INSERT INTO USERDATA (user_id, location_id, photo_id, first_name, last_name, gender, birthday) values('295', '295', '295', 'Ignacia', 'Cronin', 'f', TO_DATE('1959-05-02', 'yyyy-mm-dd'));
INSERT INTO ENDUSER (username, password, email) values('candida.koelpin', 'nKtiJ2WoIC', 'candida.koelpin@email.com');
INSERT INTO LOCATION (postcode, city, street, housenumber) values('52539-2915', 'Greenholtburgh', 'Luettgen Trail', '23');
INSERT INTO PHOTOS (user_id, photo) values('296', 'deflt.jpg');
INSERT INTO USERDATA (user_id, location_id, photo_id, first_name, last_name, gender, birthday) values('296', '296', '296', 'Candida', 'Koelpin', 'm', TO_DATE('1975-01-09', 'yyyy-mm-dd'));
INSERT INTO ENDUSER (username, password, email) values('frederic.champlin', '7OjFLDGRnt', 'frederic.champlin@email.com');
INSERT INTO LOCATION (postcode, city, street, housenumber) values('42225-0793', 'Port Adelineborough', 'Zemlak Mount', '83');
INSERT INTO PHOTOS (user_id, photo) values('297', 'deflt.jpg');
INSERT INTO USERDATA (user_id, location_id, photo_id, first_name, last_name, gender, birthday) values('297', '297', '297', 'Frederic', 'Champlin', 'm', TO_DATE('1963-12-15', 'yyyy-mm-dd'));
INSERT INTO ENDUSER (username, password, email) values('madelaine.kreiger', 'loP3HUcS0w', 'madelaine.kreiger@email.com');
INSERT INTO LOCATION (postcode, city, street, housenumber) values('75177-4673', 'South Callie', 'Paris Glen', '7');
INSERT INTO PHOTOS (user_id, photo) values('298', 'deflt.jpg');
INSERT INTO USERDATA (user_id, location_id, photo_id, first_name, last_name, gender, birthday) values('298', '298', '298', 'Madelaine', 'Kreiger', 'm', TO_DATE('1973-05-20', 'yyyy-mm-dd'));
INSERT INTO ENDUSER (username, password, email) values('deidre.christiansen', '4GWtaoKsUg', 'deidre.christiansen@email.com');
INSERT INTO LOCATION (postcode, city, street, housenumber) values('31953', 'Boehmchester', 'Fay Inlet', '44');
INSERT INTO PHOTOS (user_id, photo) values('299', 'deflt.jpg');
INSERT INTO USERDATA (user_id, location_id, photo_id, first_name, last_name, gender, birthday) values('299', '299', '299', 'Deidre', 'Christiansen', 'f', TO_DATE('1970-04-03', 'yyyy-mm-dd'));
INSERT INTO LOCATION (postcode, city, street, housenumber) values('35567-1083', 'Thielbury', 'Zulauf Camp', '78');
INSERT INTO WORKPLACE (location_id, name, workplace_type) values('300', 'Dooley and Sons', 'Package / Freight Delivery');
INSERT INTO LOCATION (postcode, city, street, housenumber) values('65813', 'New Scott', 'Lynch Square', '90');
INSERT INTO WORKPLACE (location_id, name, workplace_type) values('301', 'Schmidt Group', 'Building Materials');
INSERT INTO LOCATION (postcode, city, street, housenumber) values('77550', 'Port Yanira', 'Gusikowski Stream', '52');
INSERT INTO WORKPLACE (location_id, name, workplace_type) values('302', 'Connelly, Macejkovic and Hamill', 'Libraries');
INSERT INTO LOCATION (postcode, city, street, housenumber) values('86387-8501', 'North Zackarystad', 'Clarita Dale', '68');
INSERT INTO WORKPLACE (location_id, name, workplace_type) values('303', 'Greenfelder Inc', 'Medical Practice');
INSERT INTO LOCATION (postcode, city, street, housenumber) values('07142', 'Labadiefort', 'Wisozk Harbors', '76');
INSERT INTO WORKPLACE (location_id, name, workplace_type) values('304', 'Rau, Ankunding and Rogahn', 'International Affairs');
INSERT INTO LOCATION (postcode, city, street, housenumber) values('87725-3446', 'Maryamburgh', 'Cody Ways', '9');
INSERT INTO WORKPLACE (location_id, name, workplace_type) values('305', 'Weber-Schmidt', 'Medical Devices');
INSERT INTO LOCATION (postcode, city, street, housenumber) values('58313', 'Marioport', 'Gleichner Manor', '40');
INSERT INTO WORKPLACE (location_id, name, workplace_type) values('306', 'Grady Inc', 'Biotechnology');
INSERT INTO LOCATION (postcode, city, street, housenumber) values('49494-5913', 'Elsytown', 'Micaela Plain', '65');
INSERT INTO WORKPLACE (location_id, name, workplace_type) values('307', 'Cartwright and Sons', 'Law Practice');
INSERT INTO LOCATION (postcode, city, street, housenumber) values('56424', 'West Randalton', 'Matilde Ford', '75');
INSERT INTO WORKPLACE (location_id, name, workplace_type) values('308', 'Bartell, Botsford and Little', 'Public Relations and Communications');
INSERT INTO LOCATION (postcode, city, street, housenumber) values('49537', 'Port Alene', 'Jerrell Fort', '37');
INSERT INTO SCHOOL (location_id, name, school_type) values('309', 'Bayer Inc', 'Government Relations');
INSERT INTO LOCATION (postcode, city, street, housenumber) values('76615-8715', 'New America', 'Hammes Trafficway', '65');
INSERT INTO SCHOOL (location_id, name, school_type) values('310', 'Hodkiewicz, Paucek and Jast', 'Mining _ Metals');
INSERT INTO LOCATION (postcode, city, street, housenumber) values('23552', 'Kundeshire', 'Larraine Island', '77');
INSERT INTO SCHOOL (location_id, name, school_type) values('311', 'Stiedemann, O_Conner and Ankunding', 'Political Organization');
INSERT INTO LOCATION (postcode, city, street, housenumber) values('22262-7734', 'Pacochaburgh', 'Lakin Mews', '89');
INSERT INTO SCHOOL (location_id, name, school_type) values('312', 'Wisozk Group', 'Paper _ Forest Products');
INSERT INTO LOCATION (postcode, city, street, housenumber) values('33811', 'Rennermouth', 'Hane Passage', '10');
INSERT INTO SCHOOL (location_id, name, school_type) values('313', 'Waelchi Group', 'Automotive');
INSERT INTO LOCATION (postcode, city, street, housenumber) values('09433', 'Lake Angel', 'Leota Common', '65');
INSERT INTO SCHOOL (location_id, name, school_type) values('314', 'Zieme, McLaughlin and Prohaska', 'Writing and Editing');
INSERT INTO LOCATION (postcode, city, street, housenumber) values('41559-7471', 'Shavonfort', 'Hudson Rapid', '85');
INSERT INTO SCHOOL (location_id, name, school_type) values('315', 'McGlynn, Beer and Klein', 'Wine and Spirits');
INSERT INTO LOCATION (postcode, city, street, housenumber) values('56640', 'Ricardaville', 'White Plains', '30');
INSERT INTO SCHOOL (location_id, name, school_type) values('316', 'Wilkinson-Heller', 'Sporting Goods');
INSERT INTO LOCATION (postcode, city, street, housenumber) values('28759-5043', 'Morissetteport', 'Bechtelar Wells', '45');
INSERT INTO SCHOOL (location_id, name, school_type) values('317', 'Walter LLC', 'Computer Networking');
INSERT INTO SCHOOL_USER_CONNECTOR (user_id, school_id) values ('1', '6');
INSERT INTO WORKPLACE_USER_CONNECTOR (user_id, workplace_id) values ('2', '2');
INSERT INTO SCHOOL_USER_CONNECTOR (user_id, school_id) values ('3', '9');
INSERT INTO WORKPLACE_USER_CONNECTOR (user_id, workplace_id) values ('4', '4');
INSERT INTO SCHOOL_USER_CONNECTOR (user_id, school_id) values ('5', '1');
INSERT INTO WORKPLACE_USER_CONNECTOR (user_id, workplace_id) values ('6', '8');
INSERT INTO SCHOOL_USER_CONNECTOR (user_id, school_id) values ('7', '7');
INSERT INTO WORKPLACE_USER_CONNECTOR (user_id, workplace_id) values ('8', '4');
INSERT INTO SCHOOL_USER_CONNECTOR (user_id, school_id) values ('9', '8');
INSERT INTO WORKPLACE_USER_CONNECTOR (user_id, workplace_id) values ('10', '3');
INSERT INTO SCHOOL_USER_CONNECTOR (user_id, school_id) values ('11', '8');
INSERT INTO WORKPLACE_USER_CONNECTOR (user_id, workplace_id) values ('12', '3');
INSERT INTO SCHOOL_USER_CONNECTOR (user_id, school_id) values ('13', '8');
INSERT INTO WORKPLACE_USER_CONNECTOR (user_id, workplace_id) values ('14', '4');
INSERT INTO SCHOOL_USER_CONNECTOR (user_id, school_id) values ('15', '4');
INSERT INTO WORKPLACE_USER_CONNECTOR (user_id, workplace_id) values ('16', '5');
INSERT INTO SCHOOL_USER_CONNECTOR (user_id, school_id) values ('17', '3');
INSERT INTO WORKPLACE_USER_CONNECTOR (user_id, workplace_id) values ('18', '4');
INSERT INTO SCHOOL_USER_CONNECTOR (user_id, school_id) values ('19', '3');
INSERT INTO WORKPLACE_USER_CONNECTOR (user_id, workplace_id) values ('20', '9');
INSERT INTO SCHOOL_USER_CONNECTOR (user_id, school_id) values ('21', '5');
INSERT INTO WORKPLACE_USER_CONNECTOR (user_id, workplace_id) values ('22', '7');
INSERT INTO SCHOOL_USER_CONNECTOR (user_id, school_id) values ('23', '5');
INSERT INTO WORKPLACE_USER_CONNECTOR (user_id, workplace_id) values ('24', '3');
INSERT INTO SCHOOL_USER_CONNECTOR (user_id, school_id) values ('25', '9');
INSERT INTO WORKPLACE_USER_CONNECTOR (user_id, workplace_id) values ('26', '7');
INSERT INTO SCHOOL_USER_CONNECTOR (user_id, school_id) values ('27', '2');
INSERT INTO WORKPLACE_USER_CONNECTOR (user_id, workplace_id) values ('28', '3');
INSERT INTO SCHOOL_USER_CONNECTOR (user_id, school_id) values ('29', '9');
INSERT INTO WORKPLACE_USER_CONNECTOR (user_id, workplace_id) values ('30', '7');
INSERT INTO SCHOOL_USER_CONNECTOR (user_id, school_id) values ('31', '2');
INSERT INTO WORKPLACE_USER_CONNECTOR (user_id, workplace_id) values ('32', '8');
INSERT INTO SCHOOL_USER_CONNECTOR (user_id, school_id) values ('33', '7');
INSERT INTO WORKPLACE_USER_CONNECTOR (user_id, workplace_id) values ('34', '5');
INSERT INTO SCHOOL_USER_CONNECTOR (user_id, school_id) values ('35', '9');
INSERT INTO WORKPLACE_USER_CONNECTOR (user_id, workplace_id) values ('36', '2');
INSERT INTO SCHOOL_USER_CONNECTOR (user_id, school_id) values ('37', '8');
INSERT INTO WORKPLACE_USER_CONNECTOR (user_id, workplace_id) values ('38', '8');
INSERT INTO SCHOOL_USER_CONNECTOR (user_id, school_id) values ('39', '3');
INSERT INTO WORKPLACE_USER_CONNECTOR (user_id, workplace_id) values ('40', '6');
INSERT INTO SCHOOL_USER_CONNECTOR (user_id, school_id) values ('41', '8');
INSERT INTO WORKPLACE_USER_CONNECTOR (user_id, workplace_id) values ('42', '4');
INSERT INTO SCHOOL_USER_CONNECTOR (user_id, school_id) values ('43', '6');
INSERT INTO WORKPLACE_USER_CONNECTOR (user_id, workplace_id) values ('44', '1');
INSERT INTO SCHOOL_USER_CONNECTOR (user_id, school_id) values ('45', '2');
INSERT INTO WORKPLACE_USER_CONNECTOR (user_id, workplace_id) values ('46', '1');
INSERT INTO SCHOOL_USER_CONNECTOR (user_id, school_id) values ('47', '1');
INSERT INTO WORKPLACE_USER_CONNECTOR (user_id, workplace_id) values ('48', '4');
INSERT INTO SCHOOL_USER_CONNECTOR (user_id, school_id) values ('49', '1');
INSERT INTO WORKPLACE_USER_CONNECTOR (user_id, workplace_id) values ('50', '9');
INSERT INTO SCHOOL_USER_CONNECTOR (user_id, school_id) values ('51', '4');
INSERT INTO WORKPLACE_USER_CONNECTOR (user_id, workplace_id) values ('52', '2');
INSERT INTO SCHOOL_USER_CONNECTOR (user_id, school_id) values ('53', '5');
INSERT INTO WORKPLACE_USER_CONNECTOR (user_id, workplace_id) values ('54', '4');
INSERT INTO SCHOOL_USER_CONNECTOR (user_id, school_id) values ('55', '4');
INSERT INTO WORKPLACE_USER_CONNECTOR (user_id, workplace_id) values ('56', '9');
INSERT INTO SCHOOL_USER_CONNECTOR (user_id, school_id) values ('57', '8');
INSERT INTO WORKPLACE_USER_CONNECTOR (user_id, workplace_id) values ('58', '9');
INSERT INTO SCHOOL_USER_CONNECTOR (user_id, school_id) values ('59', '9');
INSERT INTO WORKPLACE_USER_CONNECTOR (user_id, workplace_id) values ('60', '9');
INSERT INTO SCHOOL_USER_CONNECTOR (user_id, school_id) values ('61', '9');
INSERT INTO WORKPLACE_USER_CONNECTOR (user_id, workplace_id) values ('62', '2');
INSERT INTO SCHOOL_USER_CONNECTOR (user_id, school_id) values ('63', '4');
INSERT INTO WORKPLACE_USER_CONNECTOR (user_id, workplace_id) values ('64', '1');
INSERT INTO SCHOOL_USER_CONNECTOR (user_id, school_id) values ('65', '8');
INSERT INTO WORKPLACE_USER_CONNECTOR (user_id, workplace_id) values ('66', '9');
INSERT INTO SCHOOL_USER_CONNECTOR (user_id, school_id) values ('67', '6');
INSERT INTO WORKPLACE_USER_CONNECTOR (user_id, workplace_id) values ('68', '2');
INSERT INTO SCHOOL_USER_CONNECTOR (user_id, school_id) values ('69', '7');
INSERT INTO WORKPLACE_USER_CONNECTOR (user_id, workplace_id) values ('70', '7');
INSERT INTO SCHOOL_USER_CONNECTOR (user_id, school_id) values ('71', '3');
INSERT INTO WORKPLACE_USER_CONNECTOR (user_id, workplace_id) values ('72', '9');
INSERT INTO SCHOOL_USER_CONNECTOR (user_id, school_id) values ('73', '8');
INSERT INTO WORKPLACE_USER_CONNECTOR (user_id, workplace_id) values ('74', '5');
INSERT INTO SCHOOL_USER_CONNECTOR (user_id, school_id) values ('75', '5');
INSERT INTO WORKPLACE_USER_CONNECTOR (user_id, workplace_id) values ('76', '9');
INSERT INTO SCHOOL_USER_CONNECTOR (user_id, school_id) values ('77', '9');
INSERT INTO WORKPLACE_USER_CONNECTOR (user_id, workplace_id) values ('78', '8');
INSERT INTO SCHOOL_USER_CONNECTOR (user_id, school_id) values ('79', '2');
INSERT INTO WORKPLACE_USER_CONNECTOR (user_id, workplace_id) values ('80', '2');
INSERT INTO SCHOOL_USER_CONNECTOR (user_id, school_id) values ('81', '2');
INSERT INTO WORKPLACE_USER_CONNECTOR (user_id, workplace_id) values ('82', '9');
INSERT INTO SCHOOL_USER_CONNECTOR (user_id, school_id) values ('83', '8');
INSERT INTO WORKPLACE_USER_CONNECTOR (user_id, workplace_id) values ('84', '4');
INSERT INTO SCHOOL_USER_CONNECTOR (user_id, school_id) values ('85', '9');
INSERT INTO WORKPLACE_USER_CONNECTOR (user_id, workplace_id) values ('86', '9');
INSERT INTO SCHOOL_USER_CONNECTOR (user_id, school_id) values ('87', '2');
INSERT INTO WORKPLACE_USER_CONNECTOR (user_id, workplace_id) values ('88', '9');
INSERT INTO SCHOOL_USER_CONNECTOR (user_id, school_id) values ('89', '7');
INSERT INTO WORKPLACE_USER_CONNECTOR (user_id, workplace_id) values ('90', '8');
INSERT INTO SCHOOL_USER_CONNECTOR (user_id, school_id) values ('91', '2');
INSERT INTO WORKPLACE_USER_CONNECTOR (user_id, workplace_id) values ('92', '3');
INSERT INTO SCHOOL_USER_CONNECTOR (user_id, school_id) values ('93', '6');
INSERT INTO WORKPLACE_USER_CONNECTOR (user_id, workplace_id) values ('94', '6');
INSERT INTO SCHOOL_USER_CONNECTOR (user_id, school_id) values ('95', '1');
INSERT INTO WORKPLACE_USER_CONNECTOR (user_id, workplace_id) values ('96', '6');
INSERT INTO SCHOOL_USER_CONNECTOR (user_id, school_id) values ('97', '8');
INSERT INTO WORKPLACE_USER_CONNECTOR (user_id, workplace_id) values ('98', '3');
INSERT INTO SCHOOL_USER_CONNECTOR (user_id, school_id) values ('99', '3');
INSERT INTO WORKPLACE_USER_CONNECTOR (user_id, workplace_id) values ('100', '5');
INSERT INTO SCHOOL_USER_CONNECTOR (user_id, school_id) values ('101', '8');
INSERT INTO WORKPLACE_USER_CONNECTOR (user_id, workplace_id) values ('102', '6');
INSERT INTO SCHOOL_USER_CONNECTOR (user_id, school_id) values ('103', '3');
INSERT INTO WORKPLACE_USER_CONNECTOR (user_id, workplace_id) values ('104', '1');
INSERT INTO SCHOOL_USER_CONNECTOR (user_id, school_id) values ('105', '7');
INSERT INTO WORKPLACE_USER_CONNECTOR (user_id, workplace_id) values ('106', '5');
INSERT INTO SCHOOL_USER_CONNECTOR (user_id, school_id) values ('107', '9');
INSERT INTO WORKPLACE_USER_CONNECTOR (user_id, workplace_id) values ('108', '7');
INSERT INTO SCHOOL_USER_CONNECTOR (user_id, school_id) values ('109', '8');
INSERT INTO WORKPLACE_USER_CONNECTOR (user_id, workplace_id) values ('110', '5');
INSERT INTO SCHOOL_USER_CONNECTOR (user_id, school_id) values ('111', '6');
INSERT INTO WORKPLACE_USER_CONNECTOR (user_id, workplace_id) values ('112', '9');
INSERT INTO SCHOOL_USER_CONNECTOR (user_id, school_id) values ('113', '8');
INSERT INTO WORKPLACE_USER_CONNECTOR (user_id, workplace_id) values ('114', '1');
INSERT INTO SCHOOL_USER_CONNECTOR (user_id, school_id) values ('115', '9');
INSERT INTO WORKPLACE_USER_CONNECTOR (user_id, workplace_id) values ('116', '5');
INSERT INTO SCHOOL_USER_CONNECTOR (user_id, school_id) values ('117', '4');
INSERT INTO WORKPLACE_USER_CONNECTOR (user_id, workplace_id) values ('118', '1');
INSERT INTO SCHOOL_USER_CONNECTOR (user_id, school_id) values ('119', '4');
INSERT INTO WORKPLACE_USER_CONNECTOR (user_id, workplace_id) values ('120', '5');
INSERT INTO SCHOOL_USER_CONNECTOR (user_id, school_id) values ('121', '4');
INSERT INTO WORKPLACE_USER_CONNECTOR (user_id, workplace_id) values ('122', '2');
INSERT INTO SCHOOL_USER_CONNECTOR (user_id, school_id) values ('123', '2');
INSERT INTO WORKPLACE_USER_CONNECTOR (user_id, workplace_id) values ('124', '8');
INSERT INTO SCHOOL_USER_CONNECTOR (user_id, school_id) values ('125', '7');
INSERT INTO WORKPLACE_USER_CONNECTOR (user_id, workplace_id) values ('126', '9');
INSERT INTO SCHOOL_USER_CONNECTOR (user_id, school_id) values ('127', '4');
INSERT INTO WORKPLACE_USER_CONNECTOR (user_id, workplace_id) values ('128', '8');
INSERT INTO SCHOOL_USER_CONNECTOR (user_id, school_id) values ('129', '9');
INSERT INTO WORKPLACE_USER_CONNECTOR (user_id, workplace_id) values ('130', '6');
INSERT INTO SCHOOL_USER_CONNECTOR (user_id, school_id) values ('131', '5');
INSERT INTO WORKPLACE_USER_CONNECTOR (user_id, workplace_id) values ('132', '4');
INSERT INTO SCHOOL_USER_CONNECTOR (user_id, school_id) values ('133', '6');
INSERT INTO WORKPLACE_USER_CONNECTOR (user_id, workplace_id) values ('134', '5');
INSERT INTO SCHOOL_USER_CONNECTOR (user_id, school_id) values ('135', '7');
INSERT INTO WORKPLACE_USER_CONNECTOR (user_id, workplace_id) values ('136', '8');
INSERT INTO SCHOOL_USER_CONNECTOR (user_id, school_id) values ('137', '7');
INSERT INTO WORKPLACE_USER_CONNECTOR (user_id, workplace_id) values ('138', '7');
INSERT INTO SCHOOL_USER_CONNECTOR (user_id, school_id) values ('139', '1');
INSERT INTO WORKPLACE_USER_CONNECTOR (user_id, workplace_id) values ('140', '3');
INSERT INTO SCHOOL_USER_CONNECTOR (user_id, school_id) values ('141', '3');
INSERT INTO WORKPLACE_USER_CONNECTOR (user_id, workplace_id) values ('142', '5');
INSERT INTO SCHOOL_USER_CONNECTOR (user_id, school_id) values ('143', '6');
INSERT INTO WORKPLACE_USER_CONNECTOR (user_id, workplace_id) values ('144', '1');
INSERT INTO SCHOOL_USER_CONNECTOR (user_id, school_id) values ('145', '2');
INSERT INTO WORKPLACE_USER_CONNECTOR (user_id, workplace_id) values ('146', '3');
INSERT INTO SCHOOL_USER_CONNECTOR (user_id, school_id) values ('147', '7');
INSERT INTO WORKPLACE_USER_CONNECTOR (user_id, workplace_id) values ('148', '8');
INSERT INTO SCHOOL_USER_CONNECTOR (user_id, school_id) values ('149', '9');
INSERT INTO WORKPLACE_USER_CONNECTOR (user_id, workplace_id) values ('150', '9');
INSERT INTO SCHOOL_USER_CONNECTOR (user_id, school_id) values ('151', '5');
INSERT INTO WORKPLACE_USER_CONNECTOR (user_id, workplace_id) values ('152', '4');
INSERT INTO SCHOOL_USER_CONNECTOR (user_id, school_id) values ('153', '4');
INSERT INTO WORKPLACE_USER_CONNECTOR (user_id, workplace_id) values ('154', '6');
INSERT INTO SCHOOL_USER_CONNECTOR (user_id, school_id) values ('155', '6');
INSERT INTO WORKPLACE_USER_CONNECTOR (user_id, workplace_id) values ('156', '5');
INSERT INTO SCHOOL_USER_CONNECTOR (user_id, school_id) values ('157', '3');
INSERT INTO WORKPLACE_USER_CONNECTOR (user_id, workplace_id) values ('158', '6');
INSERT INTO SCHOOL_USER_CONNECTOR (user_id, school_id) values ('159', '7');
INSERT INTO WORKPLACE_USER_CONNECTOR (user_id, workplace_id) values ('160', '1');
INSERT INTO SCHOOL_USER_CONNECTOR (user_id, school_id) values ('161', '6');
INSERT INTO WORKPLACE_USER_CONNECTOR (user_id, workplace_id) values ('162', '4');
INSERT INTO SCHOOL_USER_CONNECTOR (user_id, school_id) values ('163', '6');
INSERT INTO WORKPLACE_USER_CONNECTOR (user_id, workplace_id) values ('164', '8');
INSERT INTO SCHOOL_USER_CONNECTOR (user_id, school_id) values ('165', '6');
INSERT INTO WORKPLACE_USER_CONNECTOR (user_id, workplace_id) values ('166', '8');
INSERT INTO SCHOOL_USER_CONNECTOR (user_id, school_id) values ('167', '4');
INSERT INTO WORKPLACE_USER_CONNECTOR (user_id, workplace_id) values ('168', '4');
INSERT INTO SCHOOL_USER_CONNECTOR (user_id, school_id) values ('169', '4');
INSERT INTO WORKPLACE_USER_CONNECTOR (user_id, workplace_id) values ('170', '7');
INSERT INTO SCHOOL_USER_CONNECTOR (user_id, school_id) values ('171', '8');
INSERT INTO WORKPLACE_USER_CONNECTOR (user_id, workplace_id) values ('172', '6');
INSERT INTO SCHOOL_USER_CONNECTOR (user_id, school_id) values ('173', '7');
INSERT INTO WORKPLACE_USER_CONNECTOR (user_id, workplace_id) values ('174', '6');
INSERT INTO SCHOOL_USER_CONNECTOR (user_id, school_id) values ('175', '9');
INSERT INTO WORKPLACE_USER_CONNECTOR (user_id, workplace_id) values ('176', '3');
INSERT INTO SCHOOL_USER_CONNECTOR (user_id, school_id) values ('177', '7');
INSERT INTO WORKPLACE_USER_CONNECTOR (user_id, workplace_id) values ('178', '1');
INSERT INTO SCHOOL_USER_CONNECTOR (user_id, school_id) values ('179', '6');
INSERT INTO WORKPLACE_USER_CONNECTOR (user_id, workplace_id) values ('180', '3');
INSERT INTO SCHOOL_USER_CONNECTOR (user_id, school_id) values ('181', '5');
INSERT INTO WORKPLACE_USER_CONNECTOR (user_id, workplace_id) values ('182', '3');
INSERT INTO SCHOOL_USER_CONNECTOR (user_id, school_id) values ('183', '7');
INSERT INTO WORKPLACE_USER_CONNECTOR (user_id, workplace_id) values ('184', '6');
INSERT INTO SCHOOL_USER_CONNECTOR (user_id, school_id) values ('185', '6');
INSERT INTO WORKPLACE_USER_CONNECTOR (user_id, workplace_id) values ('186', '1');
INSERT INTO SCHOOL_USER_CONNECTOR (user_id, school_id) values ('187', '5');
INSERT INTO WORKPLACE_USER_CONNECTOR (user_id, workplace_id) values ('188', '3');
INSERT INTO SCHOOL_USER_CONNECTOR (user_id, school_id) values ('189', '6');
INSERT INTO WORKPLACE_USER_CONNECTOR (user_id, workplace_id) values ('190', '3');
INSERT INTO SCHOOL_USER_CONNECTOR (user_id, school_id) values ('191', '1');
INSERT INTO WORKPLACE_USER_CONNECTOR (user_id, workplace_id) values ('192', '8');
INSERT INTO SCHOOL_USER_CONNECTOR (user_id, school_id) values ('193', '5');
INSERT INTO WORKPLACE_USER_CONNECTOR (user_id, workplace_id) values ('194', '2');
INSERT INTO SCHOOL_USER_CONNECTOR (user_id, school_id) values ('195', '9');
INSERT INTO WORKPLACE_USER_CONNECTOR (user_id, workplace_id) values ('196', '8');
INSERT INTO SCHOOL_USER_CONNECTOR (user_id, school_id) values ('197', '7');
INSERT INTO WORKPLACE_USER_CONNECTOR (user_id, workplace_id) values ('198', '2');
INSERT INTO SCHOOL_USER_CONNECTOR (user_id, school_id) values ('199', '3');
INSERT INTO WORKPLACE_USER_CONNECTOR (user_id, workplace_id) values ('200', '2');
INSERT INTO SCHOOL_USER_CONNECTOR (user_id, school_id) values ('201', '2');
INSERT INTO WORKPLACE_USER_CONNECTOR (user_id, workplace_id) values ('202', '1');
INSERT INTO SCHOOL_USER_CONNECTOR (user_id, school_id) values ('203', '5');
INSERT INTO WORKPLACE_USER_CONNECTOR (user_id, workplace_id) values ('204', '6');
INSERT INTO SCHOOL_USER_CONNECTOR (user_id, school_id) values ('205', '8');
INSERT INTO WORKPLACE_USER_CONNECTOR (user_id, workplace_id) values ('206', '6');
INSERT INTO SCHOOL_USER_CONNECTOR (user_id, school_id) values ('207', '3');
INSERT INTO WORKPLACE_USER_CONNECTOR (user_id, workplace_id) values ('208', '7');
INSERT INTO SCHOOL_USER_CONNECTOR (user_id, school_id) values ('209', '1');
INSERT INTO WORKPLACE_USER_CONNECTOR (user_id, workplace_id) values ('210', '3');
INSERT INTO SCHOOL_USER_CONNECTOR (user_id, school_id) values ('211', '7');
INSERT INTO WORKPLACE_USER_CONNECTOR (user_id, workplace_id) values ('212', '8');
INSERT INTO SCHOOL_USER_CONNECTOR (user_id, school_id) values ('213', '3');
INSERT INTO WORKPLACE_USER_CONNECTOR (user_id, workplace_id) values ('214', '7');
INSERT INTO SCHOOL_USER_CONNECTOR (user_id, school_id) values ('215', '6');
INSERT INTO WORKPLACE_USER_CONNECTOR (user_id, workplace_id) values ('216', '1');
INSERT INTO SCHOOL_USER_CONNECTOR (user_id, school_id) values ('217', '3');
INSERT INTO WORKPLACE_USER_CONNECTOR (user_id, workplace_id) values ('218', '6');
INSERT INTO SCHOOL_USER_CONNECTOR (user_id, school_id) values ('219', '6');
INSERT INTO WORKPLACE_USER_CONNECTOR (user_id, workplace_id) values ('220', '8');
INSERT INTO SCHOOL_USER_CONNECTOR (user_id, school_id) values ('221', '3');
INSERT INTO WORKPLACE_USER_CONNECTOR (user_id, workplace_id) values ('222', '5');
INSERT INTO SCHOOL_USER_CONNECTOR (user_id, school_id) values ('223', '6');
INSERT INTO WORKPLACE_USER_CONNECTOR (user_id, workplace_id) values ('224', '5');
INSERT INTO SCHOOL_USER_CONNECTOR (user_id, school_id) values ('225', '7');
INSERT INTO WORKPLACE_USER_CONNECTOR (user_id, workplace_id) values ('226', '2');
INSERT INTO SCHOOL_USER_CONNECTOR (user_id, school_id) values ('227', '4');
INSERT INTO WORKPLACE_USER_CONNECTOR (user_id, workplace_id) values ('228', '1');
INSERT INTO SCHOOL_USER_CONNECTOR (user_id, school_id) values ('229', '8');
INSERT INTO WORKPLACE_USER_CONNECTOR (user_id, workplace_id) values ('230', '1');
INSERT INTO SCHOOL_USER_CONNECTOR (user_id, school_id) values ('231', '9');
INSERT INTO WORKPLACE_USER_CONNECTOR (user_id, workplace_id) values ('232', '6');
INSERT INTO SCHOOL_USER_CONNECTOR (user_id, school_id) values ('233', '2');
INSERT INTO WORKPLACE_USER_CONNECTOR (user_id, workplace_id) values ('234', '9');
INSERT INTO SCHOOL_USER_CONNECTOR (user_id, school_id) values ('235', '6');
INSERT INTO WORKPLACE_USER_CONNECTOR (user_id, workplace_id) values ('236', '4');
INSERT INTO SCHOOL_USER_CONNECTOR (user_id, school_id) values ('237', '3');
INSERT INTO WORKPLACE_USER_CONNECTOR (user_id, workplace_id) values ('238', '8');
INSERT INTO SCHOOL_USER_CONNECTOR (user_id, school_id) values ('239', '5');
INSERT INTO WORKPLACE_USER_CONNECTOR (user_id, workplace_id) values ('240', '1');
INSERT INTO SCHOOL_USER_CONNECTOR (user_id, school_id) values ('241', '7');
INSERT INTO WORKPLACE_USER_CONNECTOR (user_id, workplace_id) values ('242', '5');
INSERT INTO SCHOOL_USER_CONNECTOR (user_id, school_id) values ('243', '6');
INSERT INTO WORKPLACE_USER_CONNECTOR (user_id, workplace_id) values ('244', '3');
INSERT INTO SCHOOL_USER_CONNECTOR (user_id, school_id) values ('245', '6');
INSERT INTO WORKPLACE_USER_CONNECTOR (user_id, workplace_id) values ('246', '4');
INSERT INTO SCHOOL_USER_CONNECTOR (user_id, school_id) values ('247', '6');
INSERT INTO WORKPLACE_USER_CONNECTOR (user_id, workplace_id) values ('248', '6');
INSERT INTO SCHOOL_USER_CONNECTOR (user_id, school_id) values ('249', '7');
INSERT INTO WORKPLACE_USER_CONNECTOR (user_id, workplace_id) values ('250', '6');
INSERT INTO SCHOOL_USER_CONNECTOR (user_id, school_id) values ('251', '9');
INSERT INTO WORKPLACE_USER_CONNECTOR (user_id, workplace_id) values ('252', '8');
INSERT INTO SCHOOL_USER_CONNECTOR (user_id, school_id) values ('253', '6');
INSERT INTO WORKPLACE_USER_CONNECTOR (user_id, workplace_id) values ('254', '7');
INSERT INTO SCHOOL_USER_CONNECTOR (user_id, school_id) values ('255', '1');
INSERT INTO WORKPLACE_USER_CONNECTOR (user_id, workplace_id) values ('256', '8');
INSERT INTO SCHOOL_USER_CONNECTOR (user_id, school_id) values ('257', '4');
INSERT INTO WORKPLACE_USER_CONNECTOR (user_id, workplace_id) values ('258', '7');
INSERT INTO SCHOOL_USER_CONNECTOR (user_id, school_id) values ('259', '8');
INSERT INTO WORKPLACE_USER_CONNECTOR (user_id, workplace_id) values ('260', '1');
INSERT INTO SCHOOL_USER_CONNECTOR (user_id, school_id) values ('261', '4');
INSERT INTO WORKPLACE_USER_CONNECTOR (user_id, workplace_id) values ('262', '8');
INSERT INTO SCHOOL_USER_CONNECTOR (user_id, school_id) values ('263', '4');
INSERT INTO WORKPLACE_USER_CONNECTOR (user_id, workplace_id) values ('264', '5');
INSERT INTO SCHOOL_USER_CONNECTOR (user_id, school_id) values ('265', '7');
INSERT INTO WORKPLACE_USER_CONNECTOR (user_id, workplace_id) values ('266', '6');
INSERT INTO SCHOOL_USER_CONNECTOR (user_id, school_id) values ('267', '4');
INSERT INTO WORKPLACE_USER_CONNECTOR (user_id, workplace_id) values ('268', '9');
INSERT INTO SCHOOL_USER_CONNECTOR (user_id, school_id) values ('269', '4');
INSERT INTO WORKPLACE_USER_CONNECTOR (user_id, workplace_id) values ('270', '9');
INSERT INTO SCHOOL_USER_CONNECTOR (user_id, school_id) values ('271', '3');
INSERT INTO WORKPLACE_USER_CONNECTOR (user_id, workplace_id) values ('272', '4');
INSERT INTO SCHOOL_USER_CONNECTOR (user_id, school_id) values ('273', '9');
INSERT INTO WORKPLACE_USER_CONNECTOR (user_id, workplace_id) values ('274', '9');
INSERT INTO SCHOOL_USER_CONNECTOR (user_id, school_id) values ('275', '5');
INSERT INTO WORKPLACE_USER_CONNECTOR (user_id, workplace_id) values ('276', '4');
INSERT INTO SCHOOL_USER_CONNECTOR (user_id, school_id) values ('277', '5');
INSERT INTO WORKPLACE_USER_CONNECTOR (user_id, workplace_id) values ('278', '3');
INSERT INTO SCHOOL_USER_CONNECTOR (user_id, school_id) values ('279', '8');
INSERT INTO WORKPLACE_USER_CONNECTOR (user_id, workplace_id) values ('280', '4');
INSERT INTO SCHOOL_USER_CONNECTOR (user_id, school_id) values ('281', '7');
INSERT INTO WORKPLACE_USER_CONNECTOR (user_id, workplace_id) values ('282', '6');
INSERT INTO SCHOOL_USER_CONNECTOR (user_id, school_id) values ('283', '1');
INSERT INTO WORKPLACE_USER_CONNECTOR (user_id, workplace_id) values ('284', '7');
INSERT INTO SCHOOL_USER_CONNECTOR (user_id, school_id) values ('285', '1');
INSERT INTO WORKPLACE_USER_CONNECTOR (user_id, workplace_id) values ('286', '8');
INSERT INTO SCHOOL_USER_CONNECTOR (user_id, school_id) values ('287', '1');
INSERT INTO WORKPLACE_USER_CONNECTOR (user_id, workplace_id) values ('288', '4');
INSERT INTO SCHOOL_USER_CONNECTOR (user_id, school_id) values ('289', '9');
INSERT INTO WORKPLACE_USER_CONNECTOR (user_id, workplace_id) values ('290', '9');
INSERT INTO SCHOOL_USER_CONNECTOR (user_id, school_id) values ('291', '3');
INSERT INTO WORKPLACE_USER_CONNECTOR (user_id, workplace_id) values ('292', '6');
INSERT INTO SCHOOL_USER_CONNECTOR (user_id, school_id) values ('293', '3');
INSERT INTO WORKPLACE_USER_CONNECTOR (user_id, workplace_id) values ('294', '5');
INSERT INTO SCHOOL_USER_CONNECTOR (user_id, school_id) values ('295', '3');
INSERT INTO WORKPLACE_USER_CONNECTOR (user_id, workplace_id) values ('296', '8');
INSERT INTO SCHOOL_USER_CONNECTOR (user_id, school_id) values ('297', '7');
INSERT INTO WORKPLACE_USER_CONNECTOR (user_id, workplace_id) values ('298', '3');
INSERT INTO SCHOOL_USER_CONNECTOR (user_id, school_id) values ('299', '8');
INSERT INTO POST (user_id, content) values ('98', 'Szia ez az elso poszt');
INSERT INTO POST (user_id, content) values ('234', 'Szia ez a masodik poszt');
INSERT INTO POST (user_id, content) values ('158', 'Szia ez a harmadik poszt');
INSERT INTO POST (user_id, content) values ('131', 'Szia ez aa negyedik poszt');
INSERT INTO POST (user_id, content) values ('91', 'Szia ez a otodik poszt');
INSERT INTO POST_LIKES (user_id, post_id) values ('1', '4');
INSERT INTO POST_LIKES (user_id, post_id) values ('2', '2');
INSERT INTO POST_LIKES (user_id, post_id) values ('3', '3');
INSERT INTO POST_LIKES (user_id, post_id) values ('4', '3');
INSERT INTO POST_LIKES (user_id, post_id) values ('5', '3');
INSERT INTO POST_LIKES (user_id, post_id) values ('6', '2');
INSERT INTO POST_LIKES (user_id, post_id) values ('7', '5');
INSERT INTO POST_LIKES (user_id, post_id) values ('8', '5');
INSERT INTO POST_LIKES (user_id, post_id) values ('9', '4');
INSERT INTO POST_LIKES (user_id, post_id) values ('10', '1');
INSERT INTO POST_LIKES (user_id, post_id) values ('11', '4');
INSERT INTO POST_LIKES (user_id, post_id) values ('12', '1');
INSERT INTO POST_LIKES (user_id, post_id) values ('13', '2');
INSERT INTO POST_LIKES (user_id, post_id) values ('14', '3');
INSERT INTO POST_LIKES (user_id, post_id) values ('15', '4');
INSERT INTO POST_LIKES (user_id, post_id) values ('16', '2');
INSERT INTO POST_LIKES (user_id, post_id) values ('17', '5');
INSERT INTO POST_LIKES (user_id, post_id) values ('18', '5');
INSERT INTO POST_LIKES (user_id, post_id) values ('19', '4');
INSERT INTO POST_LIKES (user_id, post_id) values ('20', '3');
INSERT INTO POST_LIKES (user_id, post_id) values ('21', '3');
INSERT INTO POST_LIKES (user_id, post_id) values ('22', '5');
INSERT INTO POST_LIKES (user_id, post_id) values ('23', '1');
INSERT INTO POST_LIKES (user_id, post_id) values ('24', '5');
INSERT INTO POST_LIKES (user_id, post_id) values ('25', '4');
INSERT INTO POST_LIKES (user_id, post_id) values ('26', '2');
INSERT INTO POST_LIKES (user_id, post_id) values ('27', '2');
INSERT INTO POST_LIKES (user_id, post_id) values ('28', '2');
INSERT INTO POST_LIKES (user_id, post_id) values ('29', '3');
INSERT INTO POST_LIKES (user_id, post_id) values ('30', '1');
INSERT INTO POST_LIKES (user_id, post_id) values ('31', '4');
INSERT INTO POST_LIKES (user_id, post_id) values ('32', '1');
INSERT INTO POST_LIKES (user_id, post_id) values ('33', '2');
INSERT INTO POST_LIKES (user_id, post_id) values ('34', '3');
INSERT INTO POST_LIKES (user_id, post_id) values ('35', '2');
INSERT INTO POST_LIKES (user_id, post_id) values ('36', '4');
INSERT INTO POST_LIKES (user_id, post_id) values ('37', '2');
INSERT INTO POST_LIKES (user_id, post_id) values ('38', '4');
INSERT INTO POST_LIKES (user_id, post_id) values ('39', '4');
INSERT INTO POST_LIKES (user_id, post_id) values ('40', '1');
INSERT INTO POST_LIKES (user_id, post_id) values ('41', '5');
INSERT INTO POST_LIKES (user_id, post_id) values ('42', '5');
INSERT INTO POST_LIKES (user_id, post_id) values ('43', '3');
INSERT INTO POST_LIKES (user_id, post_id) values ('44', '5');
INSERT INTO POST_LIKES (user_id, post_id) values ('45', '4');
INSERT INTO POST_LIKES (user_id, post_id) values ('46', '3');
INSERT INTO POST_LIKES (user_id, post_id) values ('47', '3');
INSERT INTO POST_LIKES (user_id, post_id) values ('48', '5');
INSERT INTO POST_LIKES (user_id, post_id) values ('49', '2');
INSERT INTO POST_LIKES (user_id, post_id) values ('50', '1');
INSERT INTO POST_LIKES (user_id, post_id) values ('51', '3');
INSERT INTO POST_LIKES (user_id, post_id) values ('52', '1');
INSERT INTO POST_LIKES (user_id, post_id) values ('53', '2');
INSERT INTO POST_LIKES (user_id, post_id) values ('54', '3');
INSERT INTO POST_LIKES (user_id, post_id) values ('55', '4');
INSERT INTO POST_LIKES (user_id, post_id) values ('56', '2');
INSERT INTO POST_LIKES (user_id, post_id) values ('57', '5');
INSERT INTO POST_LIKES (user_id, post_id) values ('58', '2');
INSERT INTO POST_LIKES (user_id, post_id) values ('59', '5');
INSERT INTO POST_LIKES (user_id, post_id) values ('60', '1');
INSERT INTO POST_LIKES (user_id, post_id) values ('61', '2');
INSERT INTO POST_LIKES (user_id, post_id) values ('62', '1');
INSERT INTO POST_LIKES (user_id, post_id) values ('63', '3');
INSERT INTO POST_LIKES (user_id, post_id) values ('64', '4');
INSERT INTO POST_LIKES (user_id, post_id) values ('65', '4');
INSERT INTO POST_LIKES (user_id, post_id) values ('66', '3');
INSERT INTO POST_LIKES (user_id, post_id) values ('67', '4');
INSERT INTO POST_LIKES (user_id, post_id) values ('68', '3');
INSERT INTO POST_LIKES (user_id, post_id) values ('69', '2');
INSERT INTO POST_LIKES (user_id, post_id) values ('70', '4');
INSERT INTO POST_LIKES (user_id, post_id) values ('71', '4');
INSERT INTO POST_LIKES (user_id, post_id) values ('72', '4');
INSERT INTO POST_LIKES (user_id, post_id) values ('73', '4');
INSERT INTO POST_LIKES (user_id, post_id) values ('74', '3');
INSERT INTO POST_LIKES (user_id, post_id) values ('75', '2');
INSERT INTO POST_LIKES (user_id, post_id) values ('76', '4');
INSERT INTO POST_LIKES (user_id, post_id) values ('77', '4');
INSERT INTO POST_LIKES (user_id, post_id) values ('78', '5');
INSERT INTO POST_LIKES (user_id, post_id) values ('79', '1');
INSERT INTO POST_LIKES (user_id, post_id) values ('80', '1');
INSERT INTO POST_LIKES (user_id, post_id) values ('81', '3');
INSERT INTO POST_LIKES (user_id, post_id) values ('82', '5');
INSERT INTO POST_LIKES (user_id, post_id) values ('83', '3');
INSERT INTO POST_LIKES (user_id, post_id) values ('84', '2');
INSERT INTO POST_LIKES (user_id, post_id) values ('85', '5');
INSERT INTO POST_LIKES (user_id, post_id) values ('86', '2');
INSERT INTO POST_LIKES (user_id, post_id) values ('87', '1');
INSERT INTO POST_LIKES (user_id, post_id) values ('88', '3');
INSERT INTO POST_LIKES (user_id, post_id) values ('89', '3');
INSERT INTO POST_LIKES (user_id, post_id) values ('90', '5');
INSERT INTO POST_LIKES (user_id, post_id) values ('91', '1');
INSERT INTO POST_LIKES (user_id, post_id) values ('92', '4');
INSERT INTO POST_LIKES (user_id, post_id) values ('93', '3');
INSERT INTO POST_LIKES (user_id, post_id) values ('94', '2');
INSERT INTO POST_LIKES (user_id, post_id) values ('95', '4');
INSERT INTO POST_LIKES (user_id, post_id) values ('96', '1');
INSERT INTO POST_LIKES (user_id, post_id) values ('97', '4');
INSERT INTO POST_LIKES (user_id, post_id) values ('98', '5');
INSERT INTO POST_LIKES (user_id, post_id) values ('99', '3');
INSERT INTO POST_LIKES (user_id, post_id) values ('100', '4');
INSERT INTO POST_LIKES (user_id, post_id) values ('101', '4');
INSERT INTO POST_LIKES (user_id, post_id) values ('102', '3');
INSERT INTO POST_LIKES (user_id, post_id) values ('103', '3');
INSERT INTO POST_LIKES (user_id, post_id) values ('104', '1');
INSERT INTO POST_LIKES (user_id, post_id) values ('105', '4');
INSERT INTO POST_LIKES (user_id, post_id) values ('106', '5');
INSERT INTO POST_LIKES (user_id, post_id) values ('107', '3');
INSERT INTO POST_LIKES (user_id, post_id) values ('108', '4');
INSERT INTO POST_LIKES (user_id, post_id) values ('109', '2');
INSERT INTO POST_LIKES (user_id, post_id) values ('110', '3');
INSERT INTO POST_LIKES (user_id, post_id) values ('111', '4');
INSERT INTO POST_LIKES (user_id, post_id) values ('112', '5');
INSERT INTO POST_LIKES (user_id, post_id) values ('113', '4');
INSERT INTO POST_LIKES (user_id, post_id) values ('114', '3');
INSERT INTO POST_LIKES (user_id, post_id) values ('115', '5');
INSERT INTO POST_LIKES (user_id, post_id) values ('116', '4');
INSERT INTO POST_LIKES (user_id, post_id) values ('117', '1');
INSERT INTO POST_LIKES (user_id, post_id) values ('118', '2');
INSERT INTO POST_LIKES (user_id, post_id) values ('119', '3');
INSERT INTO POST_LIKES (user_id, post_id) values ('120', '1');
INSERT INTO POST_LIKES (user_id, post_id) values ('121', '5');
INSERT INTO POST_LIKES (user_id, post_id) values ('122', '4');
INSERT INTO POST_LIKES (user_id, post_id) values ('123', '5');
INSERT INTO POST_LIKES (user_id, post_id) values ('124', '5');
INSERT INTO POST_LIKES (user_id, post_id) values ('125', '1');
INSERT INTO POST_LIKES (user_id, post_id) values ('126', '2');
INSERT INTO POST_LIKES (user_id, post_id) values ('127', '5');
INSERT INTO POST_LIKES (user_id, post_id) values ('128', '2');
INSERT INTO POST_LIKES (user_id, post_id) values ('129', '1');
INSERT INTO POST_LIKES (user_id, post_id) values ('130', '3');
INSERT INTO POST_LIKES (user_id, post_id) values ('131', '2');
INSERT INTO POST_LIKES (user_id, post_id) values ('132', '4');
INSERT INTO POST_LIKES (user_id, post_id) values ('133', '2');
INSERT INTO POST_LIKES (user_id, post_id) values ('134', '3');
INSERT INTO POST_LIKES (user_id, post_id) values ('135', '3');
INSERT INTO POST_LIKES (user_id, post_id) values ('136', '2');
INSERT INTO POST_LIKES (user_id, post_id) values ('137', '3');
INSERT INTO POST_LIKES (user_id, post_id) values ('138', '1');
INSERT INTO POST_LIKES (user_id, post_id) values ('139', '5');
INSERT INTO POST_LIKES (user_id, post_id) values ('140', '2');
INSERT INTO POST_LIKES (user_id, post_id) values ('141', '2');
INSERT INTO POST_LIKES (user_id, post_id) values ('142', '5');
INSERT INTO POST_LIKES (user_id, post_id) values ('143', '1');
INSERT INTO POST_LIKES (user_id, post_id) values ('144', '5');
INSERT INTO POST_LIKES (user_id, post_id) values ('145', '3');
INSERT INTO POST_LIKES (user_id, post_id) values ('146', '3');
INSERT INTO POST_LIKES (user_id, post_id) values ('147', '2');
INSERT INTO POST_LIKES (user_id, post_id) values ('148', '3');
INSERT INTO POST_LIKES (user_id, post_id) values ('149', '1');
INSERT INTO POST_LIKES (user_id, post_id) values ('150', '3');
INSERT INTO POST_LIKES (user_id, post_id) values ('151', '2');
INSERT INTO POST_LIKES (user_id, post_id) values ('152', '2');
INSERT INTO POST_LIKES (user_id, post_id) values ('153', '4');
INSERT INTO POST_LIKES (user_id, post_id) values ('154', '5');
INSERT INTO POST_LIKES (user_id, post_id) values ('155', '5');
INSERT INTO POST_LIKES (user_id, post_id) values ('156', '2');
INSERT INTO POST_LIKES (user_id, post_id) values ('157', '4');
INSERT INTO POST_LIKES (user_id, post_id) values ('158', '3');
INSERT INTO POST_LIKES (user_id, post_id) values ('159', '1');
INSERT INTO POST_LIKES (user_id, post_id) values ('160', '4');
INSERT INTO POST_LIKES (user_id, post_id) values ('161', '3');
INSERT INTO POST_LIKES (user_id, post_id) values ('162', '4');
INSERT INTO POST_LIKES (user_id, post_id) values ('163', '3');
INSERT INTO POST_LIKES (user_id, post_id) values ('164', '4');
INSERT INTO POST_LIKES (user_id, post_id) values ('165', '1');
INSERT INTO POST_LIKES (user_id, post_id) values ('166', '1');
INSERT INTO POST_LIKES (user_id, post_id) values ('167', '3');
INSERT INTO POST_LIKES (user_id, post_id) values ('168', '1');
INSERT INTO POST_LIKES (user_id, post_id) values ('169', '3');
INSERT INTO POST_LIKES (user_id, post_id) values ('170', '1');
INSERT INTO POST_LIKES (user_id, post_id) values ('171', '5');
INSERT INTO POST_LIKES (user_id, post_id) values ('172', '2');
INSERT INTO POST_LIKES (user_id, post_id) values ('173', '2');
INSERT INTO POST_LIKES (user_id, post_id) values ('174', '4');
INSERT INTO POST_LIKES (user_id, post_id) values ('175', '5');
INSERT INTO POST_LIKES (user_id, post_id) values ('176', '4');
INSERT INTO POST_LIKES (user_id, post_id) values ('177', '3');
INSERT INTO POST_LIKES (user_id, post_id) values ('178', '4');
INSERT INTO POST_LIKES (user_id, post_id) values ('179', '1');
INSERT INTO POST_LIKES (user_id, post_id) values ('180', '5');
INSERT INTO POST_LIKES (user_id, post_id) values ('181', '5');
INSERT INTO POST_LIKES (user_id, post_id) values ('182', '3');
INSERT INTO POST_LIKES (user_id, post_id) values ('183', '2');
INSERT INTO POST_LIKES (user_id, post_id) values ('184', '2');
INSERT INTO POST_LIKES (user_id, post_id) values ('185', '3');
INSERT INTO POST_LIKES (user_id, post_id) values ('186', '5');
INSERT INTO POST_LIKES (user_id, post_id) values ('187', '5');
INSERT INTO POST_LIKES (user_id, post_id) values ('188', '1');
INSERT INTO POST_LIKES (user_id, post_id) values ('189', '5');
INSERT INTO POST_LIKES (user_id, post_id) values ('190', '4');
INSERT INTO POST_LIKES (user_id, post_id) values ('191', '4');
INSERT INTO POST_LIKES (user_id, post_id) values ('192', '5');
INSERT INTO POST_LIKES (user_id, post_id) values ('193', '2');
INSERT INTO POST_LIKES (user_id, post_id) values ('194', '4');
INSERT INTO POST_LIKES (user_id, post_id) values ('195', '3');
INSERT INTO POST_LIKES (user_id, post_id) values ('196', '4');
INSERT INTO POST_LIKES (user_id, post_id) values ('197', '1');
INSERT INTO POST_LIKES (user_id, post_id) values ('198', '4');
INSERT INTO POST_LIKES (user_id, post_id) values ('199', '1');
INSERT INTO POST_LIKES (user_id, post_id) values ('200', '2');
INSERT INTO POST_LIKES (user_id, post_id) values ('201', '3');
INSERT INTO POST_LIKES (user_id, post_id) values ('202', '4');
INSERT INTO POST_LIKES (user_id, post_id) values ('203', '2');
INSERT INTO POST_LIKES (user_id, post_id) values ('204', '3');
INSERT INTO POST_LIKES (user_id, post_id) values ('205', '1');
INSERT INTO POST_LIKES (user_id, post_id) values ('206', '3');
INSERT INTO POST_LIKES (user_id, post_id) values ('207', '5');
INSERT INTO POST_LIKES (user_id, post_id) values ('208', '5');
INSERT INTO POST_LIKES (user_id, post_id) values ('209', '2');
INSERT INTO POST_LIKES (user_id, post_id) values ('210', '2');
INSERT INTO POST_LIKES (user_id, post_id) values ('211', '3');
INSERT INTO POST_LIKES (user_id, post_id) values ('212', '4');
INSERT INTO POST_LIKES (user_id, post_id) values ('213', '4');
INSERT INTO POST_LIKES (user_id, post_id) values ('214', '2');
INSERT INTO POST_LIKES (user_id, post_id) values ('215', '4');
INSERT INTO POST_LIKES (user_id, post_id) values ('216', '4');
INSERT INTO POST_LIKES (user_id, post_id) values ('217', '3');
INSERT INTO POST_LIKES (user_id, post_id) values ('218', '4');
INSERT INTO POST_LIKES (user_id, post_id) values ('219', '5');
INSERT INTO POST_LIKES (user_id, post_id) values ('220', '1');
INSERT INTO POST_LIKES (user_id, post_id) values ('221', '1');
INSERT INTO POST_LIKES (user_id, post_id) values ('222', '1');
INSERT INTO POST_LIKES (user_id, post_id) values ('223', '3');
INSERT INTO POST_LIKES (user_id, post_id) values ('224', '5');
INSERT INTO POST_LIKES (user_id, post_id) values ('225', '1');
INSERT INTO POST_LIKES (user_id, post_id) values ('226', '3');
INSERT INTO POST_LIKES (user_id, post_id) values ('227', '2');
INSERT INTO POST_LIKES (user_id, post_id) values ('228', '3');
INSERT INTO POST_LIKES (user_id, post_id) values ('229', '4');
INSERT INTO POST_LIKES (user_id, post_id) values ('230', '5');
INSERT INTO POST_LIKES (user_id, post_id) values ('231', '3');
INSERT INTO POST_LIKES (user_id, post_id) values ('232', '2');
INSERT INTO POST_LIKES (user_id, post_id) values ('233', '3');
INSERT INTO POST_LIKES (user_id, post_id) values ('234', '5');
INSERT INTO POST_LIKES (user_id, post_id) values ('235', '3');
INSERT INTO POST_LIKES (user_id, post_id) values ('236', '4');
INSERT INTO POST_LIKES (user_id, post_id) values ('237', '4');
INSERT INTO POST_LIKES (user_id, post_id) values ('238', '2');
INSERT INTO POST_LIKES (user_id, post_id) values ('239', '4');
INSERT INTO POST_LIKES (user_id, post_id) values ('240', '3');
INSERT INTO POST_LIKES (user_id, post_id) values ('241', '5');
INSERT INTO POST_LIKES (user_id, post_id) values ('242', '5');
INSERT INTO POST_LIKES (user_id, post_id) values ('243', '1');
INSERT INTO POST_LIKES (user_id, post_id) values ('244', '2');
INSERT INTO POST_LIKES (user_id, post_id) values ('245', '1');
INSERT INTO POST_LIKES (user_id, post_id) values ('246', '5');
INSERT INTO POST_LIKES (user_id, post_id) values ('247', '2');
INSERT INTO POST_LIKES (user_id, post_id) values ('248', '3');
INSERT INTO POST_LIKES (user_id, post_id) values ('249', '2');
INSERT INTO POST_LIKES (user_id, post_id) values ('250', '5');
INSERT INTO POST_LIKES (user_id, post_id) values ('251', '4');
INSERT INTO POST_LIKES (user_id, post_id) values ('252', '3');
INSERT INTO POST_LIKES (user_id, post_id) values ('253', '2');
INSERT INTO POST_LIKES (user_id, post_id) values ('254', '5');
INSERT INTO POST_LIKES (user_id, post_id) values ('255', '4');
INSERT INTO POST_LIKES (user_id, post_id) values ('256', '3');
INSERT INTO POST_LIKES (user_id, post_id) values ('257', '2');
INSERT INTO POST_LIKES (user_id, post_id) values ('258', '3');
INSERT INTO POST_LIKES (user_id, post_id) values ('259', '3');
INSERT INTO POST_LIKES (user_id, post_id) values ('260', '1');
INSERT INTO POST_LIKES (user_id, post_id) values ('261', '4');
INSERT INTO POST_LIKES (user_id, post_id) values ('262', '5');
INSERT INTO POST_LIKES (user_id, post_id) values ('263', '4');
INSERT INTO POST_LIKES (user_id, post_id) values ('264', '4');
INSERT INTO POST_LIKES (user_id, post_id) values ('265', '1');
INSERT INTO POST_LIKES (user_id, post_id) values ('266', '2');
INSERT INTO POST_LIKES (user_id, post_id) values ('267', '5');
INSERT INTO POST_LIKES (user_id, post_id) values ('268', '5');
INSERT INTO POST_LIKES (user_id, post_id) values ('269', '2');
INSERT INTO POST_LIKES (user_id, post_id) values ('270', '5');
INSERT INTO POST_LIKES (user_id, post_id) values ('271', '1');
INSERT INTO POST_LIKES (user_id, post_id) values ('272', '2');
INSERT INTO POST_LIKES (user_id, post_id) values ('273', '1');
INSERT INTO POST_LIKES (user_id, post_id) values ('274', '5');
INSERT INTO POST_LIKES (user_id, post_id) values ('275', '3');
INSERT INTO POST_LIKES (user_id, post_id) values ('276', '4');
INSERT INTO POST_LIKES (user_id, post_id) values ('277', '1');
INSERT INTO POST_LIKES (user_id, post_id) values ('278', '2');
INSERT INTO POST_LIKES (user_id, post_id) values ('279', '3');
INSERT INTO POST_LIKES (user_id, post_id) values ('280', '4');
INSERT INTO POST_LIKES (user_id, post_id) values ('281', '2');
INSERT INTO POST_LIKES (user_id, post_id) values ('282', '1');
INSERT INTO POST_LIKES (user_id, post_id) values ('283', '5');
INSERT INTO POST_LIKES (user_id, post_id) values ('284', '4');
INSERT INTO POST_LIKES (user_id, post_id) values ('285', '4');
INSERT INTO POST_LIKES (user_id, post_id) values ('286', '1');
INSERT INTO POST_LIKES (user_id, post_id) values ('287', '2');
INSERT INTO POST_LIKES (user_id, post_id) values ('288', '3');
INSERT INTO POST_LIKES (user_id, post_id) values ('289', '5');
INSERT INTO POST_LIKES (user_id, post_id) values ('290', '2');
INSERT INTO POST_LIKES (user_id, post_id) values ('291', '3');
INSERT INTO POST_LIKES (user_id, post_id) values ('292', '2');
INSERT INTO POST_LIKES (user_id, post_id) values ('293', '3');
INSERT INTO POST_LIKES (user_id, post_id) values ('294', '3');
INSERT INTO POST_LIKES (user_id, post_id) values ('295', '2');
INSERT INTO POST_LIKES (user_id, post_id) values ('296', '3');
INSERT INTO POST_LIKES (user_id, post_id) values ('297', '3');
INSERT INTO POST_LIKES (user_id, post_id) values ('298', '3');
INSERT INTO POST_LIKES (user_id, post_id) values ('299', '2');
INSERT INTO COMMENTS (user_id, post_id, content) values ('299', '1', 'Szia ez az elso komment');
INSERT INTO COMMENTS (user_id, post_id, content) values ('41', '1', 'Szia ez a masodik komment');
INSERT INTO COMMENTS (user_id, post_id, content) values ('264', '1', 'Szia ez a harmadik komment');
INSERT INTO COMMENTS (user_id, post_id, content) values ('180', '5', 'Szia ez a nengyedik komment');
INSERT INTO COMMENTS (user_id, post_id, content) values ('156', '1', 'Szia ez a otodik komment');
INSERT INTO COMMENTS_LIKES (user_id, comment_id) values ('1', '2');
INSERT INTO COMMENTS_LIKES (user_id, comment_id) values ('2', '3');
INSERT INTO COMMENTS_LIKES (user_id, comment_id) values ('3', '3');
INSERT INTO COMMENTS_LIKES (user_id, comment_id) values ('4', '4');
INSERT INTO COMMENTS_LIKES (user_id, comment_id) values ('5', '1');
INSERT INTO COMMENTS_LIKES (user_id, comment_id) values ('6', '1');
INSERT INTO COMMENTS_LIKES (user_id, comment_id) values ('7', '3');
INSERT INTO COMMENTS_LIKES (user_id, comment_id) values ('8', '2');
INSERT INTO COMMENTS_LIKES (user_id, comment_id) values ('9', '5');
INSERT INTO COMMENTS_LIKES (user_id, comment_id) values ('10', '3');
INSERT INTO COMMENTS_LIKES (user_id, comment_id) values ('11', '4');
INSERT INTO COMMENTS_LIKES (user_id, comment_id) values ('12', '2');
INSERT INTO COMMENTS_LIKES (user_id, comment_id) values ('13', '2');
INSERT INTO COMMENTS_LIKES (user_id, comment_id) values ('14', '3');
INSERT INTO COMMENTS_LIKES (user_id, comment_id) values ('15', '1');
INSERT INTO COMMENTS_LIKES (user_id, comment_id) values ('16', '2');
INSERT INTO COMMENTS_LIKES (user_id, comment_id) values ('17', '2');
INSERT INTO COMMENTS_LIKES (user_id, comment_id) values ('18', '4');
INSERT INTO COMMENTS_LIKES (user_id, comment_id) values ('19', '5');
INSERT INTO COMMENTS_LIKES (user_id, comment_id) values ('20', '1');
INSERT INTO COMMENTS_LIKES (user_id, comment_id) values ('21', '3');
INSERT INTO COMMENTS_LIKES (user_id, comment_id) values ('22', '5');
INSERT INTO COMMENTS_LIKES (user_id, comment_id) values ('23', '1');
INSERT INTO COMMENTS_LIKES (user_id, comment_id) values ('24', '5');
INSERT INTO COMMENTS_LIKES (user_id, comment_id) values ('25', '5');
INSERT INTO COMMENTS_LIKES (user_id, comment_id) values ('26', '1');
INSERT INTO COMMENTS_LIKES (user_id, comment_id) values ('27', '4');
INSERT INTO COMMENTS_LIKES (user_id, comment_id) values ('28', '4');
INSERT INTO COMMENTS_LIKES (user_id, comment_id) values ('29', '3');
INSERT INTO COMMENTS_LIKES (user_id, comment_id) values ('30', '5');
INSERT INTO COMMENTS_LIKES (user_id, comment_id) values ('31', '5');
INSERT INTO COMMENTS_LIKES (user_id, comment_id) values ('32', '2');
INSERT INTO COMMENTS_LIKES (user_id, comment_id) values ('33', '4');
INSERT INTO COMMENTS_LIKES (user_id, comment_id) values ('34', '4');
INSERT INTO COMMENTS_LIKES (user_id, comment_id) values ('35', '5');
INSERT INTO COMMENTS_LIKES (user_id, comment_id) values ('36', '3');
INSERT INTO COMMENTS_LIKES (user_id, comment_id) values ('37', '5');
INSERT INTO COMMENTS_LIKES (user_id, comment_id) values ('38', '2');
INSERT INTO COMMENTS_LIKES (user_id, comment_id) values ('39', '2');
INSERT INTO COMMENTS_LIKES (user_id, comment_id) values ('40', '5');
INSERT INTO COMMENTS_LIKES (user_id, comment_id) values ('41', '5');
INSERT INTO COMMENTS_LIKES (user_id, comment_id) values ('42', '1');
INSERT INTO COMMENTS_LIKES (user_id, comment_id) values ('43', '2');
INSERT INTO COMMENTS_LIKES (user_id, comment_id) values ('44', '2');
INSERT INTO COMMENTS_LIKES (user_id, comment_id) values ('45', '3');
INSERT INTO COMMENTS_LIKES (user_id, comment_id) values ('46', '4');
INSERT INTO COMMENTS_LIKES (user_id, comment_id) values ('47', '4');
INSERT INTO COMMENTS_LIKES (user_id, comment_id) values ('48', '5');
INSERT INTO COMMENTS_LIKES (user_id, comment_id) values ('49', '1');
INSERT INTO COMMENTS_LIKES (user_id, comment_id) values ('50', '5');
INSERT INTO COMMENTS_LIKES (user_id, comment_id) values ('51', '4');
INSERT INTO COMMENTS_LIKES (user_id, comment_id) values ('52', '3');
INSERT INTO COMMENTS_LIKES (user_id, comment_id) values ('53', '2');
INSERT INTO COMMENTS_LIKES (user_id, comment_id) values ('54', '2');
INSERT INTO COMMENTS_LIKES (user_id, comment_id) values ('55', '4');
INSERT INTO COMMENTS_LIKES (user_id, comment_id) values ('56', '1');
INSERT INTO COMMENTS_LIKES (user_id, comment_id) values ('57', '4');
INSERT INTO COMMENTS_LIKES (user_id, comment_id) values ('58', '4');
INSERT INTO COMMENTS_LIKES (user_id, comment_id) values ('59', '5');
INSERT INTO COMMENTS_LIKES (user_id, comment_id) values ('60', '4');
INSERT INTO COMMENTS_LIKES (user_id, comment_id) values ('61', '5');
INSERT INTO COMMENTS_LIKES (user_id, comment_id) values ('62', '3');
INSERT INTO COMMENTS_LIKES (user_id, comment_id) values ('63', '2');
INSERT INTO COMMENTS_LIKES (user_id, comment_id) values ('64', '5');
INSERT INTO COMMENTS_LIKES (user_id, comment_id) values ('65', '5');
INSERT INTO COMMENTS_LIKES (user_id, comment_id) values ('66', '2');
INSERT INTO COMMENTS_LIKES (user_id, comment_id) values ('67', '2');
INSERT INTO COMMENTS_LIKES (user_id, comment_id) values ('68', '3');
INSERT INTO COMMENTS_LIKES (user_id, comment_id) values ('69', '3');
INSERT INTO COMMENTS_LIKES (user_id, comment_id) values ('70', '3');
INSERT INTO COMMENTS_LIKES (user_id, comment_id) values ('71', '4');
INSERT INTO COMMENTS_LIKES (user_id, comment_id) values ('72', '2');
INSERT INTO COMMENTS_LIKES (user_id, comment_id) values ('73', '3');
INSERT INTO COMMENTS_LIKES (user_id, comment_id) values ('74', '5');
INSERT INTO COMMENTS_LIKES (user_id, comment_id) values ('75', '1');
INSERT INTO COMMENTS_LIKES (user_id, comment_id) values ('76', '1');
INSERT INTO COMMENTS_LIKES (user_id, comment_id) values ('77', '1');
INSERT INTO COMMENTS_LIKES (user_id, comment_id) values ('78', '3');
INSERT INTO COMMENTS_LIKES (user_id, comment_id) values ('79', '5');
INSERT INTO COMMENTS_LIKES (user_id, comment_id) values ('80', '4');
INSERT INTO COMMENTS_LIKES (user_id, comment_id) values ('81', '3');
INSERT INTO COMMENTS_LIKES (user_id, comment_id) values ('82', '5');
INSERT INTO COMMENTS_LIKES (user_id, comment_id) values ('83', '3');
INSERT INTO COMMENTS_LIKES (user_id, comment_id) values ('84', '5');
INSERT INTO COMMENTS_LIKES (user_id, comment_id) values ('85', '2');
INSERT INTO COMMENTS_LIKES (user_id, comment_id) values ('86', '5');
INSERT INTO COMMENTS_LIKES (user_id, comment_id) values ('87', '3');
INSERT INTO COMMENTS_LIKES (user_id, comment_id) values ('88', '3');
INSERT INTO COMMENTS_LIKES (user_id, comment_id) values ('89', '4');
INSERT INTO COMMENTS_LIKES (user_id, comment_id) values ('90', '4');
INSERT INTO COMMENTS_LIKES (user_id, comment_id) values ('91', '5');
INSERT INTO COMMENTS_LIKES (user_id, comment_id) values ('92', '1');
INSERT INTO COMMENTS_LIKES (user_id, comment_id) values ('93', '3');
INSERT INTO COMMENTS_LIKES (user_id, comment_id) values ('94', '1');
INSERT INTO COMMENTS_LIKES (user_id, comment_id) values ('95', '4');
INSERT INTO COMMENTS_LIKES (user_id, comment_id) values ('96', '3');
INSERT INTO COMMENTS_LIKES (user_id, comment_id) values ('97', '4');
INSERT INTO COMMENTS_LIKES (user_id, comment_id) values ('98', '4');
INSERT INTO COMMENTS_LIKES (user_id, comment_id) values ('99', '5');
INSERT INTO COMMENTS_LIKES (user_id, comment_id) values ('100', '5');
INSERT INTO COMMENTS_LIKES (user_id, comment_id) values ('101', '1');
INSERT INTO COMMENTS_LIKES (user_id, comment_id) values ('102', '3');
INSERT INTO COMMENTS_LIKES (user_id, comment_id) values ('103', '3');
INSERT INTO COMMENTS_LIKES (user_id, comment_id) values ('104', '2');
INSERT INTO COMMENTS_LIKES (user_id, comment_id) values ('105', '5');
INSERT INTO COMMENTS_LIKES (user_id, comment_id) values ('106', '3');
INSERT INTO COMMENTS_LIKES (user_id, comment_id) values ('107', '5');
INSERT INTO COMMENTS_LIKES (user_id, comment_id) values ('108', '3');
INSERT INTO COMMENTS_LIKES (user_id, comment_id) values ('109', '2');
INSERT INTO COMMENTS_LIKES (user_id, comment_id) values ('110', '2');
INSERT INTO COMMENTS_LIKES (user_id, comment_id) values ('111', '3');
INSERT INTO COMMENTS_LIKES (user_id, comment_id) values ('112', '1');
INSERT INTO COMMENTS_LIKES (user_id, comment_id) values ('113', '1');
INSERT INTO COMMENTS_LIKES (user_id, comment_id) values ('114', '1');
INSERT INTO COMMENTS_LIKES (user_id, comment_id) values ('115', '1');
INSERT INTO COMMENTS_LIKES (user_id, comment_id) values ('116', '3');
INSERT INTO COMMENTS_LIKES (user_id, comment_id) values ('117', '4');
INSERT INTO COMMENTS_LIKES (user_id, comment_id) values ('118', '2');
INSERT INTO COMMENTS_LIKES (user_id, comment_id) values ('119', '1');
INSERT INTO COMMENTS_LIKES (user_id, comment_id) values ('120', '1');
INSERT INTO COMMENTS_LIKES (user_id, comment_id) values ('121', '3');
INSERT INTO COMMENTS_LIKES (user_id, comment_id) values ('122', '3');
INSERT INTO COMMENTS_LIKES (user_id, comment_id) values ('123', '5');
INSERT INTO COMMENTS_LIKES (user_id, comment_id) values ('124', '3');
INSERT INTO COMMENTS_LIKES (user_id, comment_id) values ('125', '4');
INSERT INTO COMMENTS_LIKES (user_id, comment_id) values ('126', '1');
INSERT INTO COMMENTS_LIKES (user_id, comment_id) values ('127', '4');
INSERT INTO COMMENTS_LIKES (user_id, comment_id) values ('128', '5');
INSERT INTO COMMENTS_LIKES (user_id, comment_id) values ('129', '2');
INSERT INTO COMMENTS_LIKES (user_id, comment_id) values ('130', '3');
INSERT INTO COMMENTS_LIKES (user_id, comment_id) values ('131', '1');
INSERT INTO COMMENTS_LIKES (user_id, comment_id) values ('132', '2');
INSERT INTO COMMENTS_LIKES (user_id, comment_id) values ('133', '4');
INSERT INTO COMMENTS_LIKES (user_id, comment_id) values ('134', '4');
INSERT INTO COMMENTS_LIKES (user_id, comment_id) values ('135', '4');
INSERT INTO COMMENTS_LIKES (user_id, comment_id) values ('136', '5');
INSERT INTO COMMENTS_LIKES (user_id, comment_id) values ('137', '2');
INSERT INTO COMMENTS_LIKES (user_id, comment_id) values ('138', '4');
INSERT INTO COMMENTS_LIKES (user_id, comment_id) values ('139', '5');
INSERT INTO COMMENTS_LIKES (user_id, comment_id) values ('140', '2');
INSERT INTO COMMENTS_LIKES (user_id, comment_id) values ('141', '5');
INSERT INTO COMMENTS_LIKES (user_id, comment_id) values ('142', '2');
INSERT INTO COMMENTS_LIKES (user_id, comment_id) values ('143', '2');
INSERT INTO COMMENTS_LIKES (user_id, comment_id) values ('144', '2');
INSERT INTO COMMENTS_LIKES (user_id, comment_id) values ('145', '4');
INSERT INTO COMMENTS_LIKES (user_id, comment_id) values ('146', '3');
INSERT INTO COMMENTS_LIKES (user_id, comment_id) values ('147', '5');
INSERT INTO COMMENTS_LIKES (user_id, comment_id) values ('148', '2');
INSERT INTO COMMENTS_LIKES (user_id, comment_id) values ('149', '5');
INSERT INTO COMMENTS_LIKES (user_id, comment_id) values ('150', '5');
INSERT INTO COMMENTS_LIKES (user_id, comment_id) values ('151', '5');
INSERT INTO COMMENTS_LIKES (user_id, comment_id) values ('152', '3');
INSERT INTO COMMENTS_LIKES (user_id, comment_id) values ('153', '2');
INSERT INTO COMMENTS_LIKES (user_id, comment_id) values ('154', '2');
INSERT INTO COMMENTS_LIKES (user_id, comment_id) values ('155', '3');
INSERT INTO COMMENTS_LIKES (user_id, comment_id) values ('156', '5');
INSERT INTO COMMENTS_LIKES (user_id, comment_id) values ('157', '3');
INSERT INTO COMMENTS_LIKES (user_id, comment_id) values ('158', '3');
INSERT INTO COMMENTS_LIKES (user_id, comment_id) values ('159', '3');
INSERT INTO COMMENTS_LIKES (user_id, comment_id) values ('160', '2');
INSERT INTO COMMENTS_LIKES (user_id, comment_id) values ('161', '1');
INSERT INTO COMMENTS_LIKES (user_id, comment_id) values ('162', '1');
INSERT INTO COMMENTS_LIKES (user_id, comment_id) values ('163', '3');
INSERT INTO COMMENTS_LIKES (user_id, comment_id) values ('164', '5');
INSERT INTO COMMENTS_LIKES (user_id, comment_id) values ('165', '4');
INSERT INTO COMMENTS_LIKES (user_id, comment_id) values ('166', '2');
INSERT INTO COMMENTS_LIKES (user_id, comment_id) values ('167', '3');
INSERT INTO COMMENTS_LIKES (user_id, comment_id) values ('168', '3');
INSERT INTO COMMENTS_LIKES (user_id, comment_id) values ('169', '3');
INSERT INTO COMMENTS_LIKES (user_id, comment_id) values ('170', '2');
INSERT INTO COMMENTS_LIKES (user_id, comment_id) values ('171', '4');
INSERT INTO COMMENTS_LIKES (user_id, comment_id) values ('172', '3');
INSERT INTO COMMENTS_LIKES (user_id, comment_id) values ('173', '1');
INSERT INTO COMMENTS_LIKES (user_id, comment_id) values ('174', '1');
INSERT INTO COMMENTS_LIKES (user_id, comment_id) values ('175', '3');
INSERT INTO COMMENTS_LIKES (user_id, comment_id) values ('176', '4');
INSERT INTO COMMENTS_LIKES (user_id, comment_id) values ('177', '4');
INSERT INTO COMMENTS_LIKES (user_id, comment_id) values ('178', '5');
INSERT INTO COMMENTS_LIKES (user_id, comment_id) values ('179', '3');
INSERT INTO COMMENTS_LIKES (user_id, comment_id) values ('180', '1');
INSERT INTO COMMENTS_LIKES (user_id, comment_id) values ('181', '2');
INSERT INTO COMMENTS_LIKES (user_id, comment_id) values ('182', '3');
INSERT INTO COMMENTS_LIKES (user_id, comment_id) values ('183', '1');
INSERT INTO COMMENTS_LIKES (user_id, comment_id) values ('184', '3');
INSERT INTO COMMENTS_LIKES (user_id, comment_id) values ('185', '3');
INSERT INTO COMMENTS_LIKES (user_id, comment_id) values ('186', '4');
INSERT INTO COMMENTS_LIKES (user_id, comment_id) values ('187', '3');
INSERT INTO COMMENTS_LIKES (user_id, comment_id) values ('188', '2');
INSERT INTO COMMENTS_LIKES (user_id, comment_id) values ('189', '2');
INSERT INTO COMMENTS_LIKES (user_id, comment_id) values ('190', '2');
INSERT INTO COMMENTS_LIKES (user_id, comment_id) values ('191', '4');
INSERT INTO COMMENTS_LIKES (user_id, comment_id) values ('192', '3');
INSERT INTO COMMENTS_LIKES (user_id, comment_id) values ('193', '2');
INSERT INTO COMMENTS_LIKES (user_id, comment_id) values ('194', '1');
INSERT INTO COMMENTS_LIKES (user_id, comment_id) values ('195', '4');
INSERT INTO COMMENTS_LIKES (user_id, comment_id) values ('196', '5');
INSERT INTO COMMENTS_LIKES (user_id, comment_id) values ('197', '1');
INSERT INTO COMMENTS_LIKES (user_id, comment_id) values ('198', '5');
INSERT INTO COMMENTS_LIKES (user_id, comment_id) values ('199', '2');
INSERT INTO COMMENTS_LIKES (user_id, comment_id) values ('200', '2');
INSERT INTO COMMENTS_LIKES (user_id, comment_id) values ('201', '2');
INSERT INTO COMMENTS_LIKES (user_id, comment_id) values ('202', '1');
INSERT INTO COMMENTS_LIKES (user_id, comment_id) values ('203', '2');
INSERT INTO COMMENTS_LIKES (user_id, comment_id) values ('204', '3');
INSERT INTO COMMENTS_LIKES (user_id, comment_id) values ('205', '3');
INSERT INTO COMMENTS_LIKES (user_id, comment_id) values ('206', '4');
INSERT INTO COMMENTS_LIKES (user_id, comment_id) values ('207', '5');
INSERT INTO COMMENTS_LIKES (user_id, comment_id) values ('208', '2');
INSERT INTO COMMENTS_LIKES (user_id, comment_id) values ('209', '3');
INSERT INTO COMMENTS_LIKES (user_id, comment_id) values ('210', '5');
INSERT INTO COMMENTS_LIKES (user_id, comment_id) values ('211', '5');
INSERT INTO COMMENTS_LIKES (user_id, comment_id) values ('212', '5');
INSERT INTO COMMENTS_LIKES (user_id, comment_id) values ('213', '1');
INSERT INTO COMMENTS_LIKES (user_id, comment_id) values ('214', '3');
INSERT INTO COMMENTS_LIKES (user_id, comment_id) values ('215', '1');
INSERT INTO COMMENTS_LIKES (user_id, comment_id) values ('216', '5');
INSERT INTO COMMENTS_LIKES (user_id, comment_id) values ('217', '4');
INSERT INTO COMMENTS_LIKES (user_id, comment_id) values ('218', '1');
INSERT INTO COMMENTS_LIKES (user_id, comment_id) values ('219', '3');
INSERT INTO COMMENTS_LIKES (user_id, comment_id) values ('220', '1');
INSERT INTO COMMENTS_LIKES (user_id, comment_id) values ('221', '1');
INSERT INTO COMMENTS_LIKES (user_id, comment_id) values ('222', '2');
INSERT INTO COMMENTS_LIKES (user_id, comment_id) values ('223', '4');
INSERT INTO COMMENTS_LIKES (user_id, comment_id) values ('224', '5');
INSERT INTO COMMENTS_LIKES (user_id, comment_id) values ('225', '1');
INSERT INTO COMMENTS_LIKES (user_id, comment_id) values ('226', '5');
INSERT INTO COMMENTS_LIKES (user_id, comment_id) values ('227', '4');
INSERT INTO COMMENTS_LIKES (user_id, comment_id) values ('228', '3');
INSERT INTO COMMENTS_LIKES (user_id, comment_id) values ('229', '2');
INSERT INTO COMMENTS_LIKES (user_id, comment_id) values ('230', '5');
INSERT INTO COMMENTS_LIKES (user_id, comment_id) values ('231', '4');
INSERT INTO COMMENTS_LIKES (user_id, comment_id) values ('232', '1');
INSERT INTO COMMENTS_LIKES (user_id, comment_id) values ('233', '1');
INSERT INTO COMMENTS_LIKES (user_id, comment_id) values ('234', '5');
INSERT INTO COMMENTS_LIKES (user_id, comment_id) values ('235', '4');
INSERT INTO COMMENTS_LIKES (user_id, comment_id) values ('236', '1');
INSERT INTO COMMENTS_LIKES (user_id, comment_id) values ('237', '3');
INSERT INTO COMMENTS_LIKES (user_id, comment_id) values ('238', '2');
INSERT INTO COMMENTS_LIKES (user_id, comment_id) values ('239', '3');
INSERT INTO COMMENTS_LIKES (user_id, comment_id) values ('240', '3');
INSERT INTO COMMENTS_LIKES (user_id, comment_id) values ('241', '3');
INSERT INTO COMMENTS_LIKES (user_id, comment_id) values ('242', '5');
INSERT INTO COMMENTS_LIKES (user_id, comment_id) values ('243', '4');
INSERT INTO COMMENTS_LIKES (user_id, comment_id) values ('244', '3');
INSERT INTO COMMENTS_LIKES (user_id, comment_id) values ('245', '1');
INSERT INTO COMMENTS_LIKES (user_id, comment_id) values ('246', '2');
INSERT INTO COMMENTS_LIKES (user_id, comment_id) values ('247', '1');
INSERT INTO COMMENTS_LIKES (user_id, comment_id) values ('248', '4');
INSERT INTO COMMENTS_LIKES (user_id, comment_id) values ('249', '1');
INSERT INTO COMMENTS_LIKES (user_id, comment_id) values ('250', '5');
INSERT INTO COMMENTS_LIKES (user_id, comment_id) values ('251', '5');
INSERT INTO COMMENTS_LIKES (user_id, comment_id) values ('252', '3');
INSERT INTO COMMENTS_LIKES (user_id, comment_id) values ('253', '5');
INSERT INTO COMMENTS_LIKES (user_id, comment_id) values ('254', '2');
INSERT INTO COMMENTS_LIKES (user_id, comment_id) values ('255', '4');
INSERT INTO COMMENTS_LIKES (user_id, comment_id) values ('256', '4');
INSERT INTO COMMENTS_LIKES (user_id, comment_id) values ('257', '2');
INSERT INTO COMMENTS_LIKES (user_id, comment_id) values ('258', '1');
INSERT INTO COMMENTS_LIKES (user_id, comment_id) values ('259', '3');
INSERT INTO COMMENTS_LIKES (user_id, comment_id) values ('260', '3');
INSERT INTO COMMENTS_LIKES (user_id, comment_id) values ('261', '5');
INSERT INTO COMMENTS_LIKES (user_id, comment_id) values ('262', '2');
INSERT INTO COMMENTS_LIKES (user_id, comment_id) values ('263', '1');
INSERT INTO COMMENTS_LIKES (user_id, comment_id) values ('264', '4');
INSERT INTO COMMENTS_LIKES (user_id, comment_id) values ('265', '4');
INSERT INTO COMMENTS_LIKES (user_id, comment_id) values ('266', '3');
INSERT INTO COMMENTS_LIKES (user_id, comment_id) values ('267', '4');
INSERT INTO COMMENTS_LIKES (user_id, comment_id) values ('268', '3');
INSERT INTO COMMENTS_LIKES (user_id, comment_id) values ('269', '3');
INSERT INTO COMMENTS_LIKES (user_id, comment_id) values ('270', '5');
INSERT INTO COMMENTS_LIKES (user_id, comment_id) values ('271', '3');
INSERT INTO COMMENTS_LIKES (user_id, comment_id) values ('272', '2');
INSERT INTO COMMENTS_LIKES (user_id, comment_id) values ('273', '4');
INSERT INTO COMMENTS_LIKES (user_id, comment_id) values ('274', '4');
INSERT INTO COMMENTS_LIKES (user_id, comment_id) values ('275', '3');
INSERT INTO COMMENTS_LIKES (user_id, comment_id) values ('276', '2');
INSERT INTO COMMENTS_LIKES (user_id, comment_id) values ('277', '3');
INSERT INTO COMMENTS_LIKES (user_id, comment_id) values ('278', '4');
INSERT INTO COMMENTS_LIKES (user_id, comment_id) values ('279', '5');
INSERT INTO COMMENTS_LIKES (user_id, comment_id) values ('280', '3');
INSERT INTO COMMENTS_LIKES (user_id, comment_id) values ('281', '3');
INSERT INTO COMMENTS_LIKES (user_id, comment_id) values ('282', '1');
INSERT INTO COMMENTS_LIKES (user_id, comment_id) values ('283', '4');
INSERT INTO COMMENTS_LIKES (user_id, comment_id) values ('284', '3');
INSERT INTO COMMENTS_LIKES (user_id, comment_id) values ('285', '4');
INSERT INTO COMMENTS_LIKES (user_id, comment_id) values ('286', '1');
INSERT INTO COMMENTS_LIKES (user_id, comment_id) values ('287', '2');
INSERT INTO COMMENTS_LIKES (user_id, comment_id) values ('288', '2');
INSERT INTO COMMENTS_LIKES (user_id, comment_id) values ('289', '5');
INSERT INTO COMMENTS_LIKES (user_id, comment_id) values ('290', '4');
INSERT INTO COMMENTS_LIKES (user_id, comment_id) values ('291', '2');
INSERT INTO COMMENTS_LIKES (user_id, comment_id) values ('292', '2');
INSERT INTO COMMENTS_LIKES (user_id, comment_id) values ('293', '1');
INSERT INTO COMMENTS_LIKES (user_id, comment_id) values ('294', '5');
INSERT INTO COMMENTS_LIKES (user_id, comment_id) values ('295', '4');
INSERT INTO COMMENTS_LIKES (user_id, comment_id) values ('296', '5');
INSERT INTO COMMENTS_LIKES (user_id, comment_id) values ('297', '1');
INSERT INTO COMMENTS_LIKES (user_id, comment_id) values ('298', '3');
INSERT INTO COMMENTS_LIKES (user_id, comment_id) values ('299', '3');
INSERT INTO GROUPS (name, description) values ('Poni bolygok szeretoi', 'Sziasztok mi itt nagyon szeretjuk a poni bolygokat.');
INSERT INTO GROUPS (name, description) values ('Hernyo bolygok szeretoi', 'Sziasztok mi itt nagyon szeretjuk a hernyo bolygokat.');
INSERT INTO GROUPS (name, description) values ('Katica bolygok szeretoi', 'Sziasztok mi itt nagyon szeretjuk a katica bolygokat.');
INSERT INTO GROUPS (name, description) values ('Macska bolygok szeretoi', 'Sziasztok mi itt nagyon szeretjuk a macska bolygokat.');
INSERT INTO GROUPS (name, description) values ('Mercso Gark bolygok szeretoi', 'Sziasztok mi itt nagyon szeretjuk a Mercso Gark bolygokat.');
INSERT INTO GROUPS_MEMBERS (user_id, group_id) values ('1', '4');
INSERT INTO GROUPS_MEMBERS (user_id, group_id) values ('2', '5');
INSERT INTO GROUPS_MEMBERS (user_id, group_id) values ('3', '2');
INSERT INTO GROUPS_MEMBERS (user_id, group_id) values ('4', '1');
INSERT INTO GROUPS_MEMBERS (user_id, group_id) values ('5', '2');
INSERT INTO GROUPS_MEMBERS (user_id, group_id) values ('6', '4');
INSERT INTO GROUPS_MEMBERS (user_id, group_id) values ('7', '1');
INSERT INTO GROUPS_MEMBERS (user_id, group_id) values ('8', '5');
INSERT INTO GROUPS_MEMBERS (user_id, group_id) values ('9', '1');
INSERT INTO GROUPS_MEMBERS (user_id, group_id) values ('10', '1');
INSERT INTO GROUPS_MEMBERS (user_id, group_id) values ('11', '3');
INSERT INTO GROUPS_MEMBERS (user_id, group_id) values ('12', '2');
INSERT INTO GROUPS_MEMBERS (user_id, group_id) values ('13', '3');
INSERT INTO GROUPS_MEMBERS (user_id, group_id) values ('14', '1');
INSERT INTO GROUPS_MEMBERS (user_id, group_id) values ('15', '2');
INSERT INTO GROUPS_MEMBERS (user_id, group_id) values ('16', '5');
INSERT INTO GROUPS_MEMBERS (user_id, group_id) values ('17', '2');
INSERT INTO GROUPS_MEMBERS (user_id, group_id) values ('18', '1');
INSERT INTO GROUPS_MEMBERS (user_id, group_id) values ('19', '5');
INSERT INTO GROUPS_MEMBERS (user_id, group_id) values ('20', '5');
INSERT INTO GROUPS_MEMBERS (user_id, group_id) values ('21', '3');
INSERT INTO GROUPS_MEMBERS (user_id, group_id) values ('22', '5');
INSERT INTO GROUPS_MEMBERS (user_id, group_id) values ('23', '2');
INSERT INTO GROUPS_MEMBERS (user_id, group_id) values ('24', '3');
INSERT INTO GROUPS_MEMBERS (user_id, group_id) values ('25', '2');
INSERT INTO GROUPS_MEMBERS (user_id, group_id) values ('26', '5');
INSERT INTO GROUPS_MEMBERS (user_id, group_id) values ('27', '3');
INSERT INTO GROUPS_MEMBERS (user_id, group_id) values ('28', '5');
INSERT INTO GROUPS_MEMBERS (user_id, group_id) values ('29', '3');
INSERT INTO GROUPS_MEMBERS (user_id, group_id) values ('30', '1');
INSERT INTO GROUPS_MEMBERS (user_id, group_id) values ('31', '1');
INSERT INTO GROUPS_MEMBERS (user_id, group_id) values ('32', '1');
INSERT INTO GROUPS_MEMBERS (user_id, group_id) values ('33', '5');
INSERT INTO GROUPS_MEMBERS (user_id, group_id) values ('34', '2');
INSERT INTO GROUPS_MEMBERS (user_id, group_id) values ('35', '5');
INSERT INTO GROUPS_MEMBERS (user_id, group_id) values ('36', '5');
INSERT INTO GROUPS_MEMBERS (user_id, group_id) values ('37', '5');
INSERT INTO GROUPS_MEMBERS (user_id, group_id) values ('38', '5');
INSERT INTO GROUPS_MEMBERS (user_id, group_id) values ('39', '3');
INSERT INTO GROUPS_MEMBERS (user_id, group_id) values ('40', '1');
INSERT INTO GROUPS_MEMBERS (user_id, group_id) values ('41', '2');
INSERT INTO GROUPS_MEMBERS (user_id, group_id) values ('42', '3');
INSERT INTO GROUPS_MEMBERS (user_id, group_id) values ('43', '5');
INSERT INTO GROUPS_MEMBERS (user_id, group_id) values ('44', '2');
INSERT INTO GROUPS_MEMBERS (user_id, group_id) values ('45', '5');
INSERT INTO GROUPS_MEMBERS (user_id, group_id) values ('46', '1');
INSERT INTO GROUPS_MEMBERS (user_id, group_id) values ('47', '2');
INSERT INTO GROUPS_MEMBERS (user_id, group_id) values ('48', '2');
INSERT INTO GROUPS_MEMBERS (user_id, group_id) values ('49', '2');
INSERT INTO GROUPS_MEMBERS (user_id, group_id) values ('50', '1');
INSERT INTO GROUPS_MEMBERS (user_id, group_id) values ('51', '4');
INSERT INTO GROUPS_MEMBERS (user_id, group_id) values ('52', '2');
INSERT INTO GROUPS_MEMBERS (user_id, group_id) values ('53', '3');
INSERT INTO GROUPS_MEMBERS (user_id, group_id) values ('54', '2');
INSERT INTO GROUPS_MEMBERS (user_id, group_id) values ('55', '3');
INSERT INTO GROUPS_MEMBERS (user_id, group_id) values ('56', '4');
INSERT INTO GROUPS_MEMBERS (user_id, group_id) values ('57', '3');
INSERT INTO GROUPS_MEMBERS (user_id, group_id) values ('58', '2');
INSERT INTO GROUPS_MEMBERS (user_id, group_id) values ('59', '1');
INSERT INTO GROUPS_MEMBERS (user_id, group_id) values ('60', '3');
INSERT INTO GROUPS_MEMBERS (user_id, group_id) values ('61', '1');
INSERT INTO GROUPS_MEMBERS (user_id, group_id) values ('62', '1');
INSERT INTO GROUPS_MEMBERS (user_id, group_id) values ('63', '5');
INSERT INTO GROUPS_MEMBERS (user_id, group_id) values ('64', '4');
INSERT INTO GROUPS_MEMBERS (user_id, group_id) values ('65', '3');
INSERT INTO GROUPS_MEMBERS (user_id, group_id) values ('66', '2');
INSERT INTO GROUPS_MEMBERS (user_id, group_id) values ('67', '1');
INSERT INTO GROUPS_MEMBERS (user_id, group_id) values ('68', '3');
INSERT INTO GROUPS_MEMBERS (user_id, group_id) values ('69', '4');
INSERT INTO GROUPS_MEMBERS (user_id, group_id) values ('70', '1');
INSERT INTO GROUPS_MEMBERS (user_id, group_id) values ('71', '4');
INSERT INTO GROUPS_MEMBERS (user_id, group_id) values ('72', '3');
INSERT INTO GROUPS_MEMBERS (user_id, group_id) values ('73', '5');
INSERT INTO GROUPS_MEMBERS (user_id, group_id) values ('74', '5');
INSERT INTO GROUPS_MEMBERS (user_id, group_id) values ('75', '4');
INSERT INTO GROUPS_MEMBERS (user_id, group_id) values ('76', '3');
INSERT INTO GROUPS_MEMBERS (user_id, group_id) values ('77', '5');
INSERT INTO GROUPS_MEMBERS (user_id, group_id) values ('78', '5');
INSERT INTO GROUPS_MEMBERS (user_id, group_id) values ('79', '5');
INSERT INTO GROUPS_MEMBERS (user_id, group_id) values ('80', '2');
INSERT INTO GROUPS_MEMBERS (user_id, group_id) values ('81', '1');
INSERT INTO GROUPS_MEMBERS (user_id, group_id) values ('82', '3');
INSERT INTO GROUPS_MEMBERS (user_id, group_id) values ('83', '4');
INSERT INTO GROUPS_MEMBERS (user_id, group_id) values ('84', '4');
INSERT INTO GROUPS_MEMBERS (user_id, group_id) values ('85', '5');
INSERT INTO GROUPS_MEMBERS (user_id, group_id) values ('86', '4');
INSERT INTO GROUPS_MEMBERS (user_id, group_id) values ('87', '1');
INSERT INTO GROUPS_MEMBERS (user_id, group_id) values ('88', '2');
INSERT INTO GROUPS_MEMBERS (user_id, group_id) values ('89', '4');
INSERT INTO GROUPS_MEMBERS (user_id, group_id) values ('90', '1');
INSERT INTO GROUPS_MEMBERS (user_id, group_id) values ('91', '3');
INSERT INTO GROUPS_MEMBERS (user_id, group_id) values ('92', '2');
INSERT INTO GROUPS_MEMBERS (user_id, group_id) values ('93', '4');
INSERT INTO GROUPS_MEMBERS (user_id, group_id) values ('94', '2');
INSERT INTO GROUPS_MEMBERS (user_id, group_id) values ('95', '3');
INSERT INTO GROUPS_MEMBERS (user_id, group_id) values ('96', '3');
INSERT INTO GROUPS_MEMBERS (user_id, group_id) values ('97', '5');
INSERT INTO GROUPS_MEMBERS (user_id, group_id) values ('98', '5');
INSERT INTO GROUPS_MEMBERS (user_id, group_id) values ('99', '2');
INSERT INTO GROUPS_MEMBERS (user_id, group_id) values ('100', '3');
INSERT INTO GROUPS_MEMBERS (user_id, group_id) values ('101', '3');
INSERT INTO GROUPS_MEMBERS (user_id, group_id) values ('102', '2');
INSERT INTO GROUPS_MEMBERS (user_id, group_id) values ('103', '5');
INSERT INTO GROUPS_MEMBERS (user_id, group_id) values ('104', '4');
INSERT INTO GROUPS_MEMBERS (user_id, group_id) values ('105', '5');
INSERT INTO GROUPS_MEMBERS (user_id, group_id) values ('106', '3');
INSERT INTO GROUPS_MEMBERS (user_id, group_id) values ('107', '4');
INSERT INTO GROUPS_MEMBERS (user_id, group_id) values ('108', '1');
INSERT INTO GROUPS_MEMBERS (user_id, group_id) values ('109', '1');
INSERT INTO GROUPS_MEMBERS (user_id, group_id) values ('110', '1');
INSERT INTO GROUPS_MEMBERS (user_id, group_id) values ('111', '4');
INSERT INTO GROUPS_MEMBERS (user_id, group_id) values ('112', '5');
INSERT INTO GROUPS_MEMBERS (user_id, group_id) values ('113', '3');
INSERT INTO GROUPS_MEMBERS (user_id, group_id) values ('114', '2');
INSERT INTO GROUPS_MEMBERS (user_id, group_id) values ('115', '4');
INSERT INTO GROUPS_MEMBERS (user_id, group_id) values ('116', '5');
INSERT INTO GROUPS_MEMBERS (user_id, group_id) values ('117', '2');
INSERT INTO GROUPS_MEMBERS (user_id, group_id) values ('118', '5');
INSERT INTO GROUPS_MEMBERS (user_id, group_id) values ('119', '5');
INSERT INTO GROUPS_MEMBERS (user_id, group_id) values ('120', '4');
INSERT INTO GROUPS_MEMBERS (user_id, group_id) values ('121', '4');
INSERT INTO GROUPS_MEMBERS (user_id, group_id) values ('122', '4');
INSERT INTO GROUPS_MEMBERS (user_id, group_id) values ('123', '3');
INSERT INTO GROUPS_MEMBERS (user_id, group_id) values ('124', '4');
INSERT INTO GROUPS_MEMBERS (user_id, group_id) values ('125', '1');
INSERT INTO GROUPS_MEMBERS (user_id, group_id) values ('126', '3');
INSERT INTO GROUPS_MEMBERS (user_id, group_id) values ('127', '4');
INSERT INTO GROUPS_MEMBERS (user_id, group_id) values ('128', '2');
INSERT INTO GROUPS_MEMBERS (user_id, group_id) values ('129', '3');
INSERT INTO GROUPS_MEMBERS (user_id, group_id) values ('130', '5');
INSERT INTO GROUPS_MEMBERS (user_id, group_id) values ('131', '2');
INSERT INTO GROUPS_MEMBERS (user_id, group_id) values ('132', '4');
INSERT INTO GROUPS_MEMBERS (user_id, group_id) values ('133', '1');
INSERT INTO GROUPS_MEMBERS (user_id, group_id) values ('134', '1');
INSERT INTO GROUPS_MEMBERS (user_id, group_id) values ('135', '1');
INSERT INTO GROUPS_MEMBERS (user_id, group_id) values ('136', '5');
INSERT INTO GROUPS_MEMBERS (user_id, group_id) values ('137', '4');
INSERT INTO GROUPS_MEMBERS (user_id, group_id) values ('138', '4');
INSERT INTO GROUPS_MEMBERS (user_id, group_id) values ('139', '5');
INSERT INTO GROUPS_MEMBERS (user_id, group_id) values ('140', '4');
INSERT INTO GROUPS_MEMBERS (user_id, group_id) values ('141', '4');
INSERT INTO GROUPS_MEMBERS (user_id, group_id) values ('142', '2');
INSERT INTO GROUPS_MEMBERS (user_id, group_id) values ('143', '1');
INSERT INTO GROUPS_MEMBERS (user_id, group_id) values ('144', '2');
INSERT INTO GROUPS_MEMBERS (user_id, group_id) values ('145', '2');
INSERT INTO GROUPS_MEMBERS (user_id, group_id) values ('146', '1');
INSERT INTO GROUPS_MEMBERS (user_id, group_id) values ('147', '3');
INSERT INTO GROUPS_MEMBERS (user_id, group_id) values ('148', '4');
INSERT INTO GROUPS_MEMBERS (user_id, group_id) values ('149', '1');
INSERT INTO GROUPS_MEMBERS (user_id, group_id) values ('150', '4');
INSERT INTO GROUPS_MEMBERS (user_id, group_id) values ('151', '5');
INSERT INTO GROUPS_MEMBERS (user_id, group_id) values ('152', '3');
INSERT INTO GROUPS_MEMBERS (user_id, group_id) values ('153', '5');
INSERT INTO GROUPS_MEMBERS (user_id, group_id) values ('154', '5');
INSERT INTO GROUPS_MEMBERS (user_id, group_id) values ('155', '5');
INSERT INTO GROUPS_MEMBERS (user_id, group_id) values ('156', '2');
INSERT INTO GROUPS_MEMBERS (user_id, group_id) values ('157', '2');
INSERT INTO GROUPS_MEMBERS (user_id, group_id) values ('158', '2');
INSERT INTO GROUPS_MEMBERS (user_id, group_id) values ('159', '4');
INSERT INTO GROUPS_MEMBERS (user_id, group_id) values ('160', '1');
INSERT INTO GROUPS_MEMBERS (user_id, group_id) values ('161', '1');
INSERT INTO GROUPS_MEMBERS (user_id, group_id) values ('162', '2');
INSERT INTO GROUPS_MEMBERS (user_id, group_id) values ('163', '3');
INSERT INTO GROUPS_MEMBERS (user_id, group_id) values ('164', '3');
INSERT INTO GROUPS_MEMBERS (user_id, group_id) values ('165', '2');
INSERT INTO GROUPS_MEMBERS (user_id, group_id) values ('166', '2');
INSERT INTO GROUPS_MEMBERS (user_id, group_id) values ('167', '5');
INSERT INTO GROUPS_MEMBERS (user_id, group_id) values ('168', '4');
INSERT INTO GROUPS_MEMBERS (user_id, group_id) values ('169', '5');
INSERT INTO GROUPS_MEMBERS (user_id, group_id) values ('170', '4');
INSERT INTO GROUPS_MEMBERS (user_id, group_id) values ('171', '1');
INSERT INTO GROUPS_MEMBERS (user_id, group_id) values ('172', '2');
INSERT INTO GROUPS_MEMBERS (user_id, group_id) values ('173', '5');
INSERT INTO GROUPS_MEMBERS (user_id, group_id) values ('174', '3');
INSERT INTO GROUPS_MEMBERS (user_id, group_id) values ('175', '1');
INSERT INTO GROUPS_MEMBERS (user_id, group_id) values ('176', '1');
INSERT INTO GROUPS_MEMBERS (user_id, group_id) values ('177', '4');
INSERT INTO GROUPS_MEMBERS (user_id, group_id) values ('178', '4');
INSERT INTO GROUPS_MEMBERS (user_id, group_id) values ('179', '5');
INSERT INTO GROUPS_MEMBERS (user_id, group_id) values ('180', '5');
INSERT INTO GROUPS_MEMBERS (user_id, group_id) values ('181', '2');
INSERT INTO GROUPS_MEMBERS (user_id, group_id) values ('182', '2');
INSERT INTO GROUPS_MEMBERS (user_id, group_id) values ('183', '1');
INSERT INTO GROUPS_MEMBERS (user_id, group_id) values ('184', '1');
INSERT INTO GROUPS_MEMBERS (user_id, group_id) values ('185', '4');
INSERT INTO GROUPS_MEMBERS (user_id, group_id) values ('186', '4');
INSERT INTO GROUPS_MEMBERS (user_id, group_id) values ('187', '4');
INSERT INTO GROUPS_MEMBERS (user_id, group_id) values ('188', '1');
INSERT INTO GROUPS_MEMBERS (user_id, group_id) values ('189', '1');
INSERT INTO GROUPS_MEMBERS (user_id, group_id) values ('190', '2');
INSERT INTO GROUPS_MEMBERS (user_id, group_id) values ('191', '3');
INSERT INTO GROUPS_MEMBERS (user_id, group_id) values ('192', '2');
INSERT INTO GROUPS_MEMBERS (user_id, group_id) values ('193', '3');
INSERT INTO GROUPS_MEMBERS (user_id, group_id) values ('194', '1');
INSERT INTO GROUPS_MEMBERS (user_id, group_id) values ('195', '1');
INSERT INTO GROUPS_MEMBERS (user_id, group_id) values ('196', '1');
INSERT INTO GROUPS_MEMBERS (user_id, group_id) values ('197', '4');
INSERT INTO GROUPS_MEMBERS (user_id, group_id) values ('198', '5');
INSERT INTO GROUPS_MEMBERS (user_id, group_id) values ('199', '2');
INSERT INTO GROUPS_MEMBERS (user_id, group_id) values ('200', '3');
INSERT INTO GROUPS_MEMBERS (user_id, group_id) values ('201', '5');
INSERT INTO GROUPS_MEMBERS (user_id, group_id) values ('202', '3');
INSERT INTO GROUPS_MEMBERS (user_id, group_id) values ('203', '2');
INSERT INTO GROUPS_MEMBERS (user_id, group_id) values ('204', '5');
INSERT INTO GROUPS_MEMBERS (user_id, group_id) values ('205', '1');
INSERT INTO GROUPS_MEMBERS (user_id, group_id) values ('206', '5');
INSERT INTO GROUPS_MEMBERS (user_id, group_id) values ('207', '3');
INSERT INTO GROUPS_MEMBERS (user_id, group_id) values ('208', '5');
INSERT INTO GROUPS_MEMBERS (user_id, group_id) values ('209', '1');
INSERT INTO GROUPS_MEMBERS (user_id, group_id) values ('210', '1');
INSERT INTO GROUPS_MEMBERS (user_id, group_id) values ('211', '2');
INSERT INTO GROUPS_MEMBERS (user_id, group_id) values ('212', '2');
INSERT INTO GROUPS_MEMBERS (user_id, group_id) values ('213', '2');
INSERT INTO GROUPS_MEMBERS (user_id, group_id) values ('214', '5');
INSERT INTO GROUPS_MEMBERS (user_id, group_id) values ('215', '3');
INSERT INTO GROUPS_MEMBERS (user_id, group_id) values ('216', '1');
INSERT INTO GROUPS_MEMBERS (user_id, group_id) values ('217', '3');
INSERT INTO GROUPS_MEMBERS (user_id, group_id) values ('218', '2');
INSERT INTO GROUPS_MEMBERS (user_id, group_id) values ('219', '2');
INSERT INTO GROUPS_MEMBERS (user_id, group_id) values ('220', '4');
INSERT INTO GROUPS_MEMBERS (user_id, group_id) values ('221', '3');
INSERT INTO GROUPS_MEMBERS (user_id, group_id) values ('222', '5');
INSERT INTO GROUPS_MEMBERS (user_id, group_id) values ('223', '5');
INSERT INTO GROUPS_MEMBERS (user_id, group_id) values ('224', '1');
INSERT INTO GROUPS_MEMBERS (user_id, group_id) values ('225', '5');
INSERT INTO GROUPS_MEMBERS (user_id, group_id) values ('226', '1');
INSERT INTO GROUPS_MEMBERS (user_id, group_id) values ('227', '1');
INSERT INTO GROUPS_MEMBERS (user_id, group_id) values ('228', '1');
INSERT INTO GROUPS_MEMBERS (user_id, group_id) values ('229', '1');
INSERT INTO GROUPS_MEMBERS (user_id, group_id) values ('230', '2');
INSERT INTO GROUPS_MEMBERS (user_id, group_id) values ('231', '2');
INSERT INTO GROUPS_MEMBERS (user_id, group_id) values ('232', '3');
INSERT INTO GROUPS_MEMBERS (user_id, group_id) values ('233', '3');
INSERT INTO GROUPS_MEMBERS (user_id, group_id) values ('234', '3');
INSERT INTO GROUPS_MEMBERS (user_id, group_id) values ('235', '4');
INSERT INTO GROUPS_MEMBERS (user_id, group_id) values ('236', '4');
INSERT INTO GROUPS_MEMBERS (user_id, group_id) values ('237', '1');
INSERT INTO GROUPS_MEMBERS (user_id, group_id) values ('238', '3');
INSERT INTO GROUPS_MEMBERS (user_id, group_id) values ('239', '5');
INSERT INTO GROUPS_MEMBERS (user_id, group_id) values ('240', '1');
INSERT INTO GROUPS_MEMBERS (user_id, group_id) values ('241', '3');
INSERT INTO GROUPS_MEMBERS (user_id, group_id) values ('242', '2');
INSERT INTO GROUPS_MEMBERS (user_id, group_id) values ('243', '3');
INSERT INTO GROUPS_MEMBERS (user_id, group_id) values ('244', '5');
INSERT INTO GROUPS_MEMBERS (user_id, group_id) values ('245', '4');
INSERT INTO GROUPS_MEMBERS (user_id, group_id) values ('246', '5');
INSERT INTO GROUPS_MEMBERS (user_id, group_id) values ('247', '1');
INSERT INTO GROUPS_MEMBERS (user_id, group_id) values ('248', '2');
INSERT INTO GROUPS_MEMBERS (user_id, group_id) values ('249', '1');
INSERT INTO GROUPS_MEMBERS (user_id, group_id) values ('250', '5');
INSERT INTO GROUPS_MEMBERS (user_id, group_id) values ('251', '2');
INSERT INTO GROUPS_MEMBERS (user_id, group_id) values ('252', '5');
INSERT INTO GROUPS_MEMBERS (user_id, group_id) values ('253', '5');
INSERT INTO GROUPS_MEMBERS (user_id, group_id) values ('254', '3');
INSERT INTO GROUPS_MEMBERS (user_id, group_id) values ('255', '1');
INSERT INTO GROUPS_MEMBERS (user_id, group_id) values ('256', '5');
INSERT INTO GROUPS_MEMBERS (user_id, group_id) values ('257', '4');
INSERT INTO GROUPS_MEMBERS (user_id, group_id) values ('258', '3');
INSERT INTO GROUPS_MEMBERS (user_id, group_id) values ('259', '1');
INSERT INTO GROUPS_MEMBERS (user_id, group_id) values ('260', '1');
INSERT INTO GROUPS_MEMBERS (user_id, group_id) values ('261', '4');
INSERT INTO GROUPS_MEMBERS (user_id, group_id) values ('262', '3');
INSERT INTO GROUPS_MEMBERS (user_id, group_id) values ('263', '5');
INSERT INTO GROUPS_MEMBERS (user_id, group_id) values ('264', '1');
INSERT INTO GROUPS_MEMBERS (user_id, group_id) values ('265', '2');
INSERT INTO GROUPS_MEMBERS (user_id, group_id) values ('266', '3');
INSERT INTO GROUPS_MEMBERS (user_id, group_id) values ('267', '4');
INSERT INTO GROUPS_MEMBERS (user_id, group_id) values ('268', '3');
INSERT INTO GROUPS_MEMBERS (user_id, group_id) values ('269', '1');
INSERT INTO GROUPS_MEMBERS (user_id, group_id) values ('270', '1');
INSERT INTO GROUPS_MEMBERS (user_id, group_id) values ('271', '4');
INSERT INTO GROUPS_MEMBERS (user_id, group_id) values ('272', '2');
INSERT INTO GROUPS_MEMBERS (user_id, group_id) values ('273', '3');
INSERT INTO GROUPS_MEMBERS (user_id, group_id) values ('274', '1');
INSERT INTO GROUPS_MEMBERS (user_id, group_id) values ('275', '4');
INSERT INTO GROUPS_MEMBERS (user_id, group_id) values ('276', '3');
INSERT INTO GROUPS_MEMBERS (user_id, group_id) values ('277', '5');
INSERT INTO GROUPS_MEMBERS (user_id, group_id) values ('278', '2');
INSERT INTO GROUPS_MEMBERS (user_id, group_id) values ('279', '2');
INSERT INTO GROUPS_MEMBERS (user_id, group_id) values ('280', '3');
INSERT INTO GROUPS_MEMBERS (user_id, group_id) values ('281', '4');
INSERT INTO GROUPS_MEMBERS (user_id, group_id) values ('282', '5');
INSERT INTO GROUPS_MEMBERS (user_id, group_id) values ('283', '2');
INSERT INTO GROUPS_MEMBERS (user_id, group_id) values ('284', '1');
INSERT INTO GROUPS_MEMBERS (user_id, group_id) values ('285', '2');
INSERT INTO GROUPS_MEMBERS (user_id, group_id) values ('286', '3');
INSERT INTO GROUPS_MEMBERS (user_id, group_id) values ('287', '2');
INSERT INTO GROUPS_MEMBERS (user_id, group_id) values ('288', '1');
INSERT INTO GROUPS_MEMBERS (user_id, group_id) values ('289', '2');
INSERT INTO GROUPS_MEMBERS (user_id, group_id) values ('290', '3');
INSERT INTO GROUPS_MEMBERS (user_id, group_id) values ('291', '5');
INSERT INTO GROUPS_MEMBERS (user_id, group_id) values ('292', '5');
INSERT INTO GROUPS_MEMBERS (user_id, group_id) values ('293', '2');
INSERT INTO GROUPS_MEMBERS (user_id, group_id) values ('294', '5');
INSERT INTO GROUPS_MEMBERS (user_id, group_id) values ('295', '3');
INSERT INTO GROUPS_MEMBERS (user_id, group_id) values ('296', '5');
INSERT INTO GROUPS_MEMBERS (user_id, group_id) values ('297', '3');
INSERT INTO GROUPS_MEMBERS (user_id, group_id) values ('298', '4');
INSERT INTO GROUPS_MEMBERS (user_id, group_id) values ('299', '3');
INSERT INTO GROUPS_ADMINS (user_id, group_id) values ('2', '1');
INSERT INTO GROUPS_ADMINS (user_id, group_id) values ('93', '2');
INSERT INTO GROUPS_ADMINS (user_id, group_id) values ('202', '3');
INSERT INTO GROUPS_ADMINS (user_id, group_id) values ('211', '4');
INSERT INTO GROUPS_ADMINS (user_id, group_id) values ('204', '5');
INSERT INTO MESSAGE (user_id1, user_id2, content) values ('197', '58', 'Sziaaaaa elso uzi.');
INSERT INTO MESSAGE (user_id1, user_id2, content) values ('1', '168', 'Sziaaaaa masodik uzi.');
INSERT INTO MESSAGE (user_id1, user_id2, content) values ('194', '212', 'Sziaaaaa harmaidk uzi.');
INSERT INTO MESSAGE (user_id1, user_id2, content) values ('143', '22', 'Sziaaaaa negyedik uzi.');
INSERT INTO MESSAGE (user_id1, user_id2, content) values ('132', '152', 'Sziaaaaa otodik uzi.');
INSERT INTO FOLLOWS (user_id1, user_id2) values ('1', '280');
INSERT INTO FOLLOWS (user_id1, user_id2) values ('2', '145');
INSERT INTO FOLLOWS (user_id1, user_id2) values ('3', '53');
INSERT INTO FOLLOWS (user_id1, user_id2) values ('4', '221');
INSERT INTO FOLLOWS (user_id1, user_id2) values ('5', '240');
INSERT INTO FOLLOWS (user_id1, user_id2) values ('6', '179');
INSERT INTO FOLLOWS (user_id1, user_id2) values ('7', '50');
INSERT INTO FOLLOWS (user_id1, user_id2) values ('8', '182');
INSERT INTO FOLLOWS (user_id1, user_id2) values ('9', '171');
INSERT INTO FOLLOWS (user_id1, user_id2) values ('10', '149');
INSERT INTO FOLLOWS (user_id1, user_id2) values ('11', '63');
INSERT INTO FOLLOWS (user_id1, user_id2) values ('12', '132');
INSERT INTO FOLLOWS (user_id1, user_id2) values ('13', '78');
INSERT INTO FOLLOWS (user_id1, user_id2) values ('14', '286');
INSERT INTO FOLLOWS (user_id1, user_id2) values ('15', '256');
INSERT INTO FOLLOWS (user_id1, user_id2) values ('16', '237');
INSERT INTO FOLLOWS (user_id1, user_id2) values ('17', '187');
INSERT INTO FOLLOWS (user_id1, user_id2) values ('18', '31');
INSERT INTO FOLLOWS (user_id1, user_id2) values ('19', '176');
INSERT INTO FOLLOWS (user_id1, user_id2) values ('20', '276');
INSERT INTO FOLLOWS (user_id1, user_id2) values ('21', '77');
INSERT INTO FOLLOWS (user_id1, user_id2) values ('22', '154');
INSERT INTO FOLLOWS (user_id1, user_id2) values ('23', '109');
INSERT INTO FOLLOWS (user_id1, user_id2) values ('24', '98');
INSERT INTO FOLLOWS (user_id1, user_id2) values ('25', '93');
INSERT INTO FOLLOWS (user_id1, user_id2) values ('26', '90');
INSERT INTO FOLLOWS (user_id1, user_id2) values ('27', '275');
INSERT INTO FOLLOWS (user_id1, user_id2) values ('28', '182');
INSERT INTO FOLLOWS (user_id1, user_id2) values ('29', '28');
INSERT INTO FOLLOWS (user_id1, user_id2) values ('30', '261');
INSERT INTO FOLLOWS (user_id1, user_id2) values ('31', '63');
INSERT INTO FOLLOWS (user_id1, user_id2) values ('32', '176');
INSERT INTO FOLLOWS (user_id1, user_id2) values ('33', '241');
INSERT INTO FOLLOWS (user_id1, user_id2) values ('34', '6');
INSERT INTO FOLLOWS (user_id1, user_id2) values ('35', '123');
INSERT INTO FOLLOWS (user_id1, user_id2) values ('36', '13');
INSERT INTO FOLLOWS (user_id1, user_id2) values ('37', '120');
INSERT INTO FOLLOWS (user_id1, user_id2) values ('38', '218');
INSERT INTO FOLLOWS (user_id1, user_id2) values ('39', '34');
INSERT INTO FOLLOWS (user_id1, user_id2) values ('40', '210');
INSERT INTO FOLLOWS (user_id1, user_id2) values ('41', '183');
INSERT INTO FOLLOWS (user_id1, user_id2) values ('42', '176');
INSERT INTO FOLLOWS (user_id1, user_id2) values ('43', '144');
INSERT INTO FOLLOWS (user_id1, user_id2) values ('44', '101');
INSERT INTO FOLLOWS (user_id1, user_id2) values ('45', '123');
INSERT INTO FOLLOWS (user_id1, user_id2) values ('46', '236');
INSERT INTO FOLLOWS (user_id1, user_id2) values ('47', '37');
INSERT INTO FOLLOWS (user_id1, user_id2) values ('48', '94');
INSERT INTO FOLLOWS (user_id1, user_id2) values ('49', '258');
INSERT INTO FOLLOWS (user_id1, user_id2) values ('50', '129');
INSERT INTO FOLLOWS (user_id1, user_id2) values ('51', '206');
INSERT INTO FOLLOWS (user_id1, user_id2) values ('52', '183');
INSERT INTO FOLLOWS (user_id1, user_id2) values ('53', '209');
INSERT INTO FOLLOWS (user_id1, user_id2) values ('54', '169');
INSERT INTO FOLLOWS (user_id1, user_id2) values ('55', '273');
INSERT INTO FOLLOWS (user_id1, user_id2) values ('56', '186');
INSERT INTO FOLLOWS (user_id1, user_id2) values ('57', '141');
INSERT INTO FOLLOWS (user_id1, user_id2) values ('58', '74');
INSERT INTO FOLLOWS (user_id1, user_id2) values ('59', '240');
INSERT INTO FOLLOWS (user_id1, user_id2) values ('60', '231');
INSERT INTO FOLLOWS (user_id1, user_id2) values ('61', '170');
INSERT INTO FOLLOWS (user_id1, user_id2) values ('62', '244');
INSERT INTO FOLLOWS (user_id1, user_id2) values ('63', '186');
INSERT INTO FOLLOWS (user_id1, user_id2) values ('64', '258');
INSERT INTO FOLLOWS (user_id1, user_id2) values ('65', '283');
INSERT INTO FOLLOWS (user_id1, user_id2) values ('66', '124');
INSERT INTO FOLLOWS (user_id1, user_id2) values ('67', '79');
INSERT INTO FOLLOWS (user_id1, user_id2) values ('68', '44');
INSERT INTO FOLLOWS (user_id1, user_id2) values ('69', '290');
INSERT INTO FOLLOWS (user_id1, user_id2) values ('70', '161');
INSERT INTO FOLLOWS (user_id1, user_id2) values ('71', '31');
INSERT INTO FOLLOWS (user_id1, user_id2) values ('72', '140');
INSERT INTO FOLLOWS (user_id1, user_id2) values ('73', '253');
INSERT INTO FOLLOWS (user_id1, user_id2) values ('74', '131');
INSERT INTO FOLLOWS (user_id1, user_id2) values ('75', '20');
INSERT INTO FOLLOWS (user_id1, user_id2) values ('76', '24');
INSERT INTO FOLLOWS (user_id1, user_id2) values ('77', '253');
INSERT INTO FOLLOWS (user_id1, user_id2) values ('78', '67');
INSERT INTO FOLLOWS (user_id1, user_id2) values ('79', '132');
INSERT INTO FOLLOWS (user_id1, user_id2) values ('80', '266');
INSERT INTO FOLLOWS (user_id1, user_id2) values ('81', '228');
INSERT INTO FOLLOWS (user_id1, user_id2) values ('82', '118');
INSERT INTO FOLLOWS (user_id1, user_id2) values ('83', '45');
INSERT INTO FOLLOWS (user_id1, user_id2) values ('84', '38');
INSERT INTO FOLLOWS (user_id1, user_id2) values ('85', '140');
INSERT INTO FOLLOWS (user_id1, user_id2) values ('86', '27');
INSERT INTO FOLLOWS (user_id1, user_id2) values ('87', '71');
INSERT INTO FOLLOWS (user_id1, user_id2) values ('88', '196');
INSERT INTO FOLLOWS (user_id1, user_id2) values ('89', '109');
INSERT INTO FOLLOWS (user_id1, user_id2) values ('90', '139');
INSERT INTO FOLLOWS (user_id1, user_id2) values ('91', '117');
INSERT INTO FOLLOWS (user_id1, user_id2) values ('92', '82');
INSERT INTO FOLLOWS (user_id1, user_id2) values ('93', '75');
INSERT INTO FOLLOWS (user_id1, user_id2) values ('94', '281');
INSERT INTO FOLLOWS (user_id1, user_id2) values ('95', '46');
INSERT INTO FOLLOWS (user_id1, user_id2) values ('96', '238');
INSERT INTO FOLLOWS (user_id1, user_id2) values ('97', '217');
INSERT INTO FOLLOWS (user_id1, user_id2) values ('98', '254');
INSERT INTO FOLLOWS (user_id1, user_id2) values ('99', '23');
INSERT INTO FOLLOWS (user_id1, user_id2) values ('100', '267');
INSERT INTO FOLLOWS (user_id1, user_id2) values ('101', '29');
INSERT INTO FOLLOWS (user_id1, user_id2) values ('102', '205');
INSERT INTO FOLLOWS (user_id1, user_id2) values ('103', '147');
INSERT INTO FOLLOWS (user_id1, user_id2) values ('104', '136');
INSERT INTO FOLLOWS (user_id1, user_id2) values ('105', '76');
INSERT INTO FOLLOWS (user_id1, user_id2) values ('106', '117');
INSERT INTO FOLLOWS (user_id1, user_id2) values ('107', '293');
INSERT INTO FOLLOWS (user_id1, user_id2) values ('108', '89');
INSERT INTO FOLLOWS (user_id1, user_id2) values ('109', '106');
INSERT INTO FOLLOWS (user_id1, user_id2) values ('110', '166');
INSERT INTO FOLLOWS (user_id1, user_id2) values ('111', '286');
INSERT INTO FOLLOWS (user_id1, user_id2) values ('112', '81');
INSERT INTO FOLLOWS (user_id1, user_id2) values ('113', '273');
INSERT INTO FOLLOWS (user_id1, user_id2) values ('114', '120');
INSERT INTO FOLLOWS (user_id1, user_id2) values ('115', '42');
INSERT INTO FOLLOWS (user_id1, user_id2) values ('116', '208');
INSERT INTO FOLLOWS (user_id1, user_id2) values ('117', '28');
INSERT INTO FOLLOWS (user_id1, user_id2) values ('118', '122');
INSERT INTO FOLLOWS (user_id1, user_id2) values ('119', '256');
INSERT INTO FOLLOWS (user_id1, user_id2) values ('120', '83');
INSERT INTO FOLLOWS (user_id1, user_id2) values ('121', '66');
INSERT INTO FOLLOWS (user_id1, user_id2) values ('122', '95');
INSERT INTO FOLLOWS (user_id1, user_id2) values ('123', '7');
INSERT INTO FOLLOWS (user_id1, user_id2) values ('124', '234');
INSERT INTO FOLLOWS (user_id1, user_id2) values ('125', '18');
INSERT INTO FOLLOWS (user_id1, user_id2) values ('126', '52');
INSERT INTO FOLLOWS (user_id1, user_id2) values ('127', '83');
INSERT INTO FOLLOWS (user_id1, user_id2) values ('128', '73');
INSERT INTO FOLLOWS (user_id1, user_id2) values ('129', '298');
INSERT INTO FOLLOWS (user_id1, user_id2) values ('130', '99');
INSERT INTO FOLLOWS (user_id1, user_id2) values ('131', '20');
INSERT INTO FOLLOWS (user_id1, user_id2) values ('132', '259');
INSERT INTO FOLLOWS (user_id1, user_id2) values ('133', '240');
INSERT INTO FOLLOWS (user_id1, user_id2) values ('134', '4');
INSERT INTO FOLLOWS (user_id1, user_id2) values ('135', '51');
INSERT INTO FOLLOWS (user_id1, user_id2) values ('136', '155');
INSERT INTO FOLLOWS (user_id1, user_id2) values ('137', '196');
INSERT INTO FOLLOWS (user_id1, user_id2) values ('138', '250');
INSERT INTO FOLLOWS (user_id1, user_id2) values ('139', '211');
INSERT INTO FOLLOWS (user_id1, user_id2) values ('140', '73');
INSERT INTO FOLLOWS (user_id1, user_id2) values ('141', '298');
INSERT INTO FOLLOWS (user_id1, user_id2) values ('142', '277');
INSERT INTO FOLLOWS (user_id1, user_id2) values ('143', '82');
INSERT INTO FOLLOWS (user_id1, user_id2) values ('144', '232');
INSERT INTO FOLLOWS (user_id1, user_id2) values ('145', '248');
INSERT INTO FOLLOWS (user_id1, user_id2) values ('146', '46');
INSERT INTO FOLLOWS (user_id1, user_id2) values ('147', '252');
INSERT INTO FOLLOWS (user_id1, user_id2) values ('148', '152');
INSERT INTO FOLLOWS (user_id1, user_id2) values ('149', '84');
INSERT INTO FOLLOWS (user_id1, user_id2) values ('150', '144');
INSERT INTO FOLLOWS (user_id1, user_id2) values ('151', '223');
INSERT INTO FOLLOWS (user_id1, user_id2) values ('152', '207');
INSERT INTO FOLLOWS (user_id1, user_id2) values ('153', '170');
INSERT INTO FOLLOWS (user_id1, user_id2) values ('154', '50');
INSERT INTO FOLLOWS (user_id1, user_id2) values ('155', '104');
INSERT INTO FOLLOWS (user_id1, user_id2) values ('156', '220');
INSERT INTO FOLLOWS (user_id1, user_id2) values ('157', '201');
INSERT INTO FOLLOWS (user_id1, user_id2) values ('158', '299');
INSERT INTO FOLLOWS (user_id1, user_id2) values ('159', '81');
INSERT INTO FOLLOWS (user_id1, user_id2) values ('160', '288');
INSERT INTO FOLLOWS (user_id1, user_id2) values ('161', '276');
INSERT INTO FOLLOWS (user_id1, user_id2) values ('162', '18');
INSERT INTO FOLLOWS (user_id1, user_id2) values ('163', '273');
INSERT INTO FOLLOWS (user_id1, user_id2) values ('164', '114');
INSERT INTO FOLLOWS (user_id1, user_id2) values ('165', '139');
INSERT INTO FOLLOWS (user_id1, user_id2) values ('166', '136');
INSERT INTO FOLLOWS (user_id1, user_id2) values ('167', '51');
INSERT INTO FOLLOWS (user_id1, user_id2) values ('168', '166');
INSERT INTO FOLLOWS (user_id1, user_id2) values ('169', '60');
INSERT INTO FOLLOWS (user_id1, user_id2) values ('170', '239');
INSERT INTO FOLLOWS (user_id1, user_id2) values ('171', '213');
INSERT INTO FOLLOWS (user_id1, user_id2) values ('172', '111');
INSERT INTO FOLLOWS (user_id1, user_id2) values ('173', '55');
INSERT INTO FOLLOWS (user_id1, user_id2) values ('174', '238');
INSERT INTO FOLLOWS (user_id1, user_id2) values ('175', '116');
INSERT INTO FOLLOWS (user_id1, user_id2) values ('176', '168');
INSERT INTO FOLLOWS (user_id1, user_id2) values ('177', '26');
INSERT INTO FOLLOWS (user_id1, user_id2) values ('178', '191');
INSERT INTO FOLLOWS (user_id1, user_id2) values ('179', '100');
INSERT INTO FOLLOWS (user_id1, user_id2) values ('180', '157');
INSERT INTO FOLLOWS (user_id1, user_id2) values ('181', '170');
INSERT INTO FOLLOWS (user_id1, user_id2) values ('182', '170');
INSERT INTO FOLLOWS (user_id1, user_id2) values ('183', '38');
INSERT INTO FOLLOWS (user_id1, user_id2) values ('184', '118');
INSERT INTO FOLLOWS (user_id1, user_id2) values ('185', '201');
INSERT INTO FOLLOWS (user_id1, user_id2) values ('186', '128');
INSERT INTO FOLLOWS (user_id1, user_id2) values ('187', '121');
INSERT INTO FOLLOWS (user_id1, user_id2) values ('188', '4');
INSERT INTO FOLLOWS (user_id1, user_id2) values ('189', '47');
INSERT INTO FOLLOWS (user_id1, user_id2) values ('190', '28');
INSERT INTO FOLLOWS (user_id1, user_id2) values ('191', '124');
INSERT INTO FOLLOWS (user_id1, user_id2) values ('192', '159');
INSERT INTO FOLLOWS (user_id1, user_id2) values ('193', '235');
INSERT INTO FOLLOWS (user_id1, user_id2) values ('194', '21');
INSERT INTO FOLLOWS (user_id1, user_id2) values ('195', '133');
INSERT INTO FOLLOWS (user_id1, user_id2) values ('196', '76');
INSERT INTO FOLLOWS (user_id1, user_id2) values ('197', '55');
INSERT INTO FOLLOWS (user_id1, user_id2) values ('198', '146');
INSERT INTO FOLLOWS (user_id1, user_id2) values ('199', '213');
INSERT INTO FOLLOWS (user_id1, user_id2) values ('200', '161');
INSERT INTO FOLLOWS (user_id1, user_id2) values ('201', '126');
INSERT INTO FOLLOWS (user_id1, user_id2) values ('202', '80');
INSERT INTO FOLLOWS (user_id1, user_id2) values ('203', '87');
INSERT INTO FOLLOWS (user_id1, user_id2) values ('204', '272');
INSERT INTO FOLLOWS (user_id1, user_id2) values ('205', '269');
INSERT INTO FOLLOWS (user_id1, user_id2) values ('206', '21');
INSERT INTO FOLLOWS (user_id1, user_id2) values ('207', '142');
INSERT INTO FOLLOWS (user_id1, user_id2) values ('208', '117');
INSERT INTO FOLLOWS (user_id1, user_id2) values ('209', '79');
INSERT INTO FOLLOWS (user_id1, user_id2) values ('210', '171');
INSERT INTO FOLLOWS (user_id1, user_id2) values ('211', '39');
INSERT INTO FOLLOWS (user_id1, user_id2) values ('212', '246');
INSERT INTO FOLLOWS (user_id1, user_id2) values ('213', '117');
INSERT INTO FOLLOWS (user_id1, user_id2) values ('214', '162');
INSERT INTO FOLLOWS (user_id1, user_id2) values ('215', '211');
INSERT INTO FOLLOWS (user_id1, user_id2) values ('216', '206');
INSERT INTO FOLLOWS (user_id1, user_id2) values ('217', '40');
INSERT INTO FOLLOWS (user_id1, user_id2) values ('218', '17');
INSERT INTO FOLLOWS (user_id1, user_id2) values ('219', '211');
INSERT INTO FOLLOWS (user_id1, user_id2) values ('220', '159');
INSERT INTO FOLLOWS (user_id1, user_id2) values ('221', '57');
INSERT INTO FOLLOWS (user_id1, user_id2) values ('222', '265');
INSERT INTO FOLLOWS (user_id1, user_id2) values ('223', '3');
INSERT INTO FOLLOWS (user_id1, user_id2) values ('224', '176');
INSERT INTO FOLLOWS (user_id1, user_id2) values ('225', '154');
INSERT INTO FOLLOWS (user_id1, user_id2) values ('226', '203');
INSERT INTO FOLLOWS (user_id1, user_id2) values ('227', '230');
INSERT INTO FOLLOWS (user_id1, user_id2) values ('228', '255');
INSERT INTO FOLLOWS (user_id1, user_id2) values ('229', '111');
INSERT INTO FOLLOWS (user_id1, user_id2) values ('230', '66');
INSERT INTO FOLLOWS (user_id1, user_id2) values ('231', '160');
INSERT INTO FOLLOWS (user_id1, user_id2) values ('232', '187');
INSERT INTO FOLLOWS (user_id1, user_id2) values ('233', '286');
INSERT INTO FOLLOWS (user_id1, user_id2) values ('234', '258');
INSERT INTO FOLLOWS (user_id1, user_id2) values ('235', '129');
INSERT INTO FOLLOWS (user_id1, user_id2) values ('236', '111');
INSERT INTO FOLLOWS (user_id1, user_id2) values ('237', '128');
INSERT INTO FOLLOWS (user_id1, user_id2) values ('238', '282');
INSERT INTO FOLLOWS (user_id1, user_id2) values ('239', '112');
INSERT INTO FOLLOWS (user_id1, user_id2) values ('240', '206');
INSERT INTO FOLLOWS (user_id1, user_id2) values ('241', '61');
INSERT INTO FOLLOWS (user_id1, user_id2) values ('242', '120');
INSERT INTO FOLLOWS (user_id1, user_id2) values ('243', '278');
INSERT INTO FOLLOWS (user_id1, user_id2) values ('244', '260');
INSERT INTO FOLLOWS (user_id1, user_id2) values ('245', '132');
INSERT INTO FOLLOWS (user_id1, user_id2) values ('246', '270');
INSERT INTO FOLLOWS (user_id1, user_id2) values ('247', '188');
INSERT INTO FOLLOWS (user_id1, user_id2) values ('248', '233');
INSERT INTO FOLLOWS (user_id1, user_id2) values ('249', '184');
INSERT INTO FOLLOWS (user_id1, user_id2) values ('250', '229');
INSERT INTO FOLLOWS (user_id1, user_id2) values ('251', '282');
INSERT INTO FOLLOWS (user_id1, user_id2) values ('252', '174');
INSERT INTO FOLLOWS (user_id1, user_id2) values ('253', '85');
INSERT INTO FOLLOWS (user_id1, user_id2) values ('254', '239');
INSERT INTO FOLLOWS (user_id1, user_id2) values ('255', '131');
INSERT INTO FOLLOWS (user_id1, user_id2) values ('256', '282');
INSERT INTO FOLLOWS (user_id1, user_id2) values ('257', '111');
INSERT INTO FOLLOWS (user_id1, user_id2) values ('258', '179');
INSERT INTO FOLLOWS (user_id1, user_id2) values ('259', '125');
INSERT INTO FOLLOWS (user_id1, user_id2) values ('260', '233');
INSERT INTO FOLLOWS (user_id1, user_id2) values ('261', '40');
INSERT INTO FOLLOWS (user_id1, user_id2) values ('262', '213');
INSERT INTO FOLLOWS (user_id1, user_id2) values ('263', '285');
INSERT INTO FOLLOWS (user_id1, user_id2) values ('264', '256');
INSERT INTO FOLLOWS (user_id1, user_id2) values ('265', '52');
INSERT INTO FOLLOWS (user_id1, user_id2) values ('266', '299');
INSERT INTO FOLLOWS (user_id1, user_id2) values ('267', '112');
INSERT INTO FOLLOWS (user_id1, user_id2) values ('268', '184');
INSERT INTO FOLLOWS (user_id1, user_id2) values ('269', '169');
INSERT INTO FOLLOWS (user_id1, user_id2) values ('270', '6');
INSERT INTO FOLLOWS (user_id1, user_id2) values ('271', '54');
INSERT INTO FOLLOWS (user_id1, user_id2) values ('272', '262');
INSERT INTO FOLLOWS (user_id1, user_id2) values ('273', '235');
INSERT INTO FOLLOWS (user_id1, user_id2) values ('274', '42');
INSERT INTO FOLLOWS (user_id1, user_id2) values ('275', '264');
INSERT INTO FOLLOWS (user_id1, user_id2) values ('276', '287');
INSERT INTO FOLLOWS (user_id1, user_id2) values ('277', '113');
INSERT INTO FOLLOWS (user_id1, user_id2) values ('278', '238');
INSERT INTO FOLLOWS (user_id1, user_id2) values ('279', '213');
INSERT INTO FOLLOWS (user_id1, user_id2) values ('280', '1');
INSERT INTO FOLLOWS (user_id1, user_id2) values ('281', '63');
INSERT INTO FOLLOWS (user_id1, user_id2) values ('282', '143');
INSERT INTO FOLLOWS (user_id1, user_id2) values ('283', '217');
INSERT INTO FOLLOWS (user_id1, user_id2) values ('284', '115');
INSERT INTO FOLLOWS (user_id1, user_id2) values ('285', '183');
INSERT INTO FOLLOWS (user_id1, user_id2) values ('286', '287');
INSERT INTO FOLLOWS (user_id1, user_id2) values ('287', '101');
INSERT INTO FOLLOWS (user_id1, user_id2) values ('288', '157');
INSERT INTO FOLLOWS (user_id1, user_id2) values ('289', '123');
INSERT INTO FOLLOWS (user_id1, user_id2) values ('290', '80');
INSERT INTO FOLLOWS (user_id1, user_id2) values ('291', '20');
INSERT INTO FOLLOWS (user_id1, user_id2) values ('292', '106');
INSERT INTO FOLLOWS (user_id1, user_id2) values ('293', '237');
INSERT INTO FOLLOWS (user_id1, user_id2) values ('294', '13');
INSERT INTO FOLLOWS (user_id1, user_id2) values ('295', '271');
INSERT INTO FOLLOWS (user_id1, user_id2) values ('296', '245');
INSERT INTO FOLLOWS (user_id1, user_id2) values ('297', '9');
INSERT INTO FOLLOWS (user_id1, user_id2) values ('298', '104');
INSERT INTO FOLLOWS (user_id1, user_id2) values ('299', '14');
