INSERT INTO ENDUSER (username, password, email) values('pansy.jenkins', '2XdINTHEt4', 'pansy.jenkins@email.com');
INSERT INTO LOCATION (postcode, city, street, housenumber) values('02528-2908', 'Port Sherwoodchester', 'Parker Alley', '36');
INSERT INTO PHOTOS (user_id, photo) values('1', 'deflt.jpg');
INSERT INTO USERDATA (user_id, location_id, photo_id, first_name, last_name, gender, birthday) values('1', '1', '1', 'Pansy', 'Jenkins', 'm', TO_DATE('2002-12-28', 'yyyy-mm-dd'));
INSERT INTO ENDUSER (username, password, email) values('sammy.aufderhar', 'KcBsJrjQVu', 'sammy.aufderhar@email.com');
INSERT INTO LOCATION (postcode, city, street, housenumber) values('55452', 'Shanahanfurt', 'Schmidt Trafficway', '47');
INSERT INTO PHOTOS (user_id, photo) values('2', 'deflt.jpg');
INSERT INTO USERDATA (user_id, location_id, photo_id, first_name, last_name, gender, birthday) values('2', '2', '2', 'Sammy', 'Aufderhar', 'm', TO_DATE('1987-03-28', 'yyyy-mm-dd'));
INSERT INTO ENDUSER (username, password, email) values('dorthey.effertz', 'bOKus5VNWX', 'dorthey.effertz@email.com');
INSERT INTO LOCATION (postcode, city, street, housenumber) values('32286', 'Paulettastad', 'Carmen Tunnel', '74');
INSERT INTO PHOTOS (user_id, photo) values('3', 'deflt.jpg');
INSERT INTO USERDATA (user_id, location_id, photo_id, first_name, last_name, gender, birthday) values('3', '3', '3', 'Dorthey', 'Effertz', 'm', TO_DATE('1961-02-19', 'yyyy-mm-dd'));
INSERT INTO ENDUSER (username, password, email) values('jeff.vandervort', 'nO4Y1RsJ7k', 'jeff.vandervort@email.com');
INSERT INTO LOCATION (postcode, city, street, housenumber) values('87669', 'Lake Christalfort', 'Joi Gateway', '66');
INSERT INTO PHOTOS (user_id, photo) values('4', 'deflt.jpg');
INSERT INTO USERDATA (user_id, location_id, photo_id, first_name, last_name, gender, birthday) values('4', '4', '4', 'Jeff', 'Vandervort', 'm', TO_DATE('1991-03-16', 'yyyy-mm-dd'));
INSERT INTO ENDUSER (username, password, email) values('hulda.bergnaum', 'HTaGF0hQil', 'hulda.bergnaum@email.com');
INSERT INTO LOCATION (postcode, city, street, housenumber) values('07767', 'Silasstad', 'Rodriguez Plains', '18');
INSERT INTO PHOTOS (user_id, photo) values('5', 'deflt.jpg');
INSERT INTO USERDATA (user_id, location_id, photo_id, first_name, last_name, gender, birthday) values('5', '5', '5', 'Hulda', 'Bergnaum', 'm', TO_DATE('1957-06-04', 'yyyy-mm-dd'));
INSERT INTO ENDUSER (username, password, email) values('jerrell.ratke', 'gJ7BZCu5zY', 'jerrell.ratke@email.com');
INSERT INTO LOCATION (postcode, city, street, housenumber) values('40578', 'Valerymouth', 'Mitchell Turnpike', '44');
INSERT INTO PHOTOS (user_id, photo) values('6', 'deflt.jpg');
INSERT INTO USERDATA (user_id, location_id, photo_id, first_name, last_name, gender, birthday) values('6', '6', '6', 'Jerrell', 'Ratke', 'm', TO_DATE('1971-04-06', 'yyyy-mm-dd'));
INSERT INTO ENDUSER (username, password, email) values('hazel.swift', 'kNE4npYRS9', 'hazel.swift@email.com');
INSERT INTO LOCATION (postcode, city, street, housenumber) values('48709', 'Port Oneidaburgh', 'Kreiger Underpass', '4');
INSERT INTO PHOTOS (user_id, photo) values('7', 'deflt.jpg');
INSERT INTO USERDATA (user_id, location_id, photo_id, first_name, last_name, gender, birthday) values('7', '7', '7', 'Hazel', 'Swift', 'm', TO_DATE('1992-04-29', 'yyyy-mm-dd'));
INSERT INTO ENDUSER (username, password, email) values('joelle.larson', 'ExfiFMWU3T', 'joelle.larson@email.com');
INSERT INTO LOCATION (postcode, city, street, housenumber) values('80257-3430', 'Schowalterfurt', 'Feeney Canyon', '82');
INSERT INTO PHOTOS (user_id, photo) values('8', 'deflt.jpg');
INSERT INTO USERDATA (user_id, location_id, photo_id, first_name, last_name, gender, birthday) values('8', '8', '8', 'Joelle', 'Larson', 'm', TO_DATE('1996-01-03', 'yyyy-mm-dd'));
INSERT INTO ENDUSER (username, password, email) values('felix.feil', 'QpWvne3ZFi', 'felix.feil@email.com');
INSERT INTO LOCATION (postcode, city, street, housenumber) values('55969-3292', 'Jerryberg', 'Luettgen Orchard', '68');
INSERT INTO PHOTOS (user_id, photo) values('9', 'deflt.jpg');
INSERT INTO USERDATA (user_id, location_id, photo_id, first_name, last_name, gender, birthday) values('9', '9', '9', 'Felix', 'Feil', 'f', TO_DATE('1979-02-14', 'yyyy-mm-dd'));
INSERT INTO ENDUSER (username, password, email) values('phillip.flatley', 'm9ye0ADTYr', 'phillip.flatley@email.com');
INSERT INTO LOCATION (postcode, city, street, housenumber) values('20804', 'East Charlesetta', 'Becker Gateway', '51');
INSERT INTO PHOTOS (user_id, photo) values('10', 'deflt.jpg');
INSERT INTO USERDATA (user_id, location_id, photo_id, first_name, last_name, gender, birthday) values('10', '10', '10', 'Phillip', 'Flatley', 'm', TO_DATE('1977-09-30', 'yyyy-mm-dd'));
INSERT INTO ENDUSER (username, password, email) values('ralph.stark', '5nw1pTelCZ', 'ralph.stark@email.com');
INSERT INTO LOCATION (postcode, city, street, housenumber) values('76415', 'Lake Rosendo', 'Terica Lodge', '1');
INSERT INTO PHOTOS (user_id, photo) values('11', 'deflt.jpg');
INSERT INTO USERDATA (user_id, location_id, photo_id, first_name, last_name, gender, birthday) values('11', '11', '11', 'Ralph', 'Stark', 'm', TO_DATE('1974-10-27', 'yyyy-mm-dd'));
INSERT INTO ENDUSER (username, password, email) values('theron.zieme', '7d2KTtOkCs', 'theron.zieme@email.com');
INSERT INTO LOCATION (postcode, city, street, housenumber) values('59828-2930', 'Vicentetown', 'Ronny Drives', '39');
INSERT INTO PHOTOS (user_id, photo) values('12', 'deflt.jpg');
INSERT INTO USERDATA (user_id, location_id, photo_id, first_name, last_name, gender, birthday) values('12', '12', '12', 'Theron', 'Zieme', 'm', TO_DATE('1957-05-22', 'yyyy-mm-dd'));
INSERT INTO ENDUSER (username, password, email) values('shaquita.schimmel', '3KEIQiCqtn', 'shaquita.schimmel@email.com');
INSERT INTO LOCATION (postcode, city, street, housenumber) values('60247', 'Port Olinville', 'Gustavo Drive', '25');
INSERT INTO PHOTOS (user_id, photo) values('13', 'deflt.jpg');
INSERT INTO USERDATA (user_id, location_id, photo_id, first_name, last_name, gender, birthday) values('13', '13', '13', 'Shaquita', 'Schimmel', 'm', TO_DATE('1975-01-18', 'yyyy-mm-dd'));
INSERT INTO ENDUSER (username, password, email) values('doyle.adams', 'wS8bgCA7ao', 'doyle.adams@email.com');
INSERT INTO LOCATION (postcode, city, street, housenumber) values('50444', 'New Florentinaberg', 'Christian Locks', '28');
INSERT INTO PHOTOS (user_id, photo) values('14', 'deflt.jpg');
INSERT INTO USERDATA (user_id, location_id, photo_id, first_name, last_name, gender, birthday) values('14', '14', '14', 'Doyle', 'Adams', 'f', TO_DATE('2003-03-30', 'yyyy-mm-dd'));
INSERT INTO ENDUSER (username, password, email) values('donette.bahringer', 'klABr835uw', 'donette.bahringer@email.com');
INSERT INTO LOCATION (postcode, city, street, housenumber) values('17958', 'Port Hettieberg', 'Billi Garden', '34');
INSERT INTO PHOTOS (user_id, photo) values('15', 'deflt.jpg');
INSERT INTO USERDATA (user_id, location_id, photo_id, first_name, last_name, gender, birthday) values('15', '15', '15', 'Donette', 'Bahringer', 'm', TO_DATE('1964-10-04', 'yyyy-mm-dd'));
INSERT INTO ENDUSER (username, password, email) values('esperanza.price', 'TeEX8Dk4g2', 'esperanza.price@email.com');
INSERT INTO LOCATION (postcode, city, street, housenumber) values('02140-8713', 'Lindgrenbury', 'Nigel Highway', '58');
INSERT INTO PHOTOS (user_id, photo) values('16', 'deflt.jpg');
INSERT INTO USERDATA (user_id, location_id, photo_id, first_name, last_name, gender, birthday) values('16', '16', '16', 'Esperanza', 'Price', 'm', TO_DATE('2001-12-24', 'yyyy-mm-dd'));
INSERT INTO ENDUSER (username, password, email) values('trent.stracke', '1MzKBoejpR', 'trent.stracke@email.com');
INSERT INTO LOCATION (postcode, city, street, housenumber) values('62414', 'Shonnaberg', 'Sporer Estates', '67');
INSERT INTO PHOTOS (user_id, photo) values('17', 'deflt.jpg');
INSERT INTO USERDATA (user_id, location_id, photo_id, first_name, last_name, gender, birthday) values('17', '17', '17', 'Trent', 'Stracke', 'f', TO_DATE('1958-04-25', 'yyyy-mm-dd'));
INSERT INTO ENDUSER (username, password, email) values('timmy.steuber', 'C9NzHZfdJ5', 'timmy.steuber@email.com');
INSERT INTO LOCATION (postcode, city, street, housenumber) values('44522-3061', 'East Lestown', 'Lonny Road', '61');
INSERT INTO PHOTOS (user_id, photo) values('18', 'deflt.jpg');
INSERT INTO USERDATA (user_id, location_id, photo_id, first_name, last_name, gender, birthday) values('18', '18', '18', 'Timmy', 'Steuber', 'm', TO_DATE('1996-02-16', 'yyyy-mm-dd'));
INSERT INTO ENDUSER (username, password, email) values('valentine.brekke', 'JM9yW7QhBs', 'valentine.brekke@email.com');
INSERT INTO LOCATION (postcode, city, street, housenumber) values('29422', 'Lake Cedricfort', 'Dicki Mill', '35');
INSERT INTO PHOTOS (user_id, photo) values('19', 'deflt.jpg');
INSERT INTO USERDATA (user_id, location_id, photo_id, first_name, last_name, gender, birthday) values('19', '19', '19', 'Valentine', 'Brekke', 'm', TO_DATE('1969-10-09', 'yyyy-mm-dd'));
INSERT INTO ENDUSER (username, password, email) values('lakia.wolff', 'hgUSGoyjuA', 'lakia.wolff@email.com');
INSERT INTO LOCATION (postcode, city, street, housenumber) values('85131-8691', 'Timothyborough', 'Kacey Garden', '86');
INSERT INTO PHOTOS (user_id, photo) values('20', 'deflt.jpg');
INSERT INTO USERDATA (user_id, location_id, photo_id, first_name, last_name, gender, birthday) values('20', '20', '20', 'Lakia', 'Wolff', 'm', TO_DATE('1971-02-05', 'yyyy-mm-dd'));
INSERT INTO ENDUSER (username, password, email) values('tuan.wiegand', 'K9c2no18xz', 'tuan.wiegand@email.com');
INSERT INTO LOCATION (postcode, city, street, housenumber) values('90679', 'Wardview', 'Norene Centers', '37');
INSERT INTO PHOTOS (user_id, photo) values('21', 'deflt.jpg');
INSERT INTO USERDATA (user_id, location_id, photo_id, first_name, last_name, gender, birthday) values('21', '21', '21', 'Tuan', 'Wiegand', 'm', TO_DATE('1997-06-05', 'yyyy-mm-dd'));
INSERT INTO ENDUSER (username, password, email) values('alexia.flatley', 'dRVt4krgPn', 'alexia.flatley@email.com');
INSERT INTO LOCATION (postcode, city, street, housenumber) values('20155-1500', 'North Ernesto', 'Hackett Glen', '52');
INSERT INTO PHOTOS (user_id, photo) values('22', 'deflt.jpg');
INSERT INTO USERDATA (user_id, location_id, photo_id, first_name, last_name, gender, birthday) values('22', '22', '22', 'Alexia', 'Flatley', 'f', TO_DATE('1961-12-18', 'yyyy-mm-dd'));
INSERT INTO ENDUSER (username, password, email) values('abram.lindgren', 'jQ1l3EwIhn', 'abram.lindgren@email.com');
INSERT INTO LOCATION (postcode, city, street, housenumber) values('80783-4521', 'New Miloburgh', 'Terry Canyon', '8');
INSERT INTO PHOTOS (user_id, photo) values('23', 'deflt.jpg');
INSERT INTO USERDATA (user_id, location_id, photo_id, first_name, last_name, gender, birthday) values('23', '23', '23', 'Abram', 'Lindgren', 'f', TO_DATE('1962-10-20', 'yyyy-mm-dd'));
INSERT INTO ENDUSER (username, password, email) values('jamal.green', 'BaqcvotOne', 'jamal.green@email.com');
INSERT INTO LOCATION (postcode, city, street, housenumber) values('59750-7884', 'Port Hungstad', 'Brekke Station', '68');
INSERT INTO PHOTOS (user_id, photo) values('24', 'deflt.jpg');
INSERT INTO USERDATA (user_id, location_id, photo_id, first_name, last_name, gender, birthday) values('24', '24', '24', 'Jamal', 'Green', 'm', TO_DATE('1977-05-29', 'yyyy-mm-dd'));
INSERT INTO ENDUSER (username, password, email) values('wilbert.jaskolski', 'OgWTYpjlGo', 'wilbert.jaskolski@email.com');
INSERT INTO LOCATION (postcode, city, street, housenumber) values('58510-4653', 'South Mary', 'Fritsch Cape', '15');
INSERT INTO PHOTOS (user_id, photo) values('25', 'deflt.jpg');
INSERT INTO USERDATA (user_id, location_id, photo_id, first_name, last_name, gender, birthday) values('25', '25', '25', 'Wilbert', 'Jaskolski', 'm', TO_DATE('1963-04-05', 'yyyy-mm-dd'));
INSERT INTO ENDUSER (username, password, email) values('jenine.lakin', 'b6LlZSByFz', 'jenine.lakin@email.com');
INSERT INTO LOCATION (postcode, city, street, housenumber) values('83648', 'Port Donnell', 'Zieme Garden', '93');
INSERT INTO PHOTOS (user_id, photo) values('26', 'deflt.jpg');
INSERT INTO USERDATA (user_id, location_id, photo_id, first_name, last_name, gender, birthday) values('26', '26', '26', 'Jenine', 'Lakin', 'f', TO_DATE('1962-01-18', 'yyyy-mm-dd'));
INSERT INTO ENDUSER (username, password, email) values('randee.mosciski', 'NASRCvjucf', 'randee.mosciski@email.com');
INSERT INTO LOCATION (postcode, city, street, housenumber) values('49037', 'New Jeanine', 'Jerold Divide', '2');
INSERT INTO PHOTOS (user_id, photo) values('27', 'deflt.jpg');
INSERT INTO USERDATA (user_id, location_id, photo_id, first_name, last_name, gender, birthday) values('27', '27', '27', 'Randee', 'Mosciski', 'f', TO_DATE('2003-02-01', 'yyyy-mm-dd'));
INSERT INTO ENDUSER (username, password, email) values('josue.bogan', 'bSjdzMegnW', 'josue.bogan@email.com');
INSERT INTO LOCATION (postcode, city, street, housenumber) values('32699', 'Macystad', 'Sammy Harbor', '81');
INSERT INTO PHOTOS (user_id, photo) values('28', 'deflt.jpg');
INSERT INTO USERDATA (user_id, location_id, photo_id, first_name, last_name, gender, birthday) values('28', '28', '28', 'Josue', 'Bogan', 'm', TO_DATE('1995-08-03', 'yyyy-mm-dd'));
INSERT INTO ENDUSER (username, password, email) values('laureen.rowe', 'CWpo7sVmKi', 'laureen.rowe@email.com');
INSERT INTO LOCATION (postcode, city, street, housenumber) values('69319-1177', 'Grovermouth', 'Collier Creek', '9');
INSERT INTO PHOTOS (user_id, photo) values('29', 'deflt.jpg');
INSERT INTO USERDATA (user_id, location_id, photo_id, first_name, last_name, gender, birthday) values('29', '29', '29', 'Laureen', 'Rowe', 'f', TO_DATE('2002-02-18', 'yyyy-mm-dd'));
INSERT INTO ENDUSER (username, password, email) values('michel.kihn', 'e8C3x4cHhF', 'michel.kihn@email.com');
INSERT INTO LOCATION (postcode, city, street, housenumber) values('15726', 'Charlenamouth', 'Edmundo Pike', '7');
INSERT INTO PHOTOS (user_id, photo) values('30', 'deflt.jpg');
INSERT INTO USERDATA (user_id, location_id, photo_id, first_name, last_name, gender, birthday) values('30', '30', '30', 'Michel', 'Kihn', 'm', TO_DATE('1979-12-02', 'yyyy-mm-dd'));
INSERT INTO ENDUSER (username, password, email) values('maritza.stehr', 'PL1yb7ER49', 'maritza.stehr@email.com');
INSERT INTO LOCATION (postcode, city, street, housenumber) values('06301-9248', 'West Tamraton', 'Brent Isle', '11');
INSERT INTO PHOTOS (user_id, photo) values('31', 'deflt.jpg');
INSERT INTO USERDATA (user_id, location_id, photo_id, first_name, last_name, gender, birthday) values('31', '31', '31', 'Maritza', 'Stehr', 'm', TO_DATE('1970-08-14', 'yyyy-mm-dd'));
INSERT INTO ENDUSER (username, password, email) values('jasper.schmeler', 'ECgxNYHRZP', 'jasper.schmeler@email.com');
INSERT INTO LOCATION (postcode, city, street, housenumber) values('33614', 'West Filibertomouth', 'Lowe Underpass', '71');
INSERT INTO PHOTOS (user_id, photo) values('32', 'deflt.jpg');
INSERT INTO USERDATA (user_id, location_id, photo_id, first_name, last_name, gender, birthday) values('32', '32', '32', 'Jasper', 'Schmeler', 'm', TO_DATE('1958-08-20', 'yyyy-mm-dd'));
INSERT INTO ENDUSER (username, password, email) values('joshua.cormier', 'sREm0QLnau', 'joshua.cormier@email.com');
INSERT INTO LOCATION (postcode, city, street, housenumber) values('65783', 'Lake Marquis', 'Gibson Islands', '94');
INSERT INTO PHOTOS (user_id, photo) values('33', 'deflt.jpg');
INSERT INTO USERDATA (user_id, location_id, photo_id, first_name, last_name, gender, birthday) values('33', '33', '33', 'Joshua', 'Cormier', 'm', TO_DATE('1993-06-23', 'yyyy-mm-dd'));
INSERT INTO ENDUSER (username, password, email) values('melodie.daniel', 'n73qUXEQwJ', 'melodie.daniel@email.com');
INSERT INTO LOCATION (postcode, city, street, housenumber) values('39692-2282', 'Jorgemouth', 'Jeremy Keys', '80');
INSERT INTO PHOTOS (user_id, photo) values('34', 'deflt.jpg');
INSERT INTO USERDATA (user_id, location_id, photo_id, first_name, last_name, gender, birthday) values('34', '34', '34', 'Melodie', 'Daniel', 'm', TO_DATE('1970-03-01', 'yyyy-mm-dd'));
INSERT INTO ENDUSER (username, password, email) values('krystal.vandervort', 'Q5reH2UVP0', 'krystal.vandervort@email.com');
INSERT INTO LOCATION (postcode, city, street, housenumber) values('22894-3267', 'Bartonland', 'Yundt Isle', '97');
INSERT INTO PHOTOS (user_id, photo) values('35', 'deflt.jpg');
INSERT INTO USERDATA (user_id, location_id, photo_id, first_name, last_name, gender, birthday) values('35', '35', '35', 'Krystal', 'Vandervort', 'm', TO_DATE('1968-08-17', 'yyyy-mm-dd'));
INSERT INTO ENDUSER (username, password, email) values('mandie.johns', 'NCxURuS2dp', 'mandie.johns@email.com');
INSERT INTO LOCATION (postcode, city, street, housenumber) values('27434', 'Lake Miriamfort', 'Sina Ridge', '53');
INSERT INTO PHOTOS (user_id, photo) values('36', 'deflt.jpg');
INSERT INTO USERDATA (user_id, location_id, photo_id, first_name, last_name, gender, birthday) values('36', '36', '36', 'Mandie', 'Johns', 'f', TO_DATE('1963-10-06', 'yyyy-mm-dd'));
INSERT INTO ENDUSER (username, password, email) values('lincoln.kub', 'g3ZoTqsc6u', 'lincoln.kub@email.com');
INSERT INTO LOCATION (postcode, city, street, housenumber) values('86900-1364', 'South Dean', 'Zella Summit', '95');
INSERT INTO PHOTOS (user_id, photo) values('37', 'deflt.jpg');
INSERT INTO USERDATA (user_id, location_id, photo_id, first_name, last_name, gender, birthday) values('37', '37', '37', 'Lincoln', 'Kub', 'm', TO_DATE('1979-02-21', 'yyyy-mm-dd'));
INSERT INTO ENDUSER (username, password, email) values('keira.nitzsche', 'xyV8XmCwHk', 'keira.nitzsche@email.com');
INSERT INTO LOCATION (postcode, city, street, housenumber) values('11550-2549', 'Ottofort', 'Lynell Lane', '69');
INSERT INTO PHOTOS (user_id, photo) values('38', 'deflt.jpg');
INSERT INTO USERDATA (user_id, location_id, photo_id, first_name, last_name, gender, birthday) values('38', '38', '38', 'Keira', 'Nitzsche', 'm', TO_DATE('1995-10-24', 'yyyy-mm-dd'));
INSERT INTO ENDUSER (username, password, email) values('cleo.conroy', 'cNTsvC2Ez1', 'cleo.conroy@email.com');
INSERT INTO LOCATION (postcode, city, street, housenumber) values('59416', 'Gaylordberg', 'McCullough Port', '15');
INSERT INTO PHOTOS (user_id, photo) values('39', 'deflt.jpg');
INSERT INTO USERDATA (user_id, location_id, photo_id, first_name, last_name, gender, birthday) values('39', '39', '39', 'Cleo', 'Conroy', 'm', TO_DATE('1980-07-11', 'yyyy-mm-dd'));
INSERT INTO ENDUSER (username, password, email) values('rey.wisoky', '6ZQDRbgOu7', 'rey.wisoky@email.com');
INSERT INTO LOCATION (postcode, city, street, housenumber) values('07199', 'East Vicentetown', 'Padberg Lodge', '75');
INSERT INTO PHOTOS (user_id, photo) values('40', 'deflt.jpg');
INSERT INTO USERDATA (user_id, location_id, photo_id, first_name, last_name, gender, birthday) values('40', '40', '40', 'Rey', 'Wisoky', 'm', TO_DATE('1966-06-17', 'yyyy-mm-dd'));
INSERT INTO ENDUSER (username, password, email) values('ruthanne.reilly', 'lLmpqy6Ihc', 'ruthanne.reilly@email.com');
INSERT INTO LOCATION (postcode, city, street, housenumber) values('07715-0058', 'Baileytown', 'Labadie Place', '19');
INSERT INTO PHOTOS (user_id, photo) values('41', 'deflt.jpg');
INSERT INTO USERDATA (user_id, location_id, photo_id, first_name, last_name, gender, birthday) values('41', '41', '41', 'Ruthanne', 'Reilly', 'f', TO_DATE('1957-04-21', 'yyyy-mm-dd'));
INSERT INTO ENDUSER (username, password, email) values('benny.satterfield', 'N4w7iUqsG6', 'benny.satterfield@email.com');
INSERT INTO LOCATION (postcode, city, street, housenumber) values('92528-7078', 'New Solange', 'Merle Lake', '27');
INSERT INTO PHOTOS (user_id, photo) values('42', 'deflt.jpg');
INSERT INTO USERDATA (user_id, location_id, photo_id, first_name, last_name, gender, birthday) values('42', '42', '42', 'Benny', 'Satterfield', 'f', TO_DATE('2003-12-30', 'yyyy-mm-dd'));
INSERT INTO ENDUSER (username, password, email) values('mae.white', 'v9Qm1V8kb0', 'mae.white@email.com');
INSERT INTO LOCATION (postcode, city, street, housenumber) values('40387', 'East Latriciachester', 'Moses Wells', '90');
INSERT INTO PHOTOS (user_id, photo) values('43', 'deflt.jpg');
INSERT INTO USERDATA (user_id, location_id, photo_id, first_name, last_name, gender, birthday) values('43', '43', '43', 'Mae', 'White', 'm', TO_DATE('1973-06-06', 'yyyy-mm-dd'));
INSERT INTO ENDUSER (username, password, email) values('kristine.turcotte', 'ctG0Js3CRK', 'kristine.turcotte@email.com');
INSERT INTO LOCATION (postcode, city, street, housenumber) values('88565', 'South Tommieview', 'Wolff Ferry', '63');
INSERT INTO PHOTOS (user_id, photo) values('44', 'deflt.jpg');
INSERT INTO USERDATA (user_id, location_id, photo_id, first_name, last_name, gender, birthday) values('44', '44', '44', 'Kristine', 'Turcotte', 'm', TO_DATE('2001-10-23', 'yyyy-mm-dd'));
INSERT INTO ENDUSER (username, password, email) values('corrine.harber', 'iUjsOtvDTM', 'corrine.harber@email.com');
INSERT INTO LOCATION (postcode, city, street, housenumber) values('40129-9786', 'West Brunoshire', 'Strosin Squares', '68');
INSERT INTO PHOTOS (user_id, photo) values('45', 'deflt.jpg');
INSERT INTO USERDATA (user_id, location_id, photo_id, first_name, last_name, gender, birthday) values('45', '45', '45', 'Corrine', 'Harber', 'f', TO_DATE('1974-09-11', 'yyyy-mm-dd'));
INSERT INTO ENDUSER (username, password, email) values('thomas.emmerich', 'OnBRaqCVHo', 'thomas.emmerich@email.com');
INSERT INTO LOCATION (postcode, city, street, housenumber) values('81939', 'East Mirthachester', 'Brenton Plain', '70');
INSERT INTO PHOTOS (user_id, photo) values('46', 'deflt.jpg');
INSERT INTO USERDATA (user_id, location_id, photo_id, first_name, last_name, gender, birthday) values('46', '46', '46', 'Thomas', 'Emmerich', 'm', TO_DATE('1999-07-12', 'yyyy-mm-dd'));
INSERT INTO ENDUSER (username, password, email) values('rachell.kulas', 'izyrcKTlso', 'rachell.kulas@email.com');
INSERT INTO LOCATION (postcode, city, street, housenumber) values('10975', 'Zackchester', 'Gwendolyn Motorway', '6');
INSERT INTO PHOTOS (user_id, photo) values('47', 'deflt.jpg');
INSERT INTO USERDATA (user_id, location_id, photo_id, first_name, last_name, gender, birthday) values('47', '47', '47', 'Rachell', 'Kulas', 'f', TO_DATE('1989-10-16', 'yyyy-mm-dd'));
INSERT INTO ENDUSER (username, password, email) values('buena.mertz', 'dLybUuqAf5', 'buena.mertz@email.com');
INSERT INTO LOCATION (postcode, city, street, housenumber) values('88785', 'Coralhaven', 'Marcelle Green', '18');
INSERT INTO PHOTOS (user_id, photo) values('48', 'deflt.jpg');
INSERT INTO USERDATA (user_id, location_id, photo_id, first_name, last_name, gender, birthday) values('48', '48', '48', 'Buena', 'Mertz', 'm', TO_DATE('1998-05-19', 'yyyy-mm-dd'));
INSERT INTO ENDUSER (username, password, email) values('salley.zieme', 'suKf8IEGch', 'salley.zieme@email.com');
INSERT INTO LOCATION (postcode, city, street, housenumber) values('63427-1292', 'West Delicia', 'Kihn Center', '57');
INSERT INTO PHOTOS (user_id, photo) values('49', 'deflt.jpg');
INSERT INTO USERDATA (user_id, location_id, photo_id, first_name, last_name, gender, birthday) values('49', '49', '49', 'Salley', 'Zieme', 'm', TO_DATE('1998-09-14', 'yyyy-mm-dd'));
INSERT INTO ENDUSER (username, password, email) values('brice.rippin', 'rwIZ9sQFVe', 'brice.rippin@email.com');
INSERT INTO LOCATION (postcode, city, street, housenumber) values('84896', 'Friesenbury', 'Davis Crossing', '27');
INSERT INTO PHOTOS (user_id, photo) values('50', 'deflt.jpg');
INSERT INTO USERDATA (user_id, location_id, photo_id, first_name, last_name, gender, birthday) values('50', '50', '50', 'Brice', 'Rippin', 'm', TO_DATE('1994-01-28', 'yyyy-mm-dd'));
INSERT INTO ENDUSER (username, password, email) values('geraldo.tromp', '1Y5PRdhEa8', 'geraldo.tromp@email.com');
INSERT INTO LOCATION (postcode, city, street, housenumber) values('92601', 'Elidaborough', 'Adriana Village', '74');
INSERT INTO PHOTOS (user_id, photo) values('51', 'deflt.jpg');
INSERT INTO USERDATA (user_id, location_id, photo_id, first_name, last_name, gender, birthday) values('51', '51', '51', 'Geraldo', 'Tromp', 'm', TO_DATE('1984-11-22', 'yyyy-mm-dd'));
INSERT INTO ENDUSER (username, password, email) values('magan.sporer', 'coNt3SXZ6j', 'magan.sporer@email.com');
INSERT INTO LOCATION (postcode, city, street, housenumber) values('87708-5220', 'North Chrismouth', 'Francisco Stream', '39');
INSERT INTO PHOTOS (user_id, photo) values('52', 'deflt.jpg');
INSERT INTO USERDATA (user_id, location_id, photo_id, first_name, last_name, gender, birthday) values('52', '52', '52', 'Magan', 'Sporer', 'f', TO_DATE('1978-08-31', 'yyyy-mm-dd'));
INSERT INTO ENDUSER (username, password, email) values('silas.torphy', '3HAst5P4Q8', 'silas.torphy@email.com');
INSERT INTO LOCATION (postcode, city, street, housenumber) values('26571-5128', 'Marcellburgh', 'Goyette Tunnel', '52');
INSERT INTO PHOTOS (user_id, photo) values('53', 'deflt.jpg');
INSERT INTO USERDATA (user_id, location_id, photo_id, first_name, last_name, gender, birthday) values('53', '53', '53', 'Silas', 'Torphy', 'm', TO_DATE('1972-06-20', 'yyyy-mm-dd'));
INSERT INTO ENDUSER (username, password, email) values('larraine.balistreri', 'uF0gwNxiUz', 'larraine.balistreri@email.com');
INSERT INTO LOCATION (postcode, city, street, housenumber) values('64751-8002', 'Farrellside', 'Waelchi Motorway', '38');
INSERT INTO PHOTOS (user_id, photo) values('54', 'deflt.jpg');
INSERT INTO USERDATA (user_id, location_id, photo_id, first_name, last_name, gender, birthday) values('54', '54', '54', 'Larraine', 'Balistreri', 'f', TO_DATE('2002-03-26', 'yyyy-mm-dd'));
INSERT INTO ENDUSER (username, password, email) values('trent.kuhic', 'iF3byASTLJ', 'trent.kuhic@email.com');
INSERT INTO LOCATION (postcode, city, street, housenumber) values('37866-5007', 'Kamifurt', 'Tereasa Valley', '66');
INSERT INTO PHOTOS (user_id, photo) values('55', 'deflt.jpg');
INSERT INTO USERDATA (user_id, location_id, photo_id, first_name, last_name, gender, birthday) values('55', '55', '55', 'Trent', 'Kuhic', 'm', TO_DATE('1988-02-03', 'yyyy-mm-dd'));
INSERT INTO ENDUSER (username, password, email) values('levi.harber', 'qtR5uLiDlG', 'levi.harber@email.com');
INSERT INTO LOCATION (postcode, city, street, housenumber) values('13364', 'Port Woodrowmouth', 'Samira Square', '21');
INSERT INTO PHOTOS (user_id, photo) values('56', 'deflt.jpg');
INSERT INTO USERDATA (user_id, location_id, photo_id, first_name, last_name, gender, birthday) values('56', '56', '56', 'Levi', 'Harber', 'm', TO_DATE('1960-10-24', 'yyyy-mm-dd'));
INSERT INTO ENDUSER (username, password, email) values('cary.macejkovic', 'Ir5xBEyip2', 'cary.macejkovic@email.com');
INSERT INTO LOCATION (postcode, city, street, housenumber) values('19035-1629', 'East Fannyfort', 'Wiza Forks', '3');
INSERT INTO PHOTOS (user_id, photo) values('57', 'deflt.jpg');
INSERT INTO USERDATA (user_id, location_id, photo_id, first_name, last_name, gender, birthday) values('57', '57', '57', 'Cary', 'Macejkovic', 'f', TO_DATE('1964-05-08', 'yyyy-mm-dd'));
INSERT INTO ENDUSER (username, password, email) values('gema.rutherford', 'U960e5XfHO', 'gema.rutherford@email.com');
INSERT INTO LOCATION (postcode, city, street, housenumber) values('06569', 'Lake Janice', 'Clyde Court', '93');
INSERT INTO PHOTOS (user_id, photo) values('58', 'deflt.jpg');
INSERT INTO USERDATA (user_id, location_id, photo_id, first_name, last_name, gender, birthday) values('58', '58', '58', 'Gema', 'Rutherford', 'm', TO_DATE('1994-07-23', 'yyyy-mm-dd'));
INSERT INTO ENDUSER (username, password, email) values('mariam.cummings', '3SyXNAqnxl', 'mariam.cummings@email.com');
INSERT INTO LOCATION (postcode, city, street, housenumber) values('32813', 'South Ednafurt', 'Senger Shores', '11');
INSERT INTO PHOTOS (user_id, photo) values('59', 'deflt.jpg');
INSERT INTO USERDATA (user_id, location_id, photo_id, first_name, last_name, gender, birthday) values('59', '59', '59', 'Mariam', 'Cummings', 'm', TO_DATE('1986-05-27', 'yyyy-mm-dd'));
INSERT INTO ENDUSER (username, password, email) values('brandy.rau', 'b0JpicmnAe', 'brandy.rau@email.com');
INSERT INTO LOCATION (postcode, city, street, housenumber) values('57556', 'West Nikia', 'Kuvalis Branch', '25');
INSERT INTO PHOTOS (user_id, photo) values('60', 'deflt.jpg');
INSERT INTO USERDATA (user_id, location_id, photo_id, first_name, last_name, gender, birthday) values('60', '60', '60', 'Brandy', 'Rau', 'm', TO_DATE('1999-04-24', 'yyyy-mm-dd'));
INSERT INTO ENDUSER (username, password, email) values('oliver.daugherty', 'Hp6dZWstJE', 'oliver.daugherty@email.com');
INSERT INTO LOCATION (postcode, city, street, housenumber) values('72021-0196', 'North Adalberto', 'Stracke Rue', '86');
INSERT INTO PHOTOS (user_id, photo) values('61', 'deflt.jpg');
INSERT INTO USERDATA (user_id, location_id, photo_id, first_name, last_name, gender, birthday) values('61', '61', '61', 'Oliver', 'Daugherty', 'f', TO_DATE('1981-12-17', 'yyyy-mm-dd'));
INSERT INTO ENDUSER (username, password, email) values('meagan.kautzer', 'PLJ8kjyvK6', 'meagan.kautzer@email.com');
INSERT INTO LOCATION (postcode, city, street, housenumber) values('72798', 'Botsfordbury', 'Greenholt Coves', '0');
INSERT INTO PHOTOS (user_id, photo) values('62', 'deflt.jpg');
INSERT INTO USERDATA (user_id, location_id, photo_id, first_name, last_name, gender, birthday) values('62', '62', '62', 'Meagan', 'Kautzer', 'm', TO_DATE('1994-09-05', 'yyyy-mm-dd'));
INSERT INTO ENDUSER (username, password, email) values('keenan.cummings', 'q5QAiu9vy3', 'keenan.cummings@email.com');
INSERT INTO LOCATION (postcode, city, street, housenumber) values('28427-8785', 'Schadenburgh', 'King Brook', '23');
INSERT INTO PHOTOS (user_id, photo) values('63', 'deflt.jpg');
INSERT INTO USERDATA (user_id, location_id, photo_id, first_name, last_name, gender, birthday) values('63', '63', '63', 'Keenan', 'Cummings', 'm', TO_DATE('1960-01-15', 'yyyy-mm-dd'));
INSERT INTO ENDUSER (username, password, email) values('cecile.krajcik', '9plxRP0kQE', 'cecile.krajcik@email.com');
INSERT INTO LOCATION (postcode, city, street, housenumber) values('05217', 'Hermannland', 'Harvey Dam', '97');
INSERT INTO PHOTOS (user_id, photo) values('64', 'deflt.jpg');
INSERT INTO USERDATA (user_id, location_id, photo_id, first_name, last_name, gender, birthday) values('64', '64', '64', 'Cecile', 'Krajcik', 'm', TO_DATE('1981-07-10', 'yyyy-mm-dd'));
INSERT INTO ENDUSER (username, password, email) values('aurore.wuckert', 'xpyZ2rg4mj', 'aurore.wuckert@email.com');
INSERT INTO LOCATION (postcode, city, street, housenumber) values('91585', 'East Patrica', 'Phil Square', '23');
INSERT INTO PHOTOS (user_id, photo) values('65', 'deflt.jpg');
INSERT INTO USERDATA (user_id, location_id, photo_id, first_name, last_name, gender, birthday) values('65', '65', '65', 'Aurore', 'Wuckert', 'm', TO_DATE('1972-04-21', 'yyyy-mm-dd'));
INSERT INTO ENDUSER (username, password, email) values('chung.balistreri', 'QCy1dETxpP', 'chung.balistreri@email.com');
INSERT INTO LOCATION (postcode, city, street, housenumber) values('93163-1139', 'Kutchstad', 'Zenaida Station', '53');
INSERT INTO PHOTOS (user_id, photo) values('66', 'deflt.jpg');
INSERT INTO USERDATA (user_id, location_id, photo_id, first_name, last_name, gender, birthday) values('66', '66', '66', 'Chung', 'Balistreri', 'm', TO_DATE('1988-08-25', 'yyyy-mm-dd'));
INSERT INTO ENDUSER (username, password, email) values('galen.steuber', 'xL4BKYtlr7', 'galen.steuber@email.com');
INSERT INTO LOCATION (postcode, city, street, housenumber) values('40800-5294', 'Hagenesstad', 'Kozey Flats', '50');
INSERT INTO PHOTOS (user_id, photo) values('67', 'deflt.jpg');
INSERT INTO USERDATA (user_id, location_id, photo_id, first_name, last_name, gender, birthday) values('67', '67', '67', 'Galen', 'Steuber', 'm', TO_DATE('1964-02-19', 'yyyy-mm-dd'));
INSERT INTO ENDUSER (username, password, email) values('kim.vandervort', 'px4ZYa0W1l', 'kim.vandervort@email.com');
INSERT INTO LOCATION (postcode, city, street, housenumber) values('47776', 'Lehnermouth', 'Antonia Gateway', '50');
INSERT INTO PHOTOS (user_id, photo) values('68', 'deflt.jpg');
INSERT INTO USERDATA (user_id, location_id, photo_id, first_name, last_name, gender, birthday) values('68', '68', '68', 'Kim', 'Vandervort', 'm', TO_DATE('2003-11-06', 'yyyy-mm-dd'));
INSERT INTO ENDUSER (username, password, email) values('kala.heidenreich', 'oHpDv9f1EF', 'kala.heidenreich@email.com');
INSERT INTO LOCATION (postcode, city, street, housenumber) values('14404-2264', 'New Sonjashire', 'Hirthe Camp', '0');
INSERT INTO PHOTOS (user_id, photo) values('69', 'deflt.jpg');
INSERT INTO USERDATA (user_id, location_id, photo_id, first_name, last_name, gender, birthday) values('69', '69', '69', 'Kala', 'Heidenreich', 'm', TO_DATE('1957-05-15', 'yyyy-mm-dd'));
INSERT INTO ENDUSER (username, password, email) values('micah.konopelski', 'vjGAP4gchw', 'micah.konopelski@email.com');
INSERT INTO LOCATION (postcode, city, street, housenumber) values('61680-3300', 'North Bettyemouth', 'Lebsack Plaza', '1');
INSERT INTO PHOTOS (user_id, photo) values('70', 'deflt.jpg');
INSERT INTO USERDATA (user_id, location_id, photo_id, first_name, last_name, gender, birthday) values('70', '70', '70', 'Micah', 'Konopelski', 'm', TO_DATE('1979-03-26', 'yyyy-mm-dd'));
INSERT INTO ENDUSER (username, password, email) values('abe.hayes', 'Ntw0jGqDZ9', 'abe.hayes@email.com');
INSERT INTO LOCATION (postcode, city, street, housenumber) values('25802', 'Port Delila', 'Wilmer Plains', '26');
INSERT INTO PHOTOS (user_id, photo) values('71', 'deflt.jpg');
INSERT INTO USERDATA (user_id, location_id, photo_id, first_name, last_name, gender, birthday) values('71', '71', '71', 'Abe', 'Hayes', 'm', TO_DATE('1975-08-17', 'yyyy-mm-dd'));
INSERT INTO ENDUSER (username, password, email) values('dwayne.orn', 'lebQWc0KoL', 'dwayne.orn@email.com');
INSERT INTO LOCATION (postcode, city, street, housenumber) values('19802', 'Naderhaven', 'O Hara Center', '5');
INSERT INTO PHOTOS (user_id, photo) values('72', 'deflt.jpg');
INSERT INTO USERDATA (user_id, location_id, photo_id, first_name, last_name, gender, birthday) values('72', '72', '72', 'Dwayne', 'Orn', 'f', TO_DATE('1962-06-23', 'yyyy-mm-dd'));
INSERT INTO ENDUSER (username, password, email) values('cori.boyer', 'fKZlswcVMI', 'cori.boyer@email.com');
INSERT INTO LOCATION (postcode, city, street, housenumber) values('02118', 'Hudsonview', 'Vonnie Ridges', '30');
INSERT INTO PHOTOS (user_id, photo) values('73', 'deflt.jpg');
INSERT INTO USERDATA (user_id, location_id, photo_id, first_name, last_name, gender, birthday) values('73', '73', '73', 'Cori', 'Boyer', 'm', TO_DATE('1982-12-17', 'yyyy-mm-dd'));
INSERT INTO ENDUSER (username, password, email) values('herb.schaden', 'M1oZ8DFNu3', 'herb.schaden@email.com');
INSERT INTO LOCATION (postcode, city, street, housenumber) values('52756-2243', 'West Chanabury', 'Wilderman Avenue', '69');
INSERT INTO PHOTOS (user_id, photo) values('74', 'deflt.jpg');
INSERT INTO USERDATA (user_id, location_id, photo_id, first_name, last_name, gender, birthday) values('74', '74', '74', 'Herb', 'Schaden', 'f', TO_DATE('1983-04-19', 'yyyy-mm-dd'));
INSERT INTO ENDUSER (username, password, email) values('carmen.kertzmann', 'Qs5WcKofDX', 'carmen.kertzmann@email.com');
INSERT INTO LOCATION (postcode, city, street, housenumber) values('53479', 'Lake Dominique', 'Nienow Pike', '76');
INSERT INTO PHOTOS (user_id, photo) values('75', 'deflt.jpg');
INSERT INTO USERDATA (user_id, location_id, photo_id, first_name, last_name, gender, birthday) values('75', '75', '75', 'Carmen', 'Kertzmann', 'm', TO_DATE('1993-11-24', 'yyyy-mm-dd'));
INSERT INTO ENDUSER (username, password, email) values('marx.quigley', '1s0WhmGwCE', 'marx.quigley@email.com');
INSERT INTO LOCATION (postcode, city, street, housenumber) values('15267', 'Fernandaborough', 'Gibson Squares', '95');
INSERT INTO PHOTOS (user_id, photo) values('76', 'deflt.jpg');
INSERT INTO USERDATA (user_id, location_id, photo_id, first_name, last_name, gender, birthday) values('76', '76', '76', 'Marx', 'Quigley', 'm', TO_DATE('1983-08-11', 'yyyy-mm-dd'));
INSERT INTO ENDUSER (username, password, email) values('carrol.kilback', 'bPOre6AmLo', 'carrol.kilback@email.com');
INSERT INTO LOCATION (postcode, city, street, housenumber) values('92693', 'Port Erick', 'Bridget Bridge', '33');
INSERT INTO PHOTOS (user_id, photo) values('77', 'deflt.jpg');
INSERT INTO USERDATA (user_id, location_id, photo_id, first_name, last_name, gender, birthday) values('77', '77', '77', 'Carrol', 'Kilback', 'm', TO_DATE('1958-12-31', 'yyyy-mm-dd'));
INSERT INTO ENDUSER (username, password, email) values('rosio.erdman', 'IGYKwplHAN', 'rosio.erdman@email.com');
INSERT INTO LOCATION (postcode, city, street, housenumber) values('81051', 'Port Medaport', 'Waneta Dale', '81');
INSERT INTO PHOTOS (user_id, photo) values('78', 'deflt.jpg');
INSERT INTO USERDATA (user_id, location_id, photo_id, first_name, last_name, gender, birthday) values('78', '78', '78', 'Rosio', 'Erdman', 'f', TO_DATE('1992-11-06', 'yyyy-mm-dd'));
INSERT INTO ENDUSER (username, password, email) values('neal.funk', 'piOJ3tCGjb', 'neal.funk@email.com');
INSERT INTO LOCATION (postcode, city, street, housenumber) values('30107-9108', 'South Korey', 'Nader Islands', '24');
INSERT INTO PHOTOS (user_id, photo) values('79', 'deflt.jpg');
INSERT INTO USERDATA (user_id, location_id, photo_id, first_name, last_name, gender, birthday) values('79', '79', '79', 'Neal', 'Funk', 'm', TO_DATE('1992-07-28', 'yyyy-mm-dd'));
INSERT INTO ENDUSER (username, password, email) values('jimmie.yost', 'XN34Waz2CE', 'jimmie.yost@email.com');
INSERT INTO LOCATION (postcode, city, street, housenumber) values('42037', 'Blandaport', 'Pablo Ways', '65');
INSERT INTO PHOTOS (user_id, photo) values('80', 'deflt.jpg');
INSERT INTO USERDATA (user_id, location_id, photo_id, first_name, last_name, gender, birthday) values('80', '80', '80', 'Jimmie', 'Yost', 'm', TO_DATE('1957-10-03', 'yyyy-mm-dd'));
INSERT INTO ENDUSER (username, password, email) values('vernita.rau', '59wa6ZQyqh', 'vernita.rau@email.com');
INSERT INTO LOCATION (postcode, city, street, housenumber) values('67784', 'North Libbietown', 'Fahey Rue', '48');
INSERT INTO PHOTOS (user_id, photo) values('81', 'deflt.jpg');
INSERT INTO USERDATA (user_id, location_id, photo_id, first_name, last_name, gender, birthday) values('81', '81', '81', 'Vernita', 'Rau', 'm', TO_DATE('1975-12-04', 'yyyy-mm-dd'));
INSERT INTO ENDUSER (username, password, email) values('roderick.keebler', 'tRJcVD6Unu', 'roderick.keebler@email.com');
INSERT INTO LOCATION (postcode, city, street, housenumber) values('89577', 'West Jameside', 'Ileen Views', '15');
INSERT INTO PHOTOS (user_id, photo) values('82', 'deflt.jpg');
INSERT INTO USERDATA (user_id, location_id, photo_id, first_name, last_name, gender, birthday) values('82', '82', '82', 'Roderick', 'Keebler', 'm', TO_DATE('1957-09-22', 'yyyy-mm-dd'));
INSERT INTO ENDUSER (username, password, email) values('tilda.hagenes', 'gkKRYo5FsI', 'tilda.hagenes@email.com');
INSERT INTO LOCATION (postcode, city, street, housenumber) values('18760', 'Sporerfurt', 'Larkin Mount', '68');
INSERT INTO PHOTOS (user_id, photo) values('83', 'deflt.jpg');
INSERT INTO USERDATA (user_id, location_id, photo_id, first_name, last_name, gender, birthday) values('83', '83', '83', 'Tilda', 'Hagenes', 'm', TO_DATE('1981-11-17', 'yyyy-mm-dd'));
INSERT INTO ENDUSER (username, password, email) values('noe.langworth', 'UbH7vaMRoT', 'noe.langworth@email.com');
INSERT INTO LOCATION (postcode, city, street, housenumber) values('94374', 'Lake Hollyton', 'Little Point', '22');
INSERT INTO PHOTOS (user_id, photo) values('84', 'deflt.jpg');
INSERT INTO USERDATA (user_id, location_id, photo_id, first_name, last_name, gender, birthday) values('84', '84', '84', 'Noe', 'Langworth', 'm', TO_DATE('1965-10-05', 'yyyy-mm-dd'));
INSERT INTO ENDUSER (username, password, email) values('derick.feeney', 'gs1pN8n0Yu', 'derick.feeney@email.com');
INSERT INTO LOCATION (postcode, city, street, housenumber) values('30344', 'South Raelene', 'Bradtke Summit', '44');
INSERT INTO PHOTOS (user_id, photo) values('85', 'deflt.jpg');
INSERT INTO USERDATA (user_id, location_id, photo_id, first_name, last_name, gender, birthday) values('85', '85', '85', 'Derick', 'Feeney', 'm', TO_DATE('1958-12-29', 'yyyy-mm-dd'));
INSERT INTO ENDUSER (username, password, email) values('dianna.dietrich', 'roATMh1lQu', 'dianna.dietrich@email.com');
INSERT INTO LOCATION (postcode, city, street, housenumber) values('35967-8342', 'Flatleyland', 'Wintheiser Inlet', '0');
INSERT INTO PHOTOS (user_id, photo) values('86', 'deflt.jpg');
INSERT INTO USERDATA (user_id, location_id, photo_id, first_name, last_name, gender, birthday) values('86', '86', '86', 'Dianna', 'Dietrich', 'f', TO_DATE('1965-10-07', 'yyyy-mm-dd'));
INSERT INTO ENDUSER (username, password, email) values('napoleon.ohara', '5YAM1FlRXt', 'napoleon.ohara@email.com');
INSERT INTO LOCATION (postcode, city, street, housenumber) values('51137', 'Opalborough', 'Lani Pike', '26');
INSERT INTO PHOTOS (user_id, photo) values('87', 'deflt.jpg');
INSERT INTO USERDATA (user_id, location_id, photo_id, first_name, last_name, gender, birthday) values('87', '87', '87', 'Napoleon', 'O Hara', 'm', TO_DATE('1963-10-13', 'yyyy-mm-dd'));
INSERT INTO ENDUSER (username, password, email) values('elenore.hilll', 'HXj0UDB5xg', 'elenore.hilll@email.com');
INSERT INTO LOCATION (postcode, city, street, housenumber) values('02707', 'Cedrickfort', 'Medhurst Lights', '26');
INSERT INTO PHOTOS (user_id, photo) values('88', 'deflt.jpg');
INSERT INTO USERDATA (user_id, location_id, photo_id, first_name, last_name, gender, birthday) values('88', '88', '88', 'Elenore', 'Hilll', 'm', TO_DATE('1988-05-11', 'yyyy-mm-dd'));
INSERT INTO ENDUSER (username, password, email) values('napoleon.gislason', 'dmC9rwBz5Z', 'napoleon.gislason@email.com');
INSERT INTO LOCATION (postcode, city, street, housenumber) values('29497', 'Augustinechester', 'Schumm Garden', '65');
INSERT INTO PHOTOS (user_id, photo) values('89', 'deflt.jpg');
INSERT INTO USERDATA (user_id, location_id, photo_id, first_name, last_name, gender, birthday) values('89', '89', '89', 'Napoleon', 'Gislason', 'm', TO_DATE('1990-10-27', 'yyyy-mm-dd'));
INSERT INTO ENDUSER (username, password, email) values('dino.hessel', 'NszRYG76ZP', 'dino.hessel@email.com');
INSERT INTO LOCATION (postcode, city, street, housenumber) values('58213-9795', 'East Mariaton', 'Parker Dam', '9');
INSERT INTO PHOTOS (user_id, photo) values('90', 'deflt.jpg');
INSERT INTO USERDATA (user_id, location_id, photo_id, first_name, last_name, gender, birthday) values('90', '90', '90', 'Dino', 'Hessel', 'm', TO_DATE('1980-01-13', 'yyyy-mm-dd'));
INSERT INTO ENDUSER (username, password, email) values('gus.tillman', 'vzTxOgFIKr', 'gus.tillman@email.com');
INSERT INTO LOCATION (postcode, city, street, housenumber) values('68836-8125', 'Port Tamaland', 'Abernathy Circles', '99');
INSERT INTO PHOTOS (user_id, photo) values('91', 'deflt.jpg');
INSERT INTO USERDATA (user_id, location_id, photo_id, first_name, last_name, gender, birthday) values('91', '91', '91', 'Gus', 'Tillman', 'm', TO_DATE('1978-07-30', 'yyyy-mm-dd'));
INSERT INTO ENDUSER (username, password, email) values('mikki.gutmann', 'kQeazL4TA5', 'mikki.gutmann@email.com');
INSERT INTO LOCATION (postcode, city, street, housenumber) values('51703-1346', 'Lake Gemmahaven', 'Nola Square', '63');
INSERT INTO PHOTOS (user_id, photo) values('92', 'deflt.jpg');
INSERT INTO USERDATA (user_id, location_id, photo_id, first_name, last_name, gender, birthday) values('92', '92', '92', 'Mikki', 'Gutmann', 'f', TO_DATE('1972-08-30', 'yyyy-mm-dd'));
INSERT INTO ENDUSER (username, password, email) values('shandi.oreilly', 'QG03ERxBrn', 'shandi.oreilly@email.com');
INSERT INTO LOCATION (postcode, city, street, housenumber) values('14577', 'Spinkastad', 'Okuneva Ridge', '6');
INSERT INTO PHOTOS (user_id, photo) values('93', 'deflt.jpg');
INSERT INTO USERDATA (user_id, location_id, photo_id, first_name, last_name, gender, birthday) values('93', '93', '93', 'Shandi', 'O Reilly', 'm', TO_DATE('1995-03-30', 'yyyy-mm-dd'));
INSERT INTO ENDUSER (username, password, email) values('anibal.rogahn', 'JVp6CjqEzf', 'anibal.rogahn@email.com');
INSERT INTO LOCATION (postcode, city, street, housenumber) values('51044', 'Port Branda', 'Mirian Pike', '76');
INSERT INTO PHOTOS (user_id, photo) values('94', 'deflt.jpg');
INSERT INTO USERDATA (user_id, location_id, photo_id, first_name, last_name, gender, birthday) values('94', '94', '94', 'Anibal', 'Rogahn', 'm', TO_DATE('2002-04-29', 'yyyy-mm-dd'));
INSERT INTO ENDUSER (username, password, email) values('beverley.blanda', 'v0o8tWljAe', 'beverley.blanda@email.com');
INSERT INTO LOCATION (postcode, city, street, housenumber) values('45388', 'North Inell', 'Donald Ramp', '11');
INSERT INTO PHOTOS (user_id, photo) values('95', 'deflt.jpg');
INSERT INTO USERDATA (user_id, location_id, photo_id, first_name, last_name, gender, birthday) values('95', '95', '95', 'Beverley', 'Blanda', 'm', TO_DATE('1987-01-20', 'yyyy-mm-dd'));
INSERT INTO ENDUSER (username, password, email) values('claude.towne', 'wz7YpGlcTo', 'claude.towne@email.com');
INSERT INTO LOCATION (postcode, city, street, housenumber) values('37826', 'New Guy', 'Babara Crossroad', '24');
INSERT INTO PHOTOS (user_id, photo) values('96', 'deflt.jpg');
INSERT INTO USERDATA (user_id, location_id, photo_id, first_name, last_name, gender, birthday) values('96', '96', '96', 'Claude', 'Towne', 'm', TO_DATE('1982-11-25', 'yyyy-mm-dd'));
INSERT INTO ENDUSER (username, password, email) values('keturah.lesch', 'AlYh0oqbPD', 'keturah.lesch@email.com');
INSERT INTO LOCATION (postcode, city, street, housenumber) values('71366-3996', 'New Gertrudville', 'Zulauf Turnpike', '74');
INSERT INTO PHOTOS (user_id, photo) values('97', 'deflt.jpg');
INSERT INTO USERDATA (user_id, location_id, photo_id, first_name, last_name, gender, birthday) values('97', '97', '97', 'Keturah', 'Lesch', 'm', TO_DATE('1963-05-14', 'yyyy-mm-dd'));
INSERT INTO ENDUSER (username, password, email) values('delois.jones', 'QwckSyYWTB', 'delois.jones@email.com');
INSERT INTO LOCATION (postcode, city, street, housenumber) values('87243', 'New Daneside', 'Carina Row', '52');
INSERT INTO PHOTOS (user_id, photo) values('98', 'deflt.jpg');
INSERT INTO USERDATA (user_id, location_id, photo_id, first_name, last_name, gender, birthday) values('98', '98', '98', 'Delois', 'Jones', 'm', TO_DATE('1978-09-19', 'yyyy-mm-dd'));
INSERT INTO ENDUSER (username, password, email) values('natividad.kirlin', '9wuk4qAO1X', 'natividad.kirlin@email.com');
INSERT INTO LOCATION (postcode, city, street, housenumber) values('42540', 'South Cheryll', 'Berge Ports', '55');
INSERT INTO PHOTOS (user_id, photo) values('99', 'deflt.jpg');
INSERT INTO USERDATA (user_id, location_id, photo_id, first_name, last_name, gender, birthday) values('99', '99', '99', 'Natividad', 'Kirlin', 'm', TO_DATE('1985-03-09', 'yyyy-mm-dd'));
INSERT INTO ENDUSER (username, password, email) values('kerstin.botsford', 'Ci2DOQukq9', 'kerstin.botsford@email.com');
INSERT INTO LOCATION (postcode, city, street, housenumber) values('60217-7843', 'Mullertown', 'Greenholt Drive', '59');
INSERT INTO PHOTOS (user_id, photo) values('100', 'deflt.jpg');
INSERT INTO USERDATA (user_id, location_id, photo_id, first_name, last_name, gender, birthday) values('100', '100', '100', 'Kerstin', 'Botsford', 'f', TO_DATE('1993-01-11', 'yyyy-mm-dd'));
INSERT INTO ENDUSER (username, password, email) values('doreatha.larkin', 'LwAuk1Xiz9', 'doreatha.larkin@email.com');
INSERT INTO LOCATION (postcode, city, street, housenumber) values('81477-4610', 'South Pearlchester', 'Ismael Lane', '73');
INSERT INTO PHOTOS (user_id, photo) values('101', 'deflt.jpg');
INSERT INTO USERDATA (user_id, location_id, photo_id, first_name, last_name, gender, birthday) values('101', '101', '101', 'Doreatha', 'Larkin', 'f', TO_DATE('1972-09-07', 'yyyy-mm-dd'));
INSERT INTO ENDUSER (username, password, email) values('eddie.wiegand', 'jn04omkFB7', 'eddie.wiegand@email.com');
INSERT INTO LOCATION (postcode, city, street, housenumber) values('90400', 'Lake Mack', 'Sarita Plain', '9');
INSERT INTO PHOTOS (user_id, photo) values('102', 'deflt.jpg');
INSERT INTO USERDATA (user_id, location_id, photo_id, first_name, last_name, gender, birthday) values('102', '102', '102', 'Eddie', 'Wiegand', 'm', TO_DATE('1972-06-11', 'yyyy-mm-dd'));
INSERT INTO ENDUSER (username, password, email) values('santos.kris', 'DcWA5w20YX', 'santos.kris@email.com');
INSERT INTO LOCATION (postcode, city, street, housenumber) values('81422', 'O Haramouth', 'Casie Lake', '11');
INSERT INTO PHOTOS (user_id, photo) values('103', 'deflt.jpg');
INSERT INTO USERDATA (user_id, location_id, photo_id, first_name, last_name, gender, birthday) values('103', '103', '103', 'Santos', 'Kris', 'm', TO_DATE('1962-12-07', 'yyyy-mm-dd'));
INSERT INTO ENDUSER (username, password, email) values('hong.herman', 'zSb91wpQTJ', 'hong.herman@email.com');
INSERT INTO LOCATION (postcode, city, street, housenumber) values('43903-0701', 'West Timothystad', 'Kunze Loop', '90');
INSERT INTO PHOTOS (user_id, photo) values('104', 'deflt.jpg');
INSERT INTO USERDATA (user_id, location_id, photo_id, first_name, last_name, gender, birthday) values('104', '104', '104', 'Hong', 'Herman', 'm', TO_DATE('1968-04-16', 'yyyy-mm-dd'));
INSERT INTO ENDUSER (username, password, email) values('valentine.paucek', 'SzH7qohJL3', 'valentine.paucek@email.com');
INSERT INTO LOCATION (postcode, city, street, housenumber) values('82800-5778', 'West Quintin', 'Emard Ports', '85');
INSERT INTO PHOTOS (user_id, photo) values('105', 'deflt.jpg');
INSERT INTO USERDATA (user_id, location_id, photo_id, first_name, last_name, gender, birthday) values('105', '105', '105', 'Valentine', 'Paucek', 'm', TO_DATE('1965-01-25', 'yyyy-mm-dd'));
INSERT INTO ENDUSER (username, password, email) values('rosario.yost', 'aPHrwefd7c', 'rosario.yost@email.com');
INSERT INTO LOCATION (postcode, city, street, housenumber) values('90688-3055', 'North Brantview', 'Herzog Union', '58');
INSERT INTO PHOTOS (user_id, photo) values('106', 'deflt.jpg');
INSERT INTO USERDATA (user_id, location_id, photo_id, first_name, last_name, gender, birthday) values('106', '106', '106', 'Rosario', 'Yost', 'm', TO_DATE('1986-01-09', 'yyyy-mm-dd'));
INSERT INTO ENDUSER (username, password, email) values('shantell.hermann', 'xfAPC6Qvhj', 'shantell.hermann@email.com');
INSERT INTO LOCATION (postcode, city, street, housenumber) values('22339', 'Port Samarafort', 'Louie Burgs', '68');
INSERT INTO PHOTOS (user_id, photo) values('107', 'deflt.jpg');
INSERT INTO USERDATA (user_id, location_id, photo_id, first_name, last_name, gender, birthday) values('107', '107', '107', 'Shantell', 'Hermann', 'm', TO_DATE('1986-04-26', 'yyyy-mm-dd'));
INSERT INTO ENDUSER (username, password, email) values('lakisha.macgyver', 'ezY75Vbi9r', 'lakisha.macgyver@email.com');
INSERT INTO LOCATION (postcode, city, street, housenumber) values('72333-7295', 'North Debra', 'Anika Oval', '4');
INSERT INTO PHOTOS (user_id, photo) values('108', 'deflt.jpg');
INSERT INTO USERDATA (user_id, location_id, photo_id, first_name, last_name, gender, birthday) values('108', '108', '108', 'Lakisha', 'MacGyver', 'm', TO_DATE('1997-04-20', 'yyyy-mm-dd'));
INSERT INTO ENDUSER (username, password, email) values('jimmie.robel', 'QWzGXvZxep', 'jimmie.robel@email.com');
INSERT INTO LOCATION (postcode, city, street, housenumber) values('85721', 'New Willian', 'Smith Ford', '57');
INSERT INTO PHOTOS (user_id, photo) values('109', 'deflt.jpg');
INSERT INTO USERDATA (user_id, location_id, photo_id, first_name, last_name, gender, birthday) values('109', '109', '109', 'Jimmie', 'Robel', 'm', TO_DATE('1958-06-11', 'yyyy-mm-dd'));
INSERT INTO ENDUSER (username, password, email) values('benny.nienow', 'nEQpTe5mkz', 'benny.nienow@email.com');
INSERT INTO LOCATION (postcode, city, street, housenumber) values('14895-0064', 'Annettview', 'VonRueden Way', '58');
INSERT INTO PHOTOS (user_id, photo) values('110', 'deflt.jpg');
INSERT INTO USERDATA (user_id, location_id, photo_id, first_name, last_name, gender, birthday) values('110', '110', '110', 'Benny', 'Nienow', 'f', TO_DATE('1984-05-30', 'yyyy-mm-dd'));
INSERT INTO ENDUSER (username, password, email) values('elicia.kohler', 'RJ8Wnq35ov', 'elicia.kohler@email.com');
INSERT INTO LOCATION (postcode, city, street, housenumber) values('58945', 'Bradland', 'Jamie Parkways', '31');
INSERT INTO PHOTOS (user_id, photo) values('111', 'deflt.jpg');
INSERT INTO USERDATA (user_id, location_id, photo_id, first_name, last_name, gender, birthday) values('111', '111', '111', 'Elicia', 'Kohler', 'm', TO_DATE('1985-08-22', 'yyyy-mm-dd'));
INSERT INTO ENDUSER (username, password, email) values('nicole.bergstrom', 'weDRla9Ko5', 'nicole.bergstrom@email.com');
INSERT INTO LOCATION (postcode, city, street, housenumber) values('55004-8988', 'Port Bethann', 'Dickens Mills', '42');
INSERT INTO PHOTOS (user_id, photo) values('112', 'deflt.jpg');
INSERT INTO USERDATA (user_id, location_id, photo_id, first_name, last_name, gender, birthday) values('112', '112', '112', 'Nicole', 'Bergstrom', 'm', TO_DATE('1997-05-26', 'yyyy-mm-dd'));
INSERT INTO ENDUSER (username, password, email) values('fidelia.paucek', 'GPVlQdYrIX', 'fidelia.paucek@email.com');
INSERT INTO LOCATION (postcode, city, street, housenumber) values('51021-5489', 'Rebecaton', 'Bechtelar Trace', '2');
INSERT INTO PHOTOS (user_id, photo) values('113', 'deflt.jpg');
INSERT INTO USERDATA (user_id, location_id, photo_id, first_name, last_name, gender, birthday) values('113', '113', '113', 'Fidelia', 'Paucek', 'm', TO_DATE('1971-11-16', 'yyyy-mm-dd'));
INSERT INTO ENDUSER (username, password, email) values('ezekiel.schowalter', 'itKuO1aVXG', 'ezekiel.schowalter@email.com');
INSERT INTO LOCATION (postcode, city, street, housenumber) values('71875', 'Kenburgh', 'Stiedemann Plaza', '55');
INSERT INTO PHOTOS (user_id, photo) values('114', 'deflt.jpg');
INSERT INTO USERDATA (user_id, location_id, photo_id, first_name, last_name, gender, birthday) values('114', '114', '114', 'Ezekiel', 'Schowalter', 'm', TO_DATE('1979-04-29', 'yyyy-mm-dd'));
INSERT INTO ENDUSER (username, password, email) values('isabella.lemke', '53qFWj0rKh', 'isabella.lemke@email.com');
INSERT INTO LOCATION (postcode, city, street, housenumber) values('07813-1839', 'Jenkinsside', 'Lawana Port', '0');
INSERT INTO PHOTOS (user_id, photo) values('115', 'deflt.jpg');
INSERT INTO USERDATA (user_id, location_id, photo_id, first_name, last_name, gender, birthday) values('115', '115', '115', 'Isabella', 'Lemke', 'f', TO_DATE('1989-07-12', 'yyyy-mm-dd'));
INSERT INTO ENDUSER (username, password, email) values('miles.waelchi', 'ctDd8C6jsZ', 'miles.waelchi@email.com');
INSERT INTO LOCATION (postcode, city, street, housenumber) values('21455-9901', 'Gusikowskifort', 'Boyer Track', '97');
INSERT INTO PHOTOS (user_id, photo) values('116', 'deflt.jpg');
INSERT INTO USERDATA (user_id, location_id, photo_id, first_name, last_name, gender, birthday) values('116', '116', '116', 'Miles', 'Waelchi', 'm', TO_DATE('1972-04-05', 'yyyy-mm-dd'));
INSERT INTO ENDUSER (username, password, email) values('mana.simonis', 'WTtvCMwQpE', 'mana.simonis@email.com');
INSERT INTO LOCATION (postcode, city, street, housenumber) values('21779', 'Ivyberg', 'Rhett Ways', '49');
INSERT INTO PHOTOS (user_id, photo) values('117', 'deflt.jpg');
INSERT INTO USERDATA (user_id, location_id, photo_id, first_name, last_name, gender, birthday) values('117', '117', '117', 'Mana', 'Simonis', 'm', TO_DATE('2003-07-28', 'yyyy-mm-dd'));
INSERT INTO ENDUSER (username, password, email) values('tenisha.schaefer', 'LgF8OSIluA', 'tenisha.schaefer@email.com');
INSERT INTO LOCATION (postcode, city, street, housenumber) values('58835-0251', 'Lake Shandra', 'Dibbert Track', '62');
INSERT INTO PHOTOS (user_id, photo) values('118', 'deflt.jpg');
INSERT INTO USERDATA (user_id, location_id, photo_id, first_name, last_name, gender, birthday) values('118', '118', '118', 'Tenisha', 'Schaefer', 'm', TO_DATE('1963-09-28', 'yyyy-mm-dd'));
INSERT INTO ENDUSER (username, password, email) values('grace.pacocha', 'mQwd5BjHoV', 'grace.pacocha@email.com');
INSERT INTO LOCATION (postcode, city, street, housenumber) values('40548-9747', 'New Kieth', 'Hollis Field', '30');
INSERT INTO PHOTOS (user_id, photo) values('119', 'deflt.jpg');
INSERT INTO USERDATA (user_id, location_id, photo_id, first_name, last_name, gender, birthday) values('119', '119', '119', 'Grace', 'Pacocha', 'm', TO_DATE('1979-11-04', 'yyyy-mm-dd'));
INSERT INTO ENDUSER (username, password, email) values('birdie.orn', 'CKFeTlDbXx', 'birdie.orn@email.com');
INSERT INTO LOCATION (postcode, city, street, housenumber) values('65384', 'South Merlinshire', 'Nitzsche Throughway', '88');
INSERT INTO PHOTOS (user_id, photo) values('120', 'deflt.jpg');
INSERT INTO USERDATA (user_id, location_id, photo_id, first_name, last_name, gender, birthday) values('120', '120', '120', 'Birdie', 'Orn', 'f', TO_DATE('1974-06-21', 'yyyy-mm-dd'));
INSERT INTO ENDUSER (username, password, email) values('kati.mertz', '5GYlykzVRb', 'kati.mertz@email.com');
INSERT INTO LOCATION (postcode, city, street, housenumber) values('87705', 'Alfonzoberg', 'Valentine Brooks', '41');
INSERT INTO PHOTOS (user_id, photo) values('121', 'deflt.jpg');
INSERT INTO USERDATA (user_id, location_id, photo_id, first_name, last_name, gender, birthday) values('121', '121', '121', 'Kati', 'Mertz', 'm', TO_DATE('1986-04-11', 'yyyy-mm-dd'));
INSERT INTO ENDUSER (username, password, email) values('manual.ward', '8UErpMQDnB', 'manual.ward@email.com');
INSERT INTO LOCATION (postcode, city, street, housenumber) values('97694', 'North Hattieberg', 'Larson Roads', '85');
INSERT INTO PHOTOS (user_id, photo) values('122', 'deflt.jpg');
INSERT INTO USERDATA (user_id, location_id, photo_id, first_name, last_name, gender, birthday) values('122', '122', '122', 'Manual', 'Ward', 'm', TO_DATE('1968-07-11', 'yyyy-mm-dd'));
INSERT INTO ENDUSER (username, password, email) values('akilah.vandervort', 'rikoCD7fbB', 'akilah.vandervort@email.com');
INSERT INTO LOCATION (postcode, city, street, housenumber) values('90846-5585', 'West Kieshabury', 'Kathie Views', '43');
INSERT INTO PHOTOS (user_id, photo) values('123', 'deflt.jpg');
INSERT INTO USERDATA (user_id, location_id, photo_id, first_name, last_name, gender, birthday) values('123', '123', '123', 'Akilah', 'Vandervort', 'm', TO_DATE('1958-01-25', 'yyyy-mm-dd'));
INSERT INTO ENDUSER (username, password, email) values('ronda.wiegand', 'G826OmshcS', 'ronda.wiegand@email.com');
INSERT INTO LOCATION (postcode, city, street, housenumber) values('43240', 'Tommieberg', 'Sona Rapids', '83');
INSERT INTO PHOTOS (user_id, photo) values('124', 'deflt.jpg');
INSERT INTO USERDATA (user_id, location_id, photo_id, first_name, last_name, gender, birthday) values('124', '124', '124', 'Ronda', 'Wiegand', 'm', TO_DATE('1976-10-19', 'yyyy-mm-dd'));
INSERT INTO ENDUSER (username, password, email) values('shaunta.toy', 'nER9BlMo7c', 'shaunta.toy@email.com');
INSERT INTO LOCATION (postcode, city, street, housenumber) values('21687', 'Lake Winfred', 'Runolfsdottir Locks', '0');
INSERT INTO PHOTOS (user_id, photo) values('125', 'deflt.jpg');
INSERT INTO USERDATA (user_id, location_id, photo_id, first_name, last_name, gender, birthday) values('125', '125', '125', 'Shaunta', 'Toy', 'm', TO_DATE('1996-05-09', 'yyyy-mm-dd'));
INSERT INTO ENDUSER (username, password, email) values('mathilda.hackett', 'tWPNBXJSCI', 'mathilda.hackett@email.com');
INSERT INTO LOCATION (postcode, city, street, housenumber) values('37926', 'Lake Allene', 'Carter Corner', '25');
INSERT INTO PHOTOS (user_id, photo) values('126', 'deflt.jpg');
INSERT INTO USERDATA (user_id, location_id, photo_id, first_name, last_name, gender, birthday) values('126', '126', '126', 'Mathilda', 'Hackett', 'f', TO_DATE('1981-10-20', 'yyyy-mm-dd'));
INSERT INTO ENDUSER (username, password, email) values('elsie.kiehn', '4H1Ojqx3BK', 'elsie.kiehn@email.com');
INSERT INTO LOCATION (postcode, city, street, housenumber) values('20653-9989', 'Kossport', 'Walsh Glens', '77');
INSERT INTO PHOTOS (user_id, photo) values('127', 'deflt.jpg');
INSERT INTO USERDATA (user_id, location_id, photo_id, first_name, last_name, gender, birthday) values('127', '127', '127', 'Elsie', 'Kiehn', 'm', TO_DATE('1997-12-10', 'yyyy-mm-dd'));
INSERT INTO ENDUSER (username, password, email) values('irvin.emmerich', '4ZMCuNjdqL', 'irvin.emmerich@email.com');
INSERT INTO LOCATION (postcode, city, street, housenumber) values('06385', 'New Lishaville', 'Madaline Mountains', '2');
INSERT INTO PHOTOS (user_id, photo) values('128', 'deflt.jpg');
INSERT INTO USERDATA (user_id, location_id, photo_id, first_name, last_name, gender, birthday) values('128', '128', '128', 'Irvin', 'Emmerich', 'm', TO_DATE('1995-02-14', 'yyyy-mm-dd'));
INSERT INTO ENDUSER (username, password, email) values('isaiah.schuppe', '1jz0Q86mo4', 'isaiah.schuppe@email.com');
INSERT INTO LOCATION (postcode, city, street, housenumber) values('45715-9579', 'Cecilyberg', 'Durgan Mission', '32');
INSERT INTO PHOTOS (user_id, photo) values('129', 'deflt.jpg');
INSERT INTO USERDATA (user_id, location_id, photo_id, first_name, last_name, gender, birthday) values('129', '129', '129', 'Isaiah', 'Schuppe', 'm', TO_DATE('1981-06-02', 'yyyy-mm-dd'));
INSERT INTO ENDUSER (username, password, email) values('ike.stark', 'G1CT9IlJmg', 'ike.stark@email.com');
INSERT INTO LOCATION (postcode, city, street, housenumber) values('10214-3136', 'Hahnbury', 'Vicente Walks', '86');
INSERT INTO PHOTOS (user_id, photo) values('130', 'deflt.jpg');
INSERT INTO USERDATA (user_id, location_id, photo_id, first_name, last_name, gender, birthday) values('130', '130', '130', 'Ike', 'Stark', 'm', TO_DATE('1963-09-03', 'yyyy-mm-dd'));
INSERT INTO ENDUSER (username, password, email) values('eddie.luettgen', '7gtRDTLh9Q', 'eddie.luettgen@email.com');
INSERT INTO LOCATION (postcode, city, street, housenumber) values('74163', 'Muellerside', 'Blick Mission', '99');
INSERT INTO PHOTOS (user_id, photo) values('131', 'deflt.jpg');
INSERT INTO USERDATA (user_id, location_id, photo_id, first_name, last_name, gender, birthday) values('131', '131', '131', 'Eddie', 'Luettgen', 'm', TO_DATE('1962-08-30', 'yyyy-mm-dd'));
INSERT INTO ENDUSER (username, password, email) values('willie.jenkins', 'bIQtmp3ri1', 'willie.jenkins@email.com');
INSERT INTO LOCATION (postcode, city, street, housenumber) values('32588', 'Tuyetmouth', 'Berneice Way', '37');
INSERT INTO PHOTOS (user_id, photo) values('132', 'deflt.jpg');
INSERT INTO USERDATA (user_id, location_id, photo_id, first_name, last_name, gender, birthday) values('132', '132', '132', 'Willie', 'Jenkins', 'f', TO_DATE('1997-04-01', 'yyyy-mm-dd'));
INSERT INTO ENDUSER (username, password, email) values('daryl.fisher', '2wpxhKzHft', 'daryl.fisher@email.com');
INSERT INTO LOCATION (postcode, city, street, housenumber) values('89697', 'South Cristiechester', 'Jacobs Green', '68');
INSERT INTO PHOTOS (user_id, photo) values('133', 'deflt.jpg');
INSERT INTO USERDATA (user_id, location_id, photo_id, first_name, last_name, gender, birthday) values('133', '133', '133', 'Daryl', 'Fisher', 'f', TO_DATE('1985-02-23', 'yyyy-mm-dd'));
INSERT INTO ENDUSER (username, password, email) values('connie.harvey', 'a7IvR4KZMU', 'connie.harvey@email.com');
INSERT INTO LOCATION (postcode, city, street, housenumber) values('62914', 'Port Ruby', 'Collier Vista', '35');
INSERT INTO PHOTOS (user_id, photo) values('134', 'deflt.jpg');
INSERT INTO USERDATA (user_id, location_id, photo_id, first_name, last_name, gender, birthday) values('134', '134', '134', 'Connie', 'Harvey', 'm', TO_DATE('1991-03-30', 'yyyy-mm-dd'));
INSERT INTO ENDUSER (username, password, email) values('modesta.schaefer', 'dxGTVgH15Q', 'modesta.schaefer@email.com');
INSERT INTO LOCATION (postcode, city, street, housenumber) values('01979-3064', 'Lynchtown', 'Denesik Track', '23');
INSERT INTO PHOTOS (user_id, photo) values('135', 'deflt.jpg');
INSERT INTO USERDATA (user_id, location_id, photo_id, first_name, last_name, gender, birthday) values('135', '135', '135', 'Modesta', 'Schaefer', 'f', TO_DATE('2002-08-04', 'yyyy-mm-dd'));
INSERT INTO ENDUSER (username, password, email) values('cedrick.leuschke', '89qIXApYTx', 'cedrick.leuschke@email.com');
INSERT INTO LOCATION (postcode, city, street, housenumber) values('25875-6066', 'Boscoton', 'Legros Garden', '45');
INSERT INTO PHOTOS (user_id, photo) values('136', 'deflt.jpg');
INSERT INTO USERDATA (user_id, location_id, photo_id, first_name, last_name, gender, birthday) values('136', '136', '136', 'Cedrick', 'Leuschke', 'f', TO_DATE('1985-09-23', 'yyyy-mm-dd'));
INSERT INTO ENDUSER (username, password, email) values('harry.okuneva', 'oA51qLXCPj', 'harry.okuneva@email.com');
INSERT INTO LOCATION (postcode, city, street, housenumber) values('15937-4710', 'Port Tereasa', 'Reichel Centers', '62');
INSERT INTO PHOTOS (user_id, photo) values('137', 'deflt.jpg');
INSERT INTO USERDATA (user_id, location_id, photo_id, first_name, last_name, gender, birthday) values('137', '137', '137', 'Harry', 'Okuneva', 'm', TO_DATE('1979-09-18', 'yyyy-mm-dd'));
INSERT INTO ENDUSER (username, password, email) values('carson.donnelly', 'be4ktEVhFB', 'carson.donnelly@email.com');
INSERT INTO LOCATION (postcode, city, street, housenumber) values('38530-2125', 'Adolfofurt', 'Feest Ford', '64');
INSERT INTO PHOTOS (user_id, photo) values('138', 'deflt.jpg');
INSERT INTO USERDATA (user_id, location_id, photo_id, first_name, last_name, gender, birthday) values('138', '138', '138', 'Carson', 'Donnelly', 'm', TO_DATE('1990-08-05', 'yyyy-mm-dd'));
INSERT INTO ENDUSER (username, password, email) values('phil.mccullough', '5lSx2j1hre', 'phil.mccullough@email.com');
INSERT INTO LOCATION (postcode, city, street, housenumber) values('77501-6912', 'New Antwan', 'Nina Path', '61');
INSERT INTO PHOTOS (user_id, photo) values('139', 'deflt.jpg');
INSERT INTO USERDATA (user_id, location_id, photo_id, first_name, last_name, gender, birthday) values('139', '139', '139', 'Phil', 'McCullough', 'm', TO_DATE('1976-02-15', 'yyyy-mm-dd'));
INSERT INTO ENDUSER (username, password, email) values('jim.gerhold', 'RbiZoPDg5V', 'jim.gerhold@email.com');
INSERT INTO LOCATION (postcode, city, street, housenumber) values('96265-8762', 'New Cheryfurt', 'Chong Viaduct', '23');
INSERT INTO PHOTOS (user_id, photo) values('140', 'deflt.jpg');
INSERT INTO USERDATA (user_id, location_id, photo_id, first_name, last_name, gender, birthday) values('140', '140', '140', 'Jim', 'Gerhold', 'm', TO_DATE('1989-05-22', 'yyyy-mm-dd'));
INSERT INTO ENDUSER (username, password, email) values('kyong.gutmann', 'kwsWvXmL1D', 'kyong.gutmann@email.com');
INSERT INTO LOCATION (postcode, city, street, housenumber) values('12853', 'Thanhton', 'Talia Shores', '12');
INSERT INTO PHOTOS (user_id, photo) values('141', 'deflt.jpg');
INSERT INTO USERDATA (user_id, location_id, photo_id, first_name, last_name, gender, birthday) values('141', '141', '141', 'Kyong', 'Gutmann', 'f', TO_DATE('1957-10-19', 'yyyy-mm-dd'));
INSERT INTO ENDUSER (username, password, email) values('mandi.hodkiewicz', 'KJiYkjlyuM', 'mandi.hodkiewicz@email.com');
INSERT INTO LOCATION (postcode, city, street, housenumber) values('92830-9053', 'Cummingsfort', 'Collier Summit', '99');
INSERT INTO PHOTOS (user_id, photo) values('142', 'deflt.jpg');
INSERT INTO USERDATA (user_id, location_id, photo_id, first_name, last_name, gender, birthday) values('142', '142', '142', 'Mandi', 'Hodkiewicz', 'm', TO_DATE('1960-11-13', 'yyyy-mm-dd'));
INSERT INTO ENDUSER (username, password, email) values('ezekiel.hettinger', '8FWjdvhNJI', 'ezekiel.hettinger@email.com');
INSERT INTO LOCATION (postcode, city, street, housenumber) values('44501-2178', 'Schaeferbury', 'Halvorson Haven', '4');
INSERT INTO PHOTOS (user_id, photo) values('143', 'deflt.jpg');
INSERT INTO USERDATA (user_id, location_id, photo_id, first_name, last_name, gender, birthday) values('143', '143', '143', 'Ezekiel', 'Hettinger', 'f', TO_DATE('1963-10-06', 'yyyy-mm-dd'));
INSERT INTO ENDUSER (username, password, email) values('aletha.schmeler', 'lA1iJxL0CW', 'aletha.schmeler@email.com');
INSERT INTO LOCATION (postcode, city, street, housenumber) values('31659', 'Jentown', 'Maryalice Burg', '97');
INSERT INTO PHOTOS (user_id, photo) values('144', 'deflt.jpg');
INSERT INTO USERDATA (user_id, location_id, photo_id, first_name, last_name, gender, birthday) values('144', '144', '144', 'Aletha', 'Schmeler', 'f', TO_DATE('1968-04-17', 'yyyy-mm-dd'));
INSERT INTO ENDUSER (username, password, email) values('germaine.bogan', 'LRFisCaSXQ', 'germaine.bogan@email.com');
INSERT INTO LOCATION (postcode, city, street, housenumber) values('27713', 'Nitzschemouth', 'Medhurst Lock', '49');
INSERT INTO PHOTOS (user_id, photo) values('145', 'deflt.jpg');
INSERT INTO USERDATA (user_id, location_id, photo_id, first_name, last_name, gender, birthday) values('145', '145', '145', 'Germaine', 'Bogan', 'f', TO_DATE('1968-09-14', 'yyyy-mm-dd'));
INSERT INTO ENDUSER (username, password, email) values('lovetta.abbott', '6LaJvghm7O', 'lovetta.abbott@email.com');
INSERT INTO LOCATION (postcode, city, street, housenumber) values('46929-5507', 'West Clemenciafurt', 'Chris Plaza', '95');
INSERT INTO PHOTOS (user_id, photo) values('146', 'deflt.jpg');
INSERT INTO USERDATA (user_id, location_id, photo_id, first_name, last_name, gender, birthday) values('146', '146', '146', 'Lovetta', 'Abbott', 'f', TO_DATE('1992-08-13', 'yyyy-mm-dd'));
INSERT INTO ENDUSER (username, password, email) values('odilia.johnson', 'BKowc2Yz0k', 'odilia.johnson@email.com');
INSERT INTO LOCATION (postcode, city, street, housenumber) values('74001', 'Nakishashire', 'Hermiston Extension', '42');
INSERT INTO PHOTOS (user_id, photo) values('147', 'deflt.jpg');
INSERT INTO USERDATA (user_id, location_id, photo_id, first_name, last_name, gender, birthday) values('147', '147', '147', 'Odilia', 'Johnson', 'm', TO_DATE('1982-09-11', 'yyyy-mm-dd'));
INSERT INTO ENDUSER (username, password, email) values('mariette.jerde', 'BCFOMsZmQ6', 'mariette.jerde@email.com');
INSERT INTO LOCATION (postcode, city, street, housenumber) values('62779-1825', 'Lake Eldon', 'Emmerich Meadows', '23');
INSERT INTO PHOTOS (user_id, photo) values('148', 'deflt.jpg');
INSERT INTO USERDATA (user_id, location_id, photo_id, first_name, last_name, gender, birthday) values('148', '148', '148', 'Mariette', 'Jerde', 'm', TO_DATE('1973-11-27', 'yyyy-mm-dd'));
INSERT INTO ENDUSER (username, password, email) values('ailene.windler', '6k1hFjDSUT', 'ailene.windler@email.com');
INSERT INTO LOCATION (postcode, city, street, housenumber) values('17952-6901', 'New Rethashire', 'Rowe Freeway', '53');
INSERT INTO PHOTOS (user_id, photo) values('149', 'deflt.jpg');
INSERT INTO USERDATA (user_id, location_id, photo_id, first_name, last_name, gender, birthday) values('149', '149', '149', 'Ailene', 'Windler', 'm', TO_DATE('1980-08-09', 'yyyy-mm-dd'));
INSERT INTO ENDUSER (username, password, email) values('darrin.parisian', 'mzTOFhcv9V', 'darrin.parisian@email.com');
INSERT INTO LOCATION (postcode, city, street, housenumber) values('16378', 'Lake Kenny', 'Johnson Spur', '64');
INSERT INTO PHOTOS (user_id, photo) values('150', 'deflt.jpg');
INSERT INTO USERDATA (user_id, location_id, photo_id, first_name, last_name, gender, birthday) values('150', '150', '150', 'Darrin', 'Parisian', 'm', TO_DATE('1999-01-05', 'yyyy-mm-dd'));
INSERT INTO ENDUSER (username, password, email) values('sherice.wiza', 'HyWeg6P9Gj', 'sherice.wiza@email.com');
INSERT INTO LOCATION (postcode, city, street, housenumber) values('95792-2444', 'Skilesbury', 'Gaye Manor', '93');
INSERT INTO PHOTOS (user_id, photo) values('151', 'deflt.jpg');
INSERT INTO USERDATA (user_id, location_id, photo_id, first_name, last_name, gender, birthday) values('151', '151', '151', 'Sherice', 'Wiza', 'f', TO_DATE('1980-06-12', 'yyyy-mm-dd'));
INSERT INTO ENDUSER (username, password, email) values('kristofer.deckow', 'Y5zvNJFK47', 'kristofer.deckow@email.com');
INSERT INTO LOCATION (postcode, city, street, housenumber) values('22462-0768', 'Lake Noemiview', 'Steuber Rue', '58');
INSERT INTO PHOTOS (user_id, photo) values('152', 'deflt.jpg');
INSERT INTO USERDATA (user_id, location_id, photo_id, first_name, last_name, gender, birthday) values('152', '152', '152', 'Kristofer', 'Deckow', 'm', TO_DATE('1980-03-09', 'yyyy-mm-dd'));
INSERT INTO ENDUSER (username, password, email) values('len.jaskolski', '2Pjc1eqvFC', 'len.jaskolski@email.com');
INSERT INTO LOCATION (postcode, city, street, housenumber) values('81098', 'Alfurt', 'Skiles Knoll', '62');
INSERT INTO PHOTOS (user_id, photo) values('153', 'deflt.jpg');
INSERT INTO USERDATA (user_id, location_id, photo_id, first_name, last_name, gender, birthday) values('153', '153', '153', 'Len', 'Jaskolski', 'm', TO_DATE('2000-10-14', 'yyyy-mm-dd'));
INSERT INTO ENDUSER (username, password, email) values('marc.mosciski', 'R2VkgDAaiJ', 'marc.mosciski@email.com');
INSERT INTO LOCATION (postcode, city, street, housenumber) values('88966', 'North Aleshafort', 'Elisha Heights', '2');
INSERT INTO PHOTOS (user_id, photo) values('154', 'deflt.jpg');
INSERT INTO USERDATA (user_id, location_id, photo_id, first_name, last_name, gender, birthday) values('154', '154', '154', 'Marc', 'Mosciski', 'f', TO_DATE('1996-08-27', 'yyyy-mm-dd'));
INSERT INTO ENDUSER (username, password, email) values('paul.dicki', '2hUrgj4HtY', 'paul.dicki@email.com');
INSERT INTO LOCATION (postcode, city, street, housenumber) values('14772-2002', 'Lake Gerry', 'Kerluke Harbors', '12');
INSERT INTO PHOTOS (user_id, photo) values('155', 'deflt.jpg');
INSERT INTO USERDATA (user_id, location_id, photo_id, first_name, last_name, gender, birthday) values('155', '155', '155', 'Paul', 'Dicki', 'm', TO_DATE('1979-08-29', 'yyyy-mm-dd'));
INSERT INTO ENDUSER (username, password, email) values('carmella.kshlerin', 'rYXqinQLug', 'carmella.kshlerin@email.com');
INSERT INTO LOCATION (postcode, city, street, housenumber) values('29397', 'West Rodneyfurt', 'Gutmann Union', '46');
INSERT INTO PHOTOS (user_id, photo) values('156', 'deflt.jpg');
INSERT INTO USERDATA (user_id, location_id, photo_id, first_name, last_name, gender, birthday) values('156', '156', '156', 'Carmella', 'Kshlerin', 'f', TO_DATE('1976-08-11', 'yyyy-mm-dd'));
INSERT INTO ENDUSER (username, password, email) values('janella.dietrich', 'sGb9pNPt1k', 'janella.dietrich@email.com');
INSERT INTO LOCATION (postcode, city, street, housenumber) values('58934', 'West Divina', 'Bogan Pass', '63');
INSERT INTO PHOTOS (user_id, photo) values('157', 'deflt.jpg');
INSERT INTO USERDATA (user_id, location_id, photo_id, first_name, last_name, gender, birthday) values('157', '157', '157', 'Janella', 'Dietrich', 'f', TO_DATE('1975-02-12', 'yyyy-mm-dd'));
INSERT INTO ENDUSER (username, password, email) values('harland.steuber', 'jLWOsU0cpw', 'harland.steuber@email.com');
INSERT INTO LOCATION (postcode, city, street, housenumber) values('29251-2969', 'New Trentchester', 'Homenick Islands', '4');
INSERT INTO PHOTOS (user_id, photo) values('158', 'deflt.jpg');
INSERT INTO USERDATA (user_id, location_id, photo_id, first_name, last_name, gender, birthday) values('158', '158', '158', 'Harland', 'Steuber', 'm', TO_DATE('1980-08-02', 'yyyy-mm-dd'));
INSERT INTO ENDUSER (username, password, email) values('lawerence.collins', 'nzmjCZsr01', 'lawerence.collins@email.com');
INSERT INTO LOCATION (postcode, city, street, housenumber) values('11112', 'West Malcomstad', 'Cary Mills', '36');
INSERT INTO PHOTOS (user_id, photo) values('159', 'deflt.jpg');
INSERT INTO USERDATA (user_id, location_id, photo_id, first_name, last_name, gender, birthday) values('159', '159', '159', 'Lawerence', 'Collins', 'f', TO_DATE('1969-10-26', 'yyyy-mm-dd'));
INSERT INTO ENDUSER (username, password, email) values('preston.hand', 'BzRT4IkS0c', 'preston.hand@email.com');
INSERT INTO LOCATION (postcode, city, street, housenumber) values('72825-6330', 'Volkmanshire', 'Bergstrom Lakes', '92');
INSERT INTO PHOTOS (user_id, photo) values('160', 'deflt.jpg');
INSERT INTO USERDATA (user_id, location_id, photo_id, first_name, last_name, gender, birthday) values('160', '160', '160', 'Preston', 'Hand', 'm', TO_DATE('1982-11-18', 'yyyy-mm-dd'));
INSERT INTO ENDUSER (username, password, email) values('perry.hodkiewicz', 'uirVZ56scw', 'perry.hodkiewicz@email.com');
INSERT INTO LOCATION (postcode, city, street, housenumber) values('79891', 'North Chas', 'Layne Bypass', '43');
INSERT INTO PHOTOS (user_id, photo) values('161', 'deflt.jpg');
INSERT INTO USERDATA (user_id, location_id, photo_id, first_name, last_name, gender, birthday) values('161', '161', '161', 'Perry', 'Hodkiewicz', 'm', TO_DATE('1974-01-18', 'yyyy-mm-dd'));
INSERT INTO ENDUSER (username, password, email) values('tammie.kunze', 'tPfUVbzTKQ', 'tammie.kunze@email.com');
INSERT INTO LOCATION (postcode, city, street, housenumber) values('38964', 'East Wilbertchester', 'Wilkinson Radial', '8');
INSERT INTO PHOTOS (user_id, photo) values('162', 'deflt.jpg');
INSERT INTO USERDATA (user_id, location_id, photo_id, first_name, last_name, gender, birthday) values('162', '162', '162', 'Tammie', 'Kunze', 'f', TO_DATE('1969-11-12', 'yyyy-mm-dd'));
INSERT INTO ENDUSER (username, password, email) values('carmina.conroy', 'x7OHPGAcR5', 'carmina.conroy@email.com');
INSERT INTO LOCATION (postcode, city, street, housenumber) values('63998-6497', 'Port Gennashire', 'Grady Underpass', '93');
INSERT INTO PHOTOS (user_id, photo) values('163', 'deflt.jpg');
INSERT INTO USERDATA (user_id, location_id, photo_id, first_name, last_name, gender, birthday) values('163', '163', '163', 'Carmina', 'Conroy', 'm', TO_DATE('1986-02-12', 'yyyy-mm-dd'));
INSERT INTO ENDUSER (username, password, email) values('jimmy.stracke', 'mB0lEFV6bf', 'jimmy.stracke@email.com');
INSERT INTO LOCATION (postcode, city, street, housenumber) values('55478', 'Ericburgh', 'Treva Turnpike', '6');
INSERT INTO PHOTOS (user_id, photo) values('164', 'deflt.jpg');
INSERT INTO USERDATA (user_id, location_id, photo_id, first_name, last_name, gender, birthday) values('164', '164', '164', 'Jimmy', 'Stracke', 'm', TO_DATE('1993-08-13', 'yyyy-mm-dd'));
INSERT INTO ENDUSER (username, password, email) values('vicenta.gaylord', 'SsMEiPuB1I', 'vicenta.gaylord@email.com');
INSERT INTO LOCATION (postcode, city, street, housenumber) values('63029-1233', 'New Zonashire', 'Kulas Via', '75');
INSERT INTO PHOTOS (user_id, photo) values('165', 'deflt.jpg');
INSERT INTO USERDATA (user_id, location_id, photo_id, first_name, last_name, gender, birthday) values('165', '165', '165', 'Vicenta', 'Gaylord', 'm', TO_DATE('1996-06-05', 'yyyy-mm-dd'));
INSERT INTO ENDUSER (username, password, email) values('kiersten.hauck', 'u17XTLadks', 'kiersten.hauck@email.com');
INSERT INTO LOCATION (postcode, city, street, housenumber) values('86264', 'Port Youngstad', 'Kala Station', '69');
INSERT INTO PHOTOS (user_id, photo) values('166', 'deflt.jpg');
INSERT INTO USERDATA (user_id, location_id, photo_id, first_name, last_name, gender, birthday) values('166', '166', '166', 'Kiersten', 'Hauck', 'm', TO_DATE('1989-12-23', 'yyyy-mm-dd'));
INSERT INTO ENDUSER (username, password, email) values('donovan.runte', '3Js4imdgOt', 'donovan.runte@email.com');
INSERT INTO LOCATION (postcode, city, street, housenumber) values('02590', 'Lake Cassandraland', 'Walsh Isle', '69');
INSERT INTO PHOTOS (user_id, photo) values('167', 'deflt.jpg');
INSERT INTO USERDATA (user_id, location_id, photo_id, first_name, last_name, gender, birthday) values('167', '167', '167', 'Donovan', 'Runte', 'f', TO_DATE('1958-01-29', 'yyyy-mm-dd'));
INSERT INTO ENDUSER (username, password, email) values('rodney.marvin', '0rw1qRaQkH', 'rodney.marvin@email.com');
INSERT INTO LOCATION (postcode, city, street, housenumber) values('42770-7115', 'Bednarfort', 'Willian Stravenue', '65');
INSERT INTO PHOTOS (user_id, photo) values('168', 'deflt.jpg');
INSERT INTO USERDATA (user_id, location_id, photo_id, first_name, last_name, gender, birthday) values('168', '168', '168', 'Rodney', 'Marvin', 'f', TO_DATE('2003-01-06', 'yyyy-mm-dd'));
INSERT INTO ENDUSER (username, password, email) values('donny.kunze', 'HsdNQiDYEu', 'donny.kunze@email.com');
INSERT INTO LOCATION (postcode, city, street, housenumber) values('53557', 'New Ricardoborough', 'Lockman Isle', '65');
INSERT INTO PHOTOS (user_id, photo) values('169', 'deflt.jpg');
INSERT INTO USERDATA (user_id, location_id, photo_id, first_name, last_name, gender, birthday) values('169', '169', '169', 'Donny', 'Kunze', 'm', TO_DATE('2003-10-07', 'yyyy-mm-dd'));
INSERT INTO ENDUSER (username, password, email) values('taylor.stoltenberg', 'xskU5SyZE1', 'taylor.stoltenberg@email.com');
INSERT INTO LOCATION (postcode, city, street, housenumber) values('93565-4393', 'Port Carmelo', 'Arla Brook', '79');
INSERT INTO PHOTOS (user_id, photo) values('170', 'deflt.jpg');
INSERT INTO USERDATA (user_id, location_id, photo_id, first_name, last_name, gender, birthday) values('170', '170', '170', 'Taylor', 'Stoltenberg', 'm', TO_DATE('1982-12-31', 'yyyy-mm-dd'));
INSERT INTO ENDUSER (username, password, email) values('frank.koepp', '2jbMHuerpw', 'frank.koepp@email.com');
INSERT INTO LOCATION (postcode, city, street, housenumber) values('39087-3134', 'South Kelliville', 'Migdalia Mews', '28');
INSERT INTO PHOTOS (user_id, photo) values('171', 'deflt.jpg');
INSERT INTO USERDATA (user_id, location_id, photo_id, first_name, last_name, gender, birthday) values('171', '171', '171', 'Frank', 'Koepp', 'm', TO_DATE('1975-04-07', 'yyyy-mm-dd'));
INSERT INTO ENDUSER (username, password, email) values('jewell.wunsch', 'TfFbLNOWKo', 'jewell.wunsch@email.com');
INSERT INTO LOCATION (postcode, city, street, housenumber) values('61460-9823', 'Malvinaland', 'Stehr Via', '60');
INSERT INTO PHOTOS (user_id, photo) values('172', 'deflt.jpg');
INSERT INTO USERDATA (user_id, location_id, photo_id, first_name, last_name, gender, birthday) values('172', '172', '172', 'Jewell', 'Wunsch', 'm', TO_DATE('1973-03-09', 'yyyy-mm-dd'));
INSERT INTO ENDUSER (username, password, email) values('willian.langosh', 'FWIPzerGQx', 'willian.langosh@email.com');
INSERT INTO LOCATION (postcode, city, street, housenumber) values('89599-4143', 'Port Arielview', 'Luigi Walk', '61');
INSERT INTO PHOTOS (user_id, photo) values('173', 'deflt.jpg');
INSERT INTO USERDATA (user_id, location_id, photo_id, first_name, last_name, gender, birthday) values('173', '173', '173', 'Willian', 'Langosh', 'm', TO_DATE('1990-12-18', 'yyyy-mm-dd'));
INSERT INTO ENDUSER (username, password, email) values('keena.hammes', 'Y3kJs6toa8', 'keena.hammes@email.com');
INSERT INTO LOCATION (postcode, city, street, housenumber) values('76678-0955', 'Genehaven', 'Klocko Overpass', '81');
INSERT INTO PHOTOS (user_id, photo) values('174', 'deflt.jpg');
INSERT INTO USERDATA (user_id, location_id, photo_id, first_name, last_name, gender, birthday) values('174', '174', '174', 'Keena', 'Hammes', 'm', TO_DATE('1963-03-26', 'yyyy-mm-dd'));
INSERT INTO ENDUSER (username, password, email) values('von.kertzmann', 'lA7bBYRs2a', 'von.kertzmann@email.com');
INSERT INTO LOCATION (postcode, city, street, housenumber) values('88367', 'D Amoreshire', 'Russel Expressway', '17');
INSERT INTO PHOTOS (user_id, photo) values('175', 'deflt.jpg');
INSERT INTO USERDATA (user_id, location_id, photo_id, first_name, last_name, gender, birthday) values('175', '175', '175', 'Von', 'Kertzmann', 'f', TO_DATE('1971-02-23', 'yyyy-mm-dd'));
INSERT INTO ENDUSER (username, password, email) values('claud.wisoky', 'Wx5c8VoEmi', 'claud.wisoky@email.com');
INSERT INTO LOCATION (postcode, city, street, housenumber) values('36816', 'North Ethelborough', 'Renner Gateway', '77');
INSERT INTO PHOTOS (user_id, photo) values('176', 'deflt.jpg');
INSERT INTO USERDATA (user_id, location_id, photo_id, first_name, last_name, gender, birthday) values('176', '176', '176', 'Claud', 'Wisoky', 'm', TO_DATE('1988-09-29', 'yyyy-mm-dd'));
INSERT INTO ENDUSER (username, password, email) values('foster.kassulke', '7QbBOyGZWj', 'foster.kassulke@email.com');
INSERT INTO LOCATION (postcode, city, street, housenumber) values('29781-0209', 'Lake Mackenzieview', 'Johnston Plaza', '48');
INSERT INTO PHOTOS (user_id, photo) values('177', 'deflt.jpg');
INSERT INTO USERDATA (user_id, location_id, photo_id, first_name, last_name, gender, birthday) values('177', '177', '177', 'Foster', 'Kassulke', 'm', TO_DATE('1962-12-24', 'yyyy-mm-dd'));
INSERT INTO ENDUSER (username, password, email) values('albert.lang', '0TWBNdQrSF', 'albert.lang@email.com');
INSERT INTO LOCATION (postcode, city, street, housenumber) values('41164-6181', 'Port Kingberg', 'Morris Glens', '47');
INSERT INTO PHOTOS (user_id, photo) values('178', 'deflt.jpg');
INSERT INTO USERDATA (user_id, location_id, photo_id, first_name, last_name, gender, birthday) values('178', '178', '178', 'Albert', 'Lang', 'm', TO_DATE('1995-08-14', 'yyyy-mm-dd'));
INSERT INTO ENDUSER (username, password, email) values('isaiah.runolfsdottir', 'xGEMNhvIjX', 'isaiah.runolfsdottir@email.com');
INSERT INTO LOCATION (postcode, city, street, housenumber) values('48576', 'Lake Missyville', 'Murray Gardens', '61');
INSERT INTO PHOTOS (user_id, photo) values('179', 'deflt.jpg');
INSERT INTO USERDATA (user_id, location_id, photo_id, first_name, last_name, gender, birthday) values('179', '179', '179', 'Isaiah', 'Runolfsdottir', 'm', TO_DATE('1993-01-12', 'yyyy-mm-dd'));
INSERT INTO ENDUSER (username, password, email) values('doyle.ritchie', 'AzNrqMGowm', 'doyle.ritchie@email.com');
INSERT INTO LOCATION (postcode, city, street, housenumber) values('96810-9954', 'West Lakenyaborough', 'Verdell Camp', '98');
INSERT INTO PHOTOS (user_id, photo) values('180', 'deflt.jpg');
INSERT INTO USERDATA (user_id, location_id, photo_id, first_name, last_name, gender, birthday) values('180', '180', '180', 'Doyle', 'Ritchie', 'm', TO_DATE('1960-03-13', 'yyyy-mm-dd'));
INSERT INTO ENDUSER (username, password, email) values('antione.williamson', 'BFNSXTCIQt', 'antione.williamson@email.com');
INSERT INTO LOCATION (postcode, city, street, housenumber) values('43752', 'Rutherfordmouth', 'Steven Stravenue', '6');
INSERT INTO PHOTOS (user_id, photo) values('181', 'deflt.jpg');
INSERT INTO USERDATA (user_id, location_id, photo_id, first_name, last_name, gender, birthday) values('181', '181', '181', 'Antione', 'Williamson', 'f', TO_DATE('1973-10-17', 'yyyy-mm-dd'));
INSERT INTO ENDUSER (username, password, email) values('adam.lindgren', 's59PlEHvb8', 'adam.lindgren@email.com');
INSERT INTO LOCATION (postcode, city, street, housenumber) values('79026', 'New Hilmamouth', 'Terry Cove', '79');
INSERT INTO PHOTOS (user_id, photo) values('182', 'deflt.jpg');
INSERT INTO USERDATA (user_id, location_id, photo_id, first_name, last_name, gender, birthday) values('182', '182', '182', 'Adam', 'Lindgren', 'm', TO_DATE('1973-12-15', 'yyyy-mm-dd'));
INSERT INTO ENDUSER (username, password, email) values('malcolm.kessler', 'YapTeHB02S', 'malcolm.kessler@email.com');
INSERT INTO LOCATION (postcode, city, street, housenumber) values('93263', 'O Connerville', 'Mohr Key', '30');
INSERT INTO PHOTOS (user_id, photo) values('183', 'deflt.jpg');
INSERT INTO USERDATA (user_id, location_id, photo_id, first_name, last_name, gender, birthday) values('183', '183', '183', 'Malcolm', 'Kessler', 'm', TO_DATE('1964-11-05', 'yyyy-mm-dd'));
INSERT INTO ENDUSER (username, password, email) values('paris.ledner', 'GgHh6UY4vd', 'paris.ledner@email.com');
INSERT INTO LOCATION (postcode, city, street, housenumber) values('89821', 'Julioville', 'Beer Tunnel', '13');
INSERT INTO PHOTOS (user_id, photo) values('184', 'deflt.jpg');
INSERT INTO USERDATA (user_id, location_id, photo_id, first_name, last_name, gender, birthday) values('184', '184', '184', 'Paris', 'Ledner', 'm', TO_DATE('1994-05-17', 'yyyy-mm-dd'));
INSERT INTO ENDUSER (username, password, email) values('prince.rice', 'pfjGAgtDxN', 'prince.rice@email.com');
INSERT INTO LOCATION (postcode, city, street, housenumber) values('76241', 'North Jeremy', 'Towne Mission', '73');
INSERT INTO PHOTOS (user_id, photo) values('185', 'deflt.jpg');
INSERT INTO USERDATA (user_id, location_id, photo_id, first_name, last_name, gender, birthday) values('185', '185', '185', 'Prince', 'Rice', 'f', TO_DATE('1996-07-07', 'yyyy-mm-dd'));
INSERT INTO ENDUSER (username, password, email) values('lindsay.barrows', 'aoDfOjKplR', 'lindsay.barrows@email.com');
INSERT INTO LOCATION (postcode, city, street, housenumber) values('17733-2763', 'Glovermouth', 'Boyer River', '19');
INSERT INTO PHOTOS (user_id, photo) values('186', 'deflt.jpg');
INSERT INTO USERDATA (user_id, location_id, photo_id, first_name, last_name, gender, birthday) values('186', '186', '186', 'Lindsay', 'Barrows', 'f', TO_DATE('1983-11-14', 'yyyy-mm-dd'));
INSERT INTO ENDUSER (username, password, email) values('zenobia.carroll', 'SX0dYC59Kf', 'zenobia.carroll@email.com');
INSERT INTO LOCATION (postcode, city, street, housenumber) values('47275-1117', 'New Lyndonport', 'McGlynn Run', '39');
INSERT INTO PHOTOS (user_id, photo) values('187', 'deflt.jpg');
INSERT INTO USERDATA (user_id, location_id, photo_id, first_name, last_name, gender, birthday) values('187', '187', '187', 'Zenobia', 'Carroll', 'm', TO_DATE('1985-05-01', 'yyyy-mm-dd'));
INSERT INTO ENDUSER (username, password, email) values('mindy.okeefe', 'PHMOQSw28g', 'mindy.okeefe@email.com');
INSERT INTO LOCATION (postcode, city, street, housenumber) values('34724', 'Port Kennethbury', 'Rath Mountain', '30');
INSERT INTO PHOTOS (user_id, photo) values('188', 'deflt.jpg');
INSERT INTO USERDATA (user_id, location_id, photo_id, first_name, last_name, gender, birthday) values('188', '188', '188', 'Mindy', 'O Keefe', 'm', TO_DATE('1977-06-05', 'yyyy-mm-dd'));
INSERT INTO ENDUSER (username, password, email) values('jerrod.ernser', '4cUoPIQ2Ny', 'jerrod.ernser@email.com');
INSERT INTO LOCATION (postcode, city, street, housenumber) values('14017-1170', 'Cruzhaven', 'Breitenberg Road', '73');
INSERT INTO PHOTOS (user_id, photo) values('189', 'deflt.jpg');
INSERT INTO USERDATA (user_id, location_id, photo_id, first_name, last_name, gender, birthday) values('189', '189', '189', 'Jerrod', 'Ernser', 'f', TO_DATE('1967-07-13', 'yyyy-mm-dd'));
INSERT INTO ENDUSER (username, password, email) values('ida.botsford', 'NQA0w9bnDa', 'ida.botsford@email.com');
INSERT INTO LOCATION (postcode, city, street, housenumber) values('11355', 'New Marissashire', 'Volkman Curve', '60');
INSERT INTO PHOTOS (user_id, photo) values('190', 'deflt.jpg');
INSERT INTO USERDATA (user_id, location_id, photo_id, first_name, last_name, gender, birthday) values('190', '190', '190', 'Ida', 'Botsford', 'm', TO_DATE('1969-03-04', 'yyyy-mm-dd'));
INSERT INTO ENDUSER (username, password, email) values('ariel.labadie', 'euVkNp29M7', 'ariel.labadie@email.com');
INSERT INTO LOCATION (postcode, city, street, housenumber) values('11598', 'Port Shelby', 'Mohr Parks', '54');
INSERT INTO PHOTOS (user_id, photo) values('191', 'deflt.jpg');
INSERT INTO USERDATA (user_id, location_id, photo_id, first_name, last_name, gender, birthday) values('191', '191', '191', 'Ariel', 'Labadie', 'f', TO_DATE('1970-05-01', 'yyyy-mm-dd'));
INSERT INTO ENDUSER (username, password, email) values('josue.kuphal', 'OJ0S4Ll3iY', 'josue.kuphal@email.com');
INSERT INTO LOCATION (postcode, city, street, housenumber) values('06155-5776', 'Larsonland', 'Gutkowski Fords', '61');
INSERT INTO PHOTOS (user_id, photo) values('192', 'deflt.jpg');
INSERT INTO USERDATA (user_id, location_id, photo_id, first_name, last_name, gender, birthday) values('192', '192', '192', 'Josue', 'Kuphal', 'f', TO_DATE('1973-09-18', 'yyyy-mm-dd'));
INSERT INTO ENDUSER (username, password, email) values('spring.grady', 'aEneRYhbMk', 'spring.grady@email.com');
INSERT INTO LOCATION (postcode, city, street, housenumber) values('45080-9014', 'Pricetown', 'Gottlieb Gardens', '42');
INSERT INTO PHOTOS (user_id, photo) values('193', 'deflt.jpg');
INSERT INTO USERDATA (user_id, location_id, photo_id, first_name, last_name, gender, birthday) values('193', '193', '193', 'Spring', 'Grady', 'm', TO_DATE('1997-03-10', 'yyyy-mm-dd'));
INSERT INTO ENDUSER (username, password, email) values('kennith.vandervort', 'FjbdTqI3Cr', 'kennith.vandervort@email.com');
INSERT INTO LOCATION (postcode, city, street, housenumber) values('96869', 'Antoniachester', 'Leannon Freeway', '29');
INSERT INTO PHOTOS (user_id, photo) values('194', 'deflt.jpg');
INSERT INTO USERDATA (user_id, location_id, photo_id, first_name, last_name, gender, birthday) values('194', '194', '194', 'Kennith', 'Vandervort', 'f', TO_DATE('1995-10-10', 'yyyy-mm-dd'));
INSERT INTO ENDUSER (username, password, email) values('casey.cummings', '8moLagE2Yn', 'casey.cummings@email.com');
INSERT INTO LOCATION (postcode, city, street, housenumber) values('14648-3295', 'Lake Juliannechester', 'Paucek Point', '44');
INSERT INTO PHOTOS (user_id, photo) values('195', 'deflt.jpg');
INSERT INTO USERDATA (user_id, location_id, photo_id, first_name, last_name, gender, birthday) values('195', '195', '195', 'Casey', 'Cummings', 'm', TO_DATE('1982-04-28', 'yyyy-mm-dd'));
INSERT INTO ENDUSER (username, password, email) values('kendall.metz', 'ob0xJMvLfZ', 'kendall.metz@email.com');
INSERT INTO LOCATION (postcode, city, street, housenumber) values('24613', 'New Seasonside', 'Wilkinson Manors', '24');
INSERT INTO PHOTOS (user_id, photo) values('196', 'deflt.jpg');
INSERT INTO USERDATA (user_id, location_id, photo_id, first_name, last_name, gender, birthday) values('196', '196', '196', 'Kendall', 'Metz', 'm', TO_DATE('1969-03-03', 'yyyy-mm-dd'));
INSERT INTO ENDUSER (username, password, email) values('alfonso.zboncak', '6l5ONR91tV', 'alfonso.zboncak@email.com');
INSERT INTO LOCATION (postcode, city, street, housenumber) values('27577', 'Amaliafurt', 'O Hara Coves', '72');
INSERT INTO PHOTOS (user_id, photo) values('197', 'deflt.jpg');
INSERT INTO USERDATA (user_id, location_id, photo_id, first_name, last_name, gender, birthday) values('197', '197', '197', 'Alfonso', 'Zboncak', 'm', TO_DATE('2003-03-27', 'yyyy-mm-dd'));
INSERT INTO ENDUSER (username, password, email) values('lavera.bogisich', 'Kb42nUauNw', 'lavera.bogisich@email.com');
INSERT INTO LOCATION (postcode, city, street, housenumber) values('29425-6574', 'Rollandland', 'Jarvis Gardens', '46');
INSERT INTO PHOTOS (user_id, photo) values('198', 'deflt.jpg');
INSERT INTO USERDATA (user_id, location_id, photo_id, first_name, last_name, gender, birthday) values('198', '198', '198', 'Lavera', 'Bogisich', 'm', TO_DATE('1989-08-31', 'yyyy-mm-dd'));
INSERT INTO ENDUSER (username, password, email) values('vaughn.donnelly', '4GaXACi0re', 'vaughn.donnelly@email.com');
INSERT INTO LOCATION (postcode, city, street, housenumber) values('22105', 'West Arianna', 'Kelvin Extension', '97');
INSERT INTO PHOTOS (user_id, photo) values('199', 'deflt.jpg');
INSERT INTO USERDATA (user_id, location_id, photo_id, first_name, last_name, gender, birthday) values('199', '199', '199', 'Vaughn', 'Donnelly', 'm', TO_DATE('1985-10-10', 'yyyy-mm-dd'));
INSERT INTO ENDUSER (username, password, email) values('willy.marvin', 'P0fOAr1icY', 'willy.marvin@email.com');
INSERT INTO LOCATION (postcode, city, street, housenumber) values('59309', 'Gorczanybury', 'Hermiston Way', '45');
INSERT INTO PHOTOS (user_id, photo) values('200', 'deflt.jpg');
INSERT INTO USERDATA (user_id, location_id, photo_id, first_name, last_name, gender, birthday) values('200', '200', '200', 'Willy', 'Marvin', 'm', TO_DATE('2003-08-29', 'yyyy-mm-dd'));
INSERT INTO ENDUSER (username, password, email) values('eusebio.friesen', 'WmdAxCtYcn', 'eusebio.friesen@email.com');
INSERT INTO LOCATION (postcode, city, street, housenumber) values('74240', 'South Haywoodside', 'Dale Branch', '57');
INSERT INTO PHOTOS (user_id, photo) values('201', 'deflt.jpg');
INSERT INTO USERDATA (user_id, location_id, photo_id, first_name, last_name, gender, birthday) values('201', '201', '201', 'Eusebio', 'Friesen', 'f', TO_DATE('1984-05-16', 'yyyy-mm-dd'));
INSERT INTO ENDUSER (username, password, email) values('roseann.ohara', 'qf8IcQ12dC', 'roseann.ohara@email.com');
INSERT INTO LOCATION (postcode, city, street, housenumber) values('64205', 'North Felicia', 'Tromp Gateway', '19');
INSERT INTO PHOTOS (user_id, photo) values('202', 'deflt.jpg');
INSERT INTO USERDATA (user_id, location_id, photo_id, first_name, last_name, gender, birthday) values('202', '202', '202', 'Roseann', 'O Hara', 'm', TO_DATE('1980-04-26', 'yyyy-mm-dd'));
INSERT INTO ENDUSER (username, password, email) values('willia.herzog', 'w5qbSKuRsd', 'willia.herzog@email.com');
INSERT INTO LOCATION (postcode, city, street, housenumber) values('74332', 'Lake Zack', 'Pouros Harbor', '10');
INSERT INTO PHOTOS (user_id, photo) values('203', 'deflt.jpg');
INSERT INTO USERDATA (user_id, location_id, photo_id, first_name, last_name, gender, birthday) values('203', '203', '203', 'Willia', 'Herzog', 'm', TO_DATE('2003-04-14', 'yyyy-mm-dd'));
INSERT INTO ENDUSER (username, password, email) values('darnell.hyatt', 'vIC5i1fFSh', 'darnell.hyatt@email.com');
INSERT INTO LOCATION (postcode, city, street, housenumber) values('51088', 'North Ruebenfort', 'Hoppe Cliffs', '84');
INSERT INTO PHOTOS (user_id, photo) values('204', 'deflt.jpg');
INSERT INTO USERDATA (user_id, location_id, photo_id, first_name, last_name, gender, birthday) values('204', '204', '204', 'Darnell', 'Hyatt', 'f', TO_DATE('1971-05-29', 'yyyy-mm-dd'));
INSERT INTO ENDUSER (username, password, email) values('desiree.schamberger', 'Z5Ym9Oj1ev', 'desiree.schamberger@email.com');
INSERT INTO LOCATION (postcode, city, street, housenumber) values('72269-3508', 'South Justin', 'Gottlieb Court', '33');
INSERT INTO PHOTOS (user_id, photo) values('205', 'deflt.jpg');
INSERT INTO USERDATA (user_id, location_id, photo_id, first_name, last_name, gender, birthday) values('205', '205', '205', 'Desiree', 'Schamberger', 'f', TO_DATE('1967-08-13', 'yyyy-mm-dd'));
INSERT INTO ENDUSER (username, password, email) values('cesar.hyatt', 'vCS7wXxEmz', 'cesar.hyatt@email.com');
INSERT INTO LOCATION (postcode, city, street, housenumber) values('18325', 'Gilbertside', 'Walker Courts', '54');
INSERT INTO PHOTOS (user_id, photo) values('206', 'deflt.jpg');
INSERT INTO USERDATA (user_id, location_id, photo_id, first_name, last_name, gender, birthday) values('206', '206', '206', 'Cesar', 'Hyatt', 'm', TO_DATE('2000-04-22', 'yyyy-mm-dd'));
INSERT INTO ENDUSER (username, password, email) values('isaac.langworth', 'Tzx3O49V7P', 'isaac.langworth@email.com');
INSERT INTO LOCATION (postcode, city, street, housenumber) values('97046', 'Schaeferborough', 'Green Parkway', '79');
INSERT INTO PHOTOS (user_id, photo) values('207', 'deflt.jpg');
INSERT INTO USERDATA (user_id, location_id, photo_id, first_name, last_name, gender, birthday) values('207', '207', '207', 'Isaac', 'Langworth', 'm', TO_DATE('1977-07-06', 'yyyy-mm-dd'));
INSERT INTO ENDUSER (username, password, email) values('janette.parker', 'xeVYzWnL6R', 'janette.parker@email.com');
INSERT INTO LOCATION (postcode, city, street, housenumber) values('08736', 'Mohrfurt', 'Tanna Park', '74');
INSERT INTO PHOTOS (user_id, photo) values('208', 'deflt.jpg');
INSERT INTO USERDATA (user_id, location_id, photo_id, first_name, last_name, gender, birthday) values('208', '208', '208', 'Janette', 'Parker', 'm', TO_DATE('2002-07-25', 'yyyy-mm-dd'));
INSERT INTO ENDUSER (username, password, email) values('thaddeus.bashirian', 'kTxUy4KgAV', 'thaddeus.bashirian@email.com');
INSERT INTO LOCATION (postcode, city, street, housenumber) values('15383-6783', 'Glennhaven', 'Rolanda Squares', '41');
INSERT INTO PHOTOS (user_id, photo) values('209', 'deflt.jpg');
INSERT INTO USERDATA (user_id, location_id, photo_id, first_name, last_name, gender, birthday) values('209', '209', '209', 'Thaddeus', 'Bashirian', 'm', TO_DATE('2000-12-27', 'yyyy-mm-dd'));
INSERT INTO ENDUSER (username, password, email) values('edda.lynch', 'NaM5zWZpDx', 'edda.lynch@email.com');
INSERT INTO LOCATION (postcode, city, street, housenumber) values('97619', 'South Max', 'Schaden Valley', '3');
INSERT INTO PHOTOS (user_id, photo) values('210', 'deflt.jpg');
INSERT INTO USERDATA (user_id, location_id, photo_id, first_name, last_name, gender, birthday) values('210', '210', '210', 'Edda', 'Lynch', 'm', TO_DATE('1998-03-27', 'yyyy-mm-dd'));
INSERT INTO ENDUSER (username, password, email) values('lyle.sauer', 'i7oWt8bmNj', 'lyle.sauer@email.com');
INSERT INTO LOCATION (postcode, city, street, housenumber) values('88558-3399', 'South Zoe', 'Carissa Forge', '43');
INSERT INTO PHOTOS (user_id, photo) values('211', 'deflt.jpg');
INSERT INTO USERDATA (user_id, location_id, photo_id, first_name, last_name, gender, birthday) values('211', '211', '211', 'Lyle', 'Sauer', 'f', TO_DATE('1982-04-18', 'yyyy-mm-dd'));
INSERT INTO ENDUSER (username, password, email) values('tyler.jakubowski', 'jlrmUyJi5P', 'tyler.jakubowski@email.com');
INSERT INTO LOCATION (postcode, city, street, housenumber) values('36554-9894', 'Ritchieburgh', 'Christian River', '56');
INSERT INTO PHOTOS (user_id, photo) values('212', 'deflt.jpg');
INSERT INTO USERDATA (user_id, location_id, photo_id, first_name, last_name, gender, birthday) values('212', '212', '212', 'Tyler', 'Jakubowski', 'm', TO_DATE('1959-03-22', 'yyyy-mm-dd'));
INSERT INTO ENDUSER (username, password, email) values('hiram.farrell', 'Rc8MNHeJ3x', 'hiram.farrell@email.com');
INSERT INTO LOCATION (postcode, city, street, housenumber) values('81089', 'Bergeville', 'Haley Forest', '76');
INSERT INTO PHOTOS (user_id, photo) values('213', 'deflt.jpg');
INSERT INTO USERDATA (user_id, location_id, photo_id, first_name, last_name, gender, birthday) values('213', '213', '213', 'Hiram', 'Farrell', 'm', TO_DATE('1989-04-29', 'yyyy-mm-dd'));
INSERT INTO ENDUSER (username, password, email) values('jonna.weber', 'uYXvFoMslI', 'jonna.weber@email.com');
INSERT INTO LOCATION (postcode, city, street, housenumber) values('63410-8374', 'Parkerfort', 'Dimple Circles', '61');
INSERT INTO PHOTOS (user_id, photo) values('214', 'deflt.jpg');
INSERT INTO USERDATA (user_id, location_id, photo_id, first_name, last_name, gender, birthday) values('214', '214', '214', 'Jonna', 'Weber', 'm', TO_DATE('1972-01-02', 'yyyy-mm-dd'));
INSERT INTO ENDUSER (username, password, email) values('jacques.smitham', 'ges7OmRv98', 'jacques.smitham@email.com');
INSERT INTO LOCATION (postcode, city, street, housenumber) values('60628', 'Donnfort', 'Will Unions', '100');
INSERT INTO PHOTOS (user_id, photo) values('215', 'deflt.jpg');
INSERT INTO USERDATA (user_id, location_id, photo_id, first_name, last_name, gender, birthday) values('215', '215', '215', 'Jacques', 'Smitham', 'm', TO_DATE('2003-07-09', 'yyyy-mm-dd'));
INSERT INTO ENDUSER (username, password, email) values('hallie.beatty', 'xiaAoD1rZn', 'hallie.beatty@email.com');
INSERT INTO LOCATION (postcode, city, street, housenumber) values('93991-7402', 'Schinnerville', 'Nitzsche Mount', '48');
INSERT INTO PHOTOS (user_id, photo) values('216', 'deflt.jpg');
INSERT INTO USERDATA (user_id, location_id, photo_id, first_name, last_name, gender, birthday) values('216', '216', '216', 'Hallie', 'Beatty', 'm', TO_DATE('1991-04-18', 'yyyy-mm-dd'));
INSERT INTO ENDUSER (username, password, email) values('eboni.towne', 'K2DSuq157v', 'eboni.towne@email.com');
INSERT INTO LOCATION (postcode, city, street, housenumber) values('47800', 'Jefferyhaven', 'Reinger Vista', '45');
INSERT INTO PHOTOS (user_id, photo) values('217', 'deflt.jpg');
INSERT INTO USERDATA (user_id, location_id, photo_id, first_name, last_name, gender, birthday) values('217', '217', '217', 'Eboni', 'Towne', 'm', TO_DATE('1985-05-15', 'yyyy-mm-dd'));
INSERT INTO ENDUSER (username, password, email) values('claud.klocko', 'MuqGh0irAy', 'claud.klocko@email.com');
INSERT INTO LOCATION (postcode, city, street, housenumber) values('21616', 'North Tameka', 'Cecilia Turnpike', '72');
INSERT INTO PHOTOS (user_id, photo) values('218', 'deflt.jpg');
INSERT INTO USERDATA (user_id, location_id, photo_id, first_name, last_name, gender, birthday) values('218', '218', '218', 'Claud', 'Klocko', 'm', TO_DATE('1975-11-10', 'yyyy-mm-dd'));
INSERT INTO ENDUSER (username, password, email) values('brianna.ritchie', 'Vk7Tb5IflG', 'brianna.ritchie@email.com');
INSERT INTO LOCATION (postcode, city, street, housenumber) values('39514-2472', 'Goldnerfurt', 'Bosco Path', '17');
INSERT INTO PHOTOS (user_id, photo) values('219', 'deflt.jpg');
INSERT INTO USERDATA (user_id, location_id, photo_id, first_name, last_name, gender, birthday) values('219', '219', '219', 'Brianna', 'Ritchie', 'm', TO_DATE('1974-11-05', 'yyyy-mm-dd'));
INSERT INTO ENDUSER (username, password, email) values('johnsie.yost', 'Y7mIgrH3iZ', 'johnsie.yost@email.com');
INSERT INTO LOCATION (postcode, city, street, housenumber) values('56006', 'Ashleyborough', 'Melanie Lodge', '71');
INSERT INTO PHOTOS (user_id, photo) values('220', 'deflt.jpg');
INSERT INTO USERDATA (user_id, location_id, photo_id, first_name, last_name, gender, birthday) values('220', '220', '220', 'Johnsie', 'Yost', 'f', TO_DATE('1958-08-21', 'yyyy-mm-dd'));
INSERT INTO ENDUSER (username, password, email) values('demetrius.bosco', 'zL1D4IktoA', 'demetrius.bosco@email.com');
INSERT INTO LOCATION (postcode, city, street, housenumber) values('08723-8809', 'New Angelikaside', 'Michal Turnpike', '51');
INSERT INTO PHOTOS (user_id, photo) values('221', 'deflt.jpg');
INSERT INTO USERDATA (user_id, location_id, photo_id, first_name, last_name, gender, birthday) values('221', '221', '221', 'Demetrius', 'Bosco', 'm', TO_DATE('1958-11-27', 'yyyy-mm-dd'));
INSERT INTO ENDUSER (username, password, email) values('claudie.schultz', '8I4YzMWjLh', 'claudie.schultz@email.com');
INSERT INTO LOCATION (postcode, city, street, housenumber) values('13575', 'Carrolchester', 'Diego Squares', '10');
INSERT INTO PHOTOS (user_id, photo) values('222', 'deflt.jpg');
INSERT INTO USERDATA (user_id, location_id, photo_id, first_name, last_name, gender, birthday) values('222', '222', '222', 'Claudie', 'Schultz', 'f', TO_DATE('1992-06-19', 'yyyy-mm-dd'));
INSERT INTO ENDUSER (username, password, email) values('orlando.bartoletti', 'sZpYdDXf2w', 'orlando.bartoletti@email.com');
INSERT INTO LOCATION (postcode, city, street, housenumber) values('70418-2786', 'East Vitoshire', 'Glover Estates', '41');
INSERT INTO PHOTOS (user_id, photo) values('223', 'deflt.jpg');
INSERT INTO USERDATA (user_id, location_id, photo_id, first_name, last_name, gender, birthday) values('223', '223', '223', 'Orlando', 'Bartoletti', 'm', TO_DATE('1966-08-30', 'yyyy-mm-dd'));
INSERT INTO ENDUSER (username, password, email) values('kenda.corwin', 'ZJvctGKf7d', 'kenda.corwin@email.com');
INSERT INTO LOCATION (postcode, city, street, housenumber) values('01835-6533', 'South Dorianbury', 'Lesley Summit', '89');
INSERT INTO PHOTOS (user_id, photo) values('224', 'deflt.jpg');
INSERT INTO USERDATA (user_id, location_id, photo_id, first_name, last_name, gender, birthday) values('224', '224', '224', 'Kenda', 'Corwin', 'm', TO_DATE('2001-08-31', 'yyyy-mm-dd'));
INSERT INTO ENDUSER (username, password, email) values('bennie.heaney', 'OEe5Vdnys6', 'bennie.heaney@email.com');
INSERT INTO LOCATION (postcode, city, street, housenumber) values('91777', 'Shizukoburgh', 'Glover Well', '56');
INSERT INTO PHOTOS (user_id, photo) values('225', 'deflt.jpg');
INSERT INTO USERDATA (user_id, location_id, photo_id, first_name, last_name, gender, birthday) values('225', '225', '225', 'Bennie', 'Heaney', 'f', TO_DATE('1998-10-29', 'yyyy-mm-dd'));
INSERT INTO ENDUSER (username, password, email) values('leila.skiles', '7MF1Yru8Tt', 'leila.skiles@email.com');
INSERT INTO LOCATION (postcode, city, street, housenumber) values('40493-5594', 'McDermottbury', 'Schultz Fields', '59');
INSERT INTO PHOTOS (user_id, photo) values('226', 'deflt.jpg');
INSERT INTO USERDATA (user_id, location_id, photo_id, first_name, last_name, gender, birthday) values('226', '226', '226', 'Leila', 'Skiles', 'f', TO_DATE('1997-11-29', 'yyyy-mm-dd'));
INSERT INTO ENDUSER (username, password, email) values('aubrey.altenwerth', 'QpkS57io2u', 'aubrey.altenwerth@email.com');
INSERT INTO LOCATION (postcode, city, street, housenumber) values('35554', 'New Cristobalberg', 'Larry Way', '27');
INSERT INTO PHOTOS (user_id, photo) values('227', 'deflt.jpg');
INSERT INTO USERDATA (user_id, location_id, photo_id, first_name, last_name, gender, birthday) values('227', '227', '227', 'Aubrey', 'Altenwerth', 'm', TO_DATE('1997-03-28', 'yyyy-mm-dd'));
INSERT INTO ENDUSER (username, password, email) values('michal.casper', '4VOfGZ1D0X', 'michal.casper@email.com');
INSERT INTO LOCATION (postcode, city, street, housenumber) values('91824-9243', 'Port Lashanda', 'Baumbach Road', '63');
INSERT INTO PHOTOS (user_id, photo) values('228', 'deflt.jpg');
INSERT INTO USERDATA (user_id, location_id, photo_id, first_name, last_name, gender, birthday) values('228', '228', '228', 'Michal', 'Casper', 'm', TO_DATE('1964-05-15', 'yyyy-mm-dd'));
INSERT INTO ENDUSER (username, password, email) values('jovan.rohan', '1K8XtNUEgk', 'jovan.rohan@email.com');
INSERT INTO LOCATION (postcode, city, street, housenumber) values('32858', 'Osinskimouth', 'Metz Terrace', '9');
INSERT INTO PHOTOS (user_id, photo) values('229', 'deflt.jpg');
INSERT INTO USERDATA (user_id, location_id, photo_id, first_name, last_name, gender, birthday) values('229', '229', '229', 'Jovan', 'Rohan', 'f', TO_DATE('1985-02-23', 'yyyy-mm-dd'));
INSERT INTO ENDUSER (username, password, email) values('andreas.jacobi', 'xlbFBqTEk1', 'andreas.jacobi@email.com');
INSERT INTO LOCATION (postcode, city, street, housenumber) values('52462', 'New Eldridgestad', 'Miller Terrace', '87');
INSERT INTO PHOTOS (user_id, photo) values('230', 'deflt.jpg');
INSERT INTO USERDATA (user_id, location_id, photo_id, first_name, last_name, gender, birthday) values('230', '230', '230', 'Andreas', 'Jacobi', 'm', TO_DATE('1984-06-23', 'yyyy-mm-dd'));
INSERT INTO ENDUSER (username, password, email) values('kirstie.raynor', 'tpReLoJfyM', 'kirstie.raynor@email.com');
INSERT INTO LOCATION (postcode, city, street, housenumber) values('47753-4897', 'Crooksfort', 'Smith Fall', '31');
INSERT INTO PHOTOS (user_id, photo) values('231', 'deflt.jpg');
INSERT INTO USERDATA (user_id, location_id, photo_id, first_name, last_name, gender, birthday) values('231', '231', '231', 'Kirstie', 'Raynor', 'f', TO_DATE('1977-01-01', 'yyyy-mm-dd'));
INSERT INTO ENDUSER (username, password, email) values('owen.dooley', 'oiI1lD3PmE', 'owen.dooley@email.com');
INSERT INTO LOCATION (postcode, city, street, housenumber) values('10378-5871', 'South Lucy', 'Tobias Trail', '40');
INSERT INTO PHOTOS (user_id, photo) values('232', 'deflt.jpg');
INSERT INTO USERDATA (user_id, location_id, photo_id, first_name, last_name, gender, birthday) values('232', '232', '232', 'Owen', 'Dooley', 'f', TO_DATE('1960-04-12', 'yyyy-mm-dd'));
INSERT INTO ENDUSER (username, password, email) values('garrett.rath', '4JMNqQFW51', 'garrett.rath@email.com');
INSERT INTO LOCATION (postcode, city, street, housenumber) values('47697-3021', 'Rossanabury', 'Vicki Land', '96');
INSERT INTO PHOTOS (user_id, photo) values('233', 'deflt.jpg');
INSERT INTO USERDATA (user_id, location_id, photo_id, first_name, last_name, gender, birthday) values('233', '233', '233', 'Garrett', 'Rath', 'f', TO_DATE('1992-02-16', 'yyyy-mm-dd'));
INSERT INTO ENDUSER (username, password, email) values('stephani.goodwin', 'W5yvBF6ziL', 'stephani.goodwin@email.com');
INSERT INTO LOCATION (postcode, city, street, housenumber) values('77893-2246', 'Brooksland', 'Anitra Isle', '85');
INSERT INTO PHOTOS (user_id, photo) values('234', 'deflt.jpg');
INSERT INTO USERDATA (user_id, location_id, photo_id, first_name, last_name, gender, birthday) values('234', '234', '234', 'Stephani', 'Goodwin', 'm', TO_DATE('2002-10-22', 'yyyy-mm-dd'));
INSERT INTO ENDUSER (username, password, email) values('lance.reinger', 'shgMqmlrkf', 'lance.reinger@email.com');
INSERT INTO LOCATION (postcode, city, street, housenumber) values('41581-8291', 'Lake Melindatown', 'Predovic Cape', '96');
INSERT INTO PHOTOS (user_id, photo) values('235', 'deflt.jpg');
INSERT INTO USERDATA (user_id, location_id, photo_id, first_name, last_name, gender, birthday) values('235', '235', '235', 'Lance', 'Reinger', 'f', TO_DATE('2003-09-01', 'yyyy-mm-dd'));
INSERT INTO ENDUSER (username, password, email) values('jack.jerde', 'P46WhOSBbl', 'jack.jerde@email.com');
INSERT INTO LOCATION (postcode, city, street, housenumber) values('28972', 'Lynnaport', 'McKenzie Junction', '1');
INSERT INTO PHOTOS (user_id, photo) values('236', 'deflt.jpg');
INSERT INTO USERDATA (user_id, location_id, photo_id, first_name, last_name, gender, birthday) values('236', '236', '236', 'Jack', 'Jerde', 'f', TO_DATE('1992-11-10', 'yyyy-mm-dd'));
INSERT INTO ENDUSER (username, password, email) values('alena.renner', '0vPYXIb43F', 'alena.renner@email.com');
INSERT INTO LOCATION (postcode, city, street, housenumber) values('00291', 'West Serenashire', 'Toney Shoals', '52');
INSERT INTO PHOTOS (user_id, photo) values('237', 'deflt.jpg');
INSERT INTO USERDATA (user_id, location_id, photo_id, first_name, last_name, gender, birthday) values('237', '237', '237', 'Alena', 'Renner', 'm', TO_DATE('1961-08-09', 'yyyy-mm-dd'));
INSERT INTO ENDUSER (username, password, email) values('clyde.koepp', '1Qq8KahiYm', 'clyde.koepp@email.com');
INSERT INTO LOCATION (postcode, city, street, housenumber) values('11322-7967', 'New Ladonna', 'Boyd Mountains', '52');
INSERT INTO PHOTOS (user_id, photo) values('238', 'deflt.jpg');
INSERT INTO USERDATA (user_id, location_id, photo_id, first_name, last_name, gender, birthday) values('238', '238', '238', 'Clyde', 'Koepp', 'm', TO_DATE('1966-05-15', 'yyyy-mm-dd'));
INSERT INTO ENDUSER (username, password, email) values('shelly.kris', 'JK8kYTd9RO', 'shelly.kris@email.com');
INSERT INTO LOCATION (postcode, city, street, housenumber) values('80555-4877', 'North Danutaland', 'Mikaela Divide', '22');
INSERT INTO PHOTOS (user_id, photo) values('239', 'deflt.jpg');
INSERT INTO USERDATA (user_id, location_id, photo_id, first_name, last_name, gender, birthday) values('239', '239', '239', 'Shelly', 'Kris', 'f', TO_DATE('1963-08-22', 'yyyy-mm-dd'));
INSERT INTO ENDUSER (username, password, email) values('tona.mclaughlin', 'swKMV0cZNE', 'tona.mclaughlin@email.com');
INSERT INTO LOCATION (postcode, city, street, housenumber) values('92149', 'Lake Rigobertofort', 'Ortiz Track', '70');
INSERT INTO PHOTOS (user_id, photo) values('240', 'deflt.jpg');
INSERT INTO USERDATA (user_id, location_id, photo_id, first_name, last_name, gender, birthday) values('240', '240', '240', 'Tona', 'McLaughlin', 'm', TO_DATE('1970-07-25', 'yyyy-mm-dd'));
INSERT INTO ENDUSER (username, password, email) values('will.heidenreich', 'z3WhqZ4j7J', 'will.heidenreich@email.com');
INSERT INTO LOCATION (postcode, city, street, housenumber) values('49080', 'Hettingerton', 'Lisabeth Parks', '30');
INSERT INTO PHOTOS (user_id, photo) values('241', 'deflt.jpg');
INSERT INTO USERDATA (user_id, location_id, photo_id, first_name, last_name, gender, birthday) values('241', '241', '241', 'Will', 'Heidenreich', 'm', TO_DATE('1967-09-02', 'yyyy-mm-dd'));
INSERT INTO ENDUSER (username, password, email) values('jacqueline.schumm', 'zBNHbQiX7c', 'jacqueline.schumm@email.com');
INSERT INTO LOCATION (postcode, city, street, housenumber) values('90776', 'Gaylordtown', 'Keely Course', '57');
INSERT INTO PHOTOS (user_id, photo) values('242', 'deflt.jpg');
INSERT INTO USERDATA (user_id, location_id, photo_id, first_name, last_name, gender, birthday) values('242', '242', '242', 'Jacqueline', 'Schumm', 'm', TO_DATE('1987-04-09', 'yyyy-mm-dd'));
INSERT INTO ENDUSER (username, password, email) values('nolan.parker', 'U7CsVzJuMx', 'nolan.parker@email.com');
INSERT INTO LOCATION (postcode, city, street, housenumber) values('12603', 'Maragretchester', 'Ankunding Estates', '67');
INSERT INTO PHOTOS (user_id, photo) values('243', 'deflt.jpg');
INSERT INTO USERDATA (user_id, location_id, photo_id, first_name, last_name, gender, birthday) values('243', '243', '243', 'Nolan', 'Parker', 'm', TO_DATE('1987-12-01', 'yyyy-mm-dd'));
INSERT INTO ENDUSER (username, password, email) values('gwenda.spencer', 'FaiwN568IW', 'gwenda.spencer@email.com');
INSERT INTO LOCATION (postcode, city, street, housenumber) values('24123-9523', 'East Madison', 'Graham Stream', '46');
INSERT INTO PHOTOS (user_id, photo) values('244', 'deflt.jpg');
INSERT INTO USERDATA (user_id, location_id, photo_id, first_name, last_name, gender, birthday) values('244', '244', '244', 'Gwenda', 'Spencer', 'm', TO_DATE('1987-08-23', 'yyyy-mm-dd'));
INSERT INTO ENDUSER (username, password, email) values('lilia.blanda', 'BhRitf9exK', 'lilia.blanda@email.com');
INSERT INTO LOCATION (postcode, city, street, housenumber) values('98138-1194', 'North Sierrafort', 'Bobby Islands', '60');
INSERT INTO PHOTOS (user_id, photo) values('245', 'deflt.jpg');
INSERT INTO USERDATA (user_id, location_id, photo_id, first_name, last_name, gender, birthday) values('245', '245', '245', 'Lilia', 'Blanda', 'f', TO_DATE('1967-09-09', 'yyyy-mm-dd'));
INSERT INTO ENDUSER (username, password, email) values('kenneth.stehr', 'XWsDJPtF6R', 'kenneth.stehr@email.com');
INSERT INTO LOCATION (postcode, city, street, housenumber) values('34948-7325', 'Port Wanita', 'Ardis Keys', '52');
INSERT INTO PHOTOS (user_id, photo) values('246', 'deflt.jpg');
INSERT INTO USERDATA (user_id, location_id, photo_id, first_name, last_name, gender, birthday) values('246', '246', '246', 'Kenneth', 'Stehr', 'm', TO_DATE('1979-12-24', 'yyyy-mm-dd'));
INSERT INTO ENDUSER (username, password, email) values('kevin.fay', 'FJGWtBhmzI', 'kevin.fay@email.com');
INSERT INTO LOCATION (postcode, city, street, housenumber) values('95590-3569', 'Mitchelltown', 'Gilma Skyway', '66');
INSERT INTO PHOTOS (user_id, photo) values('247', 'deflt.jpg');
INSERT INTO USERDATA (user_id, location_id, photo_id, first_name, last_name, gender, birthday) values('247', '247', '247', 'Kevin', 'Fay', 'f', TO_DATE('1982-03-28', 'yyyy-mm-dd'));
INSERT INTO ENDUSER (username, password, email) values('cletus.funk', 'DWszfa7muN', 'cletus.funk@email.com');
INSERT INTO LOCATION (postcode, city, street, housenumber) values('05736', 'West Randellview', 'Patrick Stream', '31');
INSERT INTO PHOTOS (user_id, photo) values('248', 'deflt.jpg');
INSERT INTO USERDATA (user_id, location_id, photo_id, first_name, last_name, gender, birthday) values('248', '248', '248', 'Cletus', 'Funk', 'm', TO_DATE('1957-11-06', 'yyyy-mm-dd'));
INSERT INTO ENDUSER (username, password, email) values('rogelio.howe', 'gbQNaOX2Rj', 'rogelio.howe@email.com');
INSERT INTO LOCATION (postcode, city, street, housenumber) values('86499-9537', 'New Aurorehaven', 'Coy Creek', '52');
INSERT INTO PHOTOS (user_id, photo) values('249', 'deflt.jpg');
INSERT INTO USERDATA (user_id, location_id, photo_id, first_name, last_name, gender, birthday) values('249', '249', '249', 'Rogelio', 'Howe', 'f', TO_DATE('1980-12-07', 'yyyy-mm-dd'));
INSERT INTO ENDUSER (username, password, email) values('deanne.king', 'WRxPw3KyjL', 'deanne.king@email.com');
INSERT INTO LOCATION (postcode, city, street, housenumber) values('71572-2408', 'East Frankberg', 'Keenan Mills', '28');
INSERT INTO PHOTOS (user_id, photo) values('250', 'deflt.jpg');
INSERT INTO USERDATA (user_id, location_id, photo_id, first_name, last_name, gender, birthday) values('250', '250', '250', 'Deanne', 'King', 'm', TO_DATE('2003-02-16', 'yyyy-mm-dd'));
INSERT INTO ENDUSER (username, password, email) values('roderick.johnson', 'Tk3MSK4EFA', 'roderick.johnson@email.com');
INSERT INTO LOCATION (postcode, city, street, housenumber) values('05038', 'South Dia', 'Margo Circles', '61');
INSERT INTO PHOTOS (user_id, photo) values('251', 'deflt.jpg');
INSERT INTO USERDATA (user_id, location_id, photo_id, first_name, last_name, gender, birthday) values('251', '251', '251', 'Roderick', 'Johnson', 'f', TO_DATE('1958-10-08', 'yyyy-mm-dd'));
INSERT INTO ENDUSER (username, password, email) values('librada.dietrich', '6tuZyde83S', 'librada.dietrich@email.com');
INSERT INTO LOCATION (postcode, city, street, housenumber) values('56084', 'Abbottchester', 'Block Locks', '97');
INSERT INTO PHOTOS (user_id, photo) values('252', 'deflt.jpg');
INSERT INTO USERDATA (user_id, location_id, photo_id, first_name, last_name, gender, birthday) values('252', '252', '252', 'Librada', 'Dietrich', 'f', TO_DATE('1978-10-01', 'yyyy-mm-dd'));
INSERT INTO ENDUSER (username, password, email) values('bernadette.macejkovic', 'xawQ41Gq8d', 'bernadette.macejkovic@email.com');
INSERT INTO LOCATION (postcode, city, street, housenumber) values('00899', 'McKenziefurt', 'Orn Spur', '93');
INSERT INTO PHOTOS (user_id, photo) values('253', 'deflt.jpg');
INSERT INTO USERDATA (user_id, location_id, photo_id, first_name, last_name, gender, birthday) values('253', '253', '253', 'Bernadette', 'Macejkovic', 'm', TO_DATE('1957-07-31', 'yyyy-mm-dd'));
INSERT INTO ENDUSER (username, password, email) values('eugene.hoeger', 'J8k7mt6ZHo', 'eugene.hoeger@email.com');
INSERT INTO LOCATION (postcode, city, street, housenumber) values('06922-6173', 'New Filomenaport', 'Keira Island', '81');
INSERT INTO PHOTOS (user_id, photo) values('254', 'deflt.jpg');
INSERT INTO USERDATA (user_id, location_id, photo_id, first_name, last_name, gender, birthday) values('254', '254', '254', 'Eugene', 'Hoeger', 'm', TO_DATE('1962-08-05', 'yyyy-mm-dd'));
INSERT INTO ENDUSER (username, password, email) values('collen.huel', 'K8g2dUEcW3', 'collen.huel@email.com');
INSERT INTO LOCATION (postcode, city, street, housenumber) values('28738-8787', 'Latiabury', 'Ullrich Crossroad', '71');
INSERT INTO PHOTOS (user_id, photo) values('255', 'deflt.jpg');
INSERT INTO USERDATA (user_id, location_id, photo_id, first_name, last_name, gender, birthday) values('255', '255', '255', 'Collen', 'Huel', 'm', TO_DATE('1998-03-28', 'yyyy-mm-dd'));
INSERT INTO ENDUSER (username, password, email) values('lavern.rippin', '69TdeXGNBg', 'lavern.rippin@email.com');
INSERT INTO LOCATION (postcode, city, street, housenumber) values('46321', 'Port Val', 'Reilly Landing', '20');
INSERT INTO PHOTOS (user_id, photo) values('256', 'deflt.jpg');
INSERT INTO USERDATA (user_id, location_id, photo_id, first_name, last_name, gender, birthday) values('256', '256', '256', 'Lavern', 'Rippin', 'm', TO_DATE('1965-07-01', 'yyyy-mm-dd'));
INSERT INTO ENDUSER (username, password, email) values('debbie.bashirian', 'Nm0pOxCGsv', 'debbie.bashirian@email.com');
INSERT INTO LOCATION (postcode, city, street, housenumber) values('07982-0077', 'Port Wilbertfort', 'Green Corner', '65');
INSERT INTO PHOTOS (user_id, photo) values('257', 'deflt.jpg');
INSERT INTO USERDATA (user_id, location_id, photo_id, first_name, last_name, gender, birthday) values('257', '257', '257', 'Debbie', 'Bashirian', 'f', TO_DATE('2002-09-30', 'yyyy-mm-dd'));
INSERT INTO ENDUSER (username, password, email) values('shon.will', 'jDUCil9vfR', 'shon.will@email.com');
INSERT INTO LOCATION (postcode, city, street, housenumber) values('55781', 'Port Wilfredport', 'Lauryn Hollow', '8');
INSERT INTO PHOTOS (user_id, photo) values('258', 'deflt.jpg');
INSERT INTO USERDATA (user_id, location_id, photo_id, first_name, last_name, gender, birthday) values('258', '258', '258', 'Shon', 'Will', 'f', TO_DATE('1968-03-12', 'yyyy-mm-dd'));
INSERT INTO ENDUSER (username, password, email) values('charles.smitham', 'ju810KhgLi', 'charles.smitham@email.com');
INSERT INTO LOCATION (postcode, city, street, housenumber) values('65086', 'Christianmouth', 'Graham Valley', '22');
INSERT INTO PHOTOS (user_id, photo) values('259', 'deflt.jpg');
INSERT INTO USERDATA (user_id, location_id, photo_id, first_name, last_name, gender, birthday) values('259', '259', '259', 'Charles', 'Smitham', 'm', TO_DATE('1999-02-16', 'yyyy-mm-dd'));
INSERT INTO ENDUSER (username, password, email) values('alla.huel', 'YlWaXJmvZA', 'alla.huel@email.com');
INSERT INTO LOCATION (postcode, city, street, housenumber) values('52232', 'Borisland', 'Dorothea Inlet', '0');
INSERT INTO PHOTOS (user_id, photo) values('260', 'deflt.jpg');
INSERT INTO USERDATA (user_id, location_id, photo_id, first_name, last_name, gender, birthday) values('260', '260', '260', 'Alla', 'Huel', 'm', TO_DATE('1962-10-24', 'yyyy-mm-dd'));
INSERT INTO ENDUSER (username, password, email) values('staci.gottlieb', 'qmLFz1YvHR', 'staci.gottlieb@email.com');
INSERT INTO LOCATION (postcode, city, street, housenumber) values('53038', 'Bernierland', 'Boehm Valley', '2');
INSERT INTO PHOTOS (user_id, photo) values('261', 'deflt.jpg');
INSERT INTO USERDATA (user_id, location_id, photo_id, first_name, last_name, gender, birthday) values('261', '261', '261', 'Staci', 'Gottlieb', 'm', TO_DATE('1969-02-12', 'yyyy-mm-dd'));
INSERT INTO ENDUSER (username, password, email) values('stacy.renner', 'G5yIp18Zgq', 'stacy.renner@email.com');
INSERT INTO LOCATION (postcode, city, street, housenumber) values('97681', 'West Darci', 'Purdy Meadow', '75');
INSERT INTO PHOTOS (user_id, photo) values('262', 'deflt.jpg');
INSERT INTO USERDATA (user_id, location_id, photo_id, first_name, last_name, gender, birthday) values('262', '262', '262', 'Stacy', 'Renner', 'f', TO_DATE('1960-11-14', 'yyyy-mm-dd'));
INSERT INTO ENDUSER (username, password, email) values('sarai.fritsch', 'So8LeNzOsp', 'sarai.fritsch@email.com');
INSERT INTO LOCATION (postcode, city, street, housenumber) values('20935-0601', 'Watersberg', 'Kathyrn Crest', '45');
INSERT INTO PHOTOS (user_id, photo) values('263', 'deflt.jpg');
INSERT INTO USERDATA (user_id, location_id, photo_id, first_name, last_name, gender, birthday) values('263', '263', '263', 'Sarai', 'Fritsch', 'm', TO_DATE('1991-04-10', 'yyyy-mm-dd'));
INSERT INTO ENDUSER (username, password, email) values('alexander.mckenzie', 'PHYbfTMgIR', 'alexander.mckenzie@email.com');
INSERT INTO LOCATION (postcode, city, street, housenumber) values('05115-2750', 'West Janethland', 'Joesph Plaza', '55');
INSERT INTO PHOTOS (user_id, photo) values('264', 'deflt.jpg');
INSERT INTO USERDATA (user_id, location_id, photo_id, first_name, last_name, gender, birthday) values('264', '264', '264', 'Alexander', 'McKenzie', 'm', TO_DATE('1964-05-19', 'yyyy-mm-dd'));
INSERT INTO ENDUSER (username, password, email) values('malcolm.thiel', 'LWs4UZhpl5', 'malcolm.thiel@email.com');
INSERT INTO LOCATION (postcode, city, street, housenumber) values('16894-2594', 'West Skyemouth', 'Ankunding Parks', '36');
INSERT INTO PHOTOS (user_id, photo) values('265', 'deflt.jpg');
INSERT INTO USERDATA (user_id, location_id, photo_id, first_name, last_name, gender, birthday) values('265', '265', '265', 'Malcolm', 'Thiel', 'm', TO_DATE('1959-09-15', 'yyyy-mm-dd'));
INSERT INTO ENDUSER (username, password, email) values('doyle.dietrich', 'AH0EfaCXqP', 'doyle.dietrich@email.com');
INSERT INTO LOCATION (postcode, city, street, housenumber) values('21412-9992', 'Brandastad', 'Joaquin Ridge', '66');
INSERT INTO PHOTOS (user_id, photo) values('266', 'deflt.jpg');
INSERT INTO USERDATA (user_id, location_id, photo_id, first_name, last_name, gender, birthday) values('266', '266', '266', 'Doyle', 'Dietrich', 'm', TO_DATE('1962-08-16', 'yyyy-mm-dd'));
INSERT INTO ENDUSER (username, password, email) values('geoffrey.greenfelder', 'JVRb3g2KsD', 'geoffrey.greenfelder@email.com');
INSERT INTO LOCATION (postcode, city, street, housenumber) values('43186', 'Lake Franklin', 'Arthur Inlet', '49');
INSERT INTO PHOTOS (user_id, photo) values('267', 'deflt.jpg');
INSERT INTO USERDATA (user_id, location_id, photo_id, first_name, last_name, gender, birthday) values('267', '267', '267', 'Geoffrey', 'Greenfelder', 'm', TO_DATE('1964-11-14', 'yyyy-mm-dd'));
INSERT INTO ENDUSER (username, password, email) values('tory.raynor', 'x2woiUfpWz', 'tory.raynor@email.com');
INSERT INTO LOCATION (postcode, city, street, housenumber) values('88817-1921', 'Lemkechester', 'Braun Flats', '73');
INSERT INTO PHOTOS (user_id, photo) values('268', 'deflt.jpg');
INSERT INTO USERDATA (user_id, location_id, photo_id, first_name, last_name, gender, birthday) values('268', '268', '268', 'Tory', 'Raynor', 'm', TO_DATE('1957-10-28', 'yyyy-mm-dd'));
INSERT INTO ENDUSER (username, password, email) values('del.lynch', 'UTn79VsZBl', 'del.lynch@email.com');
INSERT INTO LOCATION (postcode, city, street, housenumber) values('11311-4309', 'Pfefferport', 'Stark Drive', '12');
INSERT INTO PHOTOS (user_id, photo) values('269', 'deflt.jpg');
INSERT INTO USERDATA (user_id, location_id, photo_id, first_name, last_name, gender, birthday) values('269', '269', '269', 'Del', 'Lynch', 'm', TO_DATE('1984-02-12', 'yyyy-mm-dd'));
INSERT INTO ENDUSER (username, password, email) values('lionel.west', 'dIFf5TeGZz', 'lionel.west@email.com');
INSERT INTO LOCATION (postcode, city, street, housenumber) values('26067', 'Bayerfurt', 'Dewitt Common', '69');
INSERT INTO PHOTOS (user_id, photo) values('270', 'deflt.jpg');
INSERT INTO USERDATA (user_id, location_id, photo_id, first_name, last_name, gender, birthday) values('270', '270', '270', 'Lionel', 'West', 'f', TO_DATE('2001-07-27', 'yyyy-mm-dd'));
INSERT INTO ENDUSER (username, password, email) values('shirleen.morar', 'TjrbpZXu0x', 'shirleen.morar@email.com');
INSERT INTO LOCATION (postcode, city, street, housenumber) values('80565', 'Ullrichborough', 'Carolina Bridge', '87');
INSERT INTO PHOTOS (user_id, photo) values('271', 'deflt.jpg');
INSERT INTO USERDATA (user_id, location_id, photo_id, first_name, last_name, gender, birthday) values('271', '271', '271', 'Shirleen', 'Morar', 'm', TO_DATE('1992-03-12', 'yyyy-mm-dd'));
INSERT INTO ENDUSER (username, password, email) values('aubrey.kub', 'qh6RwKbOJU', 'aubrey.kub@email.com');
INSERT INTO LOCATION (postcode, city, street, housenumber) values('63252-7857', 'New Carmela', 'Nolan Stravenue', '29');
INSERT INTO PHOTOS (user_id, photo) values('272', 'deflt.jpg');
INSERT INTO USERDATA (user_id, location_id, photo_id, first_name, last_name, gender, birthday) values('272', '272', '272', 'Aubrey', 'Kub', 'f', TO_DATE('1988-09-08', 'yyyy-mm-dd'));
INSERT INTO ENDUSER (username, password, email) values('leonard.streich', 'xpTsZSJ7Nk', 'leonard.streich@email.com');
INSERT INTO LOCATION (postcode, city, street, housenumber) values('61177-0668', 'Mitchellbury', 'Monahan Loop', '73');
INSERT INTO PHOTOS (user_id, photo) values('273', 'deflt.jpg');
INSERT INTO USERDATA (user_id, location_id, photo_id, first_name, last_name, gender, birthday) values('273', '273', '273', 'Leonard', 'Streich', 'm', TO_DATE('1959-04-13', 'yyyy-mm-dd'));
INSERT INTO ENDUSER (username, password, email) values('bradley.schowalter', 'X9xtTsY1RH', 'bradley.schowalter@email.com');
INSERT INTO LOCATION (postcode, city, street, housenumber) values('95023', 'Alvinafurt', 'Bogisich Rapid', '24');
INSERT INTO PHOTOS (user_id, photo) values('274', 'deflt.jpg');
INSERT INTO USERDATA (user_id, location_id, photo_id, first_name, last_name, gender, birthday) values('274', '274', '274', 'Bradley', 'Schowalter', 'm', TO_DATE('1964-04-08', 'yyyy-mm-dd'));
INSERT INTO ENDUSER (username, password, email) values('raymundo.schimmel', 'xgMJsq3WhH', 'raymundo.schimmel@email.com');
INSERT INTO LOCATION (postcode, city, street, housenumber) values('19053', 'West Christoper', 'D Amore Point', '12');
INSERT INTO PHOTOS (user_id, photo) values('275', 'deflt.jpg');
INSERT INTO USERDATA (user_id, location_id, photo_id, first_name, last_name, gender, birthday) values('275', '275', '275', 'Raymundo', 'Schimmel', 'm', TO_DATE('1967-02-17', 'yyyy-mm-dd'));
INSERT INTO ENDUSER (username, password, email) values('parker.goldner', 'Jz3Qy94BCw', 'parker.goldner@email.com');
INSERT INTO LOCATION (postcode, city, street, housenumber) values('53630', 'Mirtastad', 'Elmira Island', '30');
INSERT INTO PHOTOS (user_id, photo) values('276', 'deflt.jpg');
INSERT INTO USERDATA (user_id, location_id, photo_id, first_name, last_name, gender, birthday) values('276', '276', '276', 'Parker', 'Goldner', 'm', TO_DATE('1958-12-01', 'yyyy-mm-dd'));
INSERT INTO ENDUSER (username, password, email) values('velva.frami', 'yWSfsjHDoA', 'velva.frami@email.com');
INSERT INTO LOCATION (postcode, city, street, housenumber) values('99520', 'South Mauricioberg', 'Harber Mission', '21');
INSERT INTO PHOTOS (user_id, photo) values('277', 'deflt.jpg');
INSERT INTO USERDATA (user_id, location_id, photo_id, first_name, last_name, gender, birthday) values('277', '277', '277', 'Velva', 'Frami', 'f', TO_DATE('1988-06-04', 'yyyy-mm-dd'));
INSERT INTO ENDUSER (username, password, email) values('stuart.jacobi', '6oX7uca4Br', 'stuart.jacobi@email.com');
INSERT INTO LOCATION (postcode, city, street, housenumber) values('62787', 'West Donovan', 'McLaughlin Fall', '57');
INSERT INTO PHOTOS (user_id, photo) values('278', 'deflt.jpg');
INSERT INTO USERDATA (user_id, location_id, photo_id, first_name, last_name, gender, birthday) values('278', '278', '278', 'Stuart', 'Jacobi', 'f', TO_DATE('1966-09-05', 'yyyy-mm-dd'));
INSERT INTO ENDUSER (username, password, email) values('burton.spinka', 'rHRb70YvNs', 'burton.spinka@email.com');
INSERT INTO LOCATION (postcode, city, street, housenumber) values('33534', 'Port Frankieport', 'Len Plain', '23');
INSERT INTO PHOTOS (user_id, photo) values('279', 'deflt.jpg');
INSERT INTO USERDATA (user_id, location_id, photo_id, first_name, last_name, gender, birthday) values('279', '279', '279', 'Burton', 'Spinka', 'm', TO_DATE('1976-11-01', 'yyyy-mm-dd'));
INSERT INTO ENDUSER (username, password, email) values('nydia.orn', 'E3b817IjBA', 'nydia.orn@email.com');
INSERT INTO LOCATION (postcode, city, street, housenumber) values('06759-6492', 'East Zackary', 'Morar Street', '24');
INSERT INTO PHOTOS (user_id, photo) values('280', 'deflt.jpg');
INSERT INTO USERDATA (user_id, location_id, photo_id, first_name, last_name, gender, birthday) values('280', '280', '280', 'Nydia', 'Orn', 'm', TO_DATE('1966-11-12', 'yyyy-mm-dd'));
INSERT INTO ENDUSER (username, password, email) values('kay.beier', 'iMmEX673F4', 'kay.beier@email.com');
INSERT INTO LOCATION (postcode, city, street, housenumber) values('79172-6906', 'North Ricardo', 'Teofila Drive', '48');
INSERT INTO PHOTOS (user_id, photo) values('281', 'deflt.jpg');
INSERT INTO USERDATA (user_id, location_id, photo_id, first_name, last_name, gender, birthday) values('281', '281', '281', 'Kay', 'Beier', 'm', TO_DATE('1960-06-28', 'yyyy-mm-dd'));
INSERT INTO ENDUSER (username, password, email) values('normand.hilll', 'comVGRhiXB', 'normand.hilll@email.com');
INSERT INTO LOCATION (postcode, city, street, housenumber) values('84790', 'Charleybury', 'Joesph Knolls', '9');
INSERT INTO PHOTOS (user_id, photo) values('282', 'deflt.jpg');
INSERT INTO USERDATA (user_id, location_id, photo_id, first_name, last_name, gender, birthday) values('282', '282', '282', 'Normand', 'Hilll', 'f', TO_DATE('1969-02-27', 'yyyy-mm-dd'));
INSERT INTO ENDUSER (username, password, email) values('marry.lehner', 'KWdVFzrge1', 'marry.lehner@email.com');
INSERT INTO LOCATION (postcode, city, street, housenumber) values('00951', 'Larkinside', 'Lynwood Viaduct', '58');
INSERT INTO PHOTOS (user_id, photo) values('283', 'deflt.jpg');
INSERT INTO USERDATA (user_id, location_id, photo_id, first_name, last_name, gender, birthday) values('283', '283', '283', 'Marry', 'Lehner', 'm', TO_DATE('1989-04-14', 'yyyy-mm-dd'));
INSERT INTO ENDUSER (username, password, email) values('jacqui.labadie', 'vCDU7QW2B5', 'jacqui.labadie@email.com');
INSERT INTO LOCATION (postcode, city, street, housenumber) values('06326-7134', 'Kyleemouth', 'Maximo Cliffs', '60');
INSERT INTO PHOTOS (user_id, photo) values('284', 'deflt.jpg');
INSERT INTO USERDATA (user_id, location_id, photo_id, first_name, last_name, gender, birthday) values('284', '284', '284', 'Jacqui', 'Labadie', 'f', TO_DATE('1993-02-21', 'yyyy-mm-dd'));
INSERT INTO ENDUSER (username, password, email) values('harley.gutkowski', 'OmJAxfB1Kr', 'harley.gutkowski@email.com');
INSERT INTO LOCATION (postcode, city, street, housenumber) values('19626-5241', 'Port Pearlburgh', 'Bogisich Haven', '87');
INSERT INTO PHOTOS (user_id, photo) values('285', 'deflt.jpg');
INSERT INTO USERDATA (user_id, location_id, photo_id, first_name, last_name, gender, birthday) values('285', '285', '285', 'Harley', 'Gutkowski', 'f', TO_DATE('1988-01-20', 'yyyy-mm-dd'));
INSERT INTO ENDUSER (username, password, email) values('shirley.hudson', 'lm8e9pfjSc', 'shirley.hudson@email.com');
INSERT INTO LOCATION (postcode, city, street, housenumber) values('63894-9869', 'Lake Austinmouth', 'Fatima Springs', '48');
INSERT INTO PHOTOS (user_id, photo) values('286', 'deflt.jpg');
INSERT INTO USERDATA (user_id, location_id, photo_id, first_name, last_name, gender, birthday) values('286', '286', '286', 'Shirley', 'Hudson', 'm', TO_DATE('1961-10-06', 'yyyy-mm-dd'));
INSERT INTO ENDUSER (username, password, email) values('cortez.gleichner', 'Ai25DS0PqB', 'cortez.gleichner@email.com');
INSERT INTO LOCATION (postcode, city, street, housenumber) values('14528', 'Roobmouth', 'Neville Island', '53');
INSERT INTO PHOTOS (user_id, photo) values('287', 'deflt.jpg');
INSERT INTO USERDATA (user_id, location_id, photo_id, first_name, last_name, gender, birthday) values('287', '287', '287', 'Cortez', 'Gleichner', 'f', TO_DATE('1993-11-17', 'yyyy-mm-dd'));
INSERT INTO ENDUSER (username, password, email) values('tammy.lemke', 'KjVbvtnkc5', 'tammy.lemke@email.com');
INSERT INTO LOCATION (postcode, city, street, housenumber) values('88619', 'New Traceyville', 'Moen Lakes', '8');
INSERT INTO PHOTOS (user_id, photo) values('288', 'deflt.jpg');
INSERT INTO USERDATA (user_id, location_id, photo_id, first_name, last_name, gender, birthday) values('288', '288', '288', 'Tammy', 'Lemke', 'm', TO_DATE('1973-03-18', 'yyyy-mm-dd'));
INSERT INTO ENDUSER (username, password, email) values('jazmine.emmerich', 'fBGKW7Sda4', 'jazmine.emmerich@email.com');
INSERT INTO LOCATION (postcode, city, street, housenumber) values('25890', 'Torphyville', 'Breitenberg Fall', '3');
INSERT INTO PHOTOS (user_id, photo) values('289', 'deflt.jpg');
INSERT INTO USERDATA (user_id, location_id, photo_id, first_name, last_name, gender, birthday) values('289', '289', '289', 'Jazmine', 'Emmerich', 'm', TO_DATE('1969-03-08', 'yyyy-mm-dd'));
INSERT INTO ENDUSER (username, password, email) values('viola.hansen', 'GSbTf0FrEZ', 'viola.hansen@email.com');
INSERT INTO LOCATION (postcode, city, street, housenumber) values('82021-6971', 'East Sherrell', 'Willie Hill', '13');
INSERT INTO PHOTOS (user_id, photo) values('290', 'deflt.jpg');
INSERT INTO USERDATA (user_id, location_id, photo_id, first_name, last_name, gender, birthday) values('290', '290', '290', 'Viola', 'Hansen', 'm', TO_DATE('1966-04-13', 'yyyy-mm-dd'));
INSERT INTO ENDUSER (username, password, email) values('adalberto.strosin', 'tiLmFPzXW1', 'adalberto.strosin@email.com');
INSERT INTO LOCATION (postcode, city, street, housenumber) values('31913-4579', 'Grahammouth', 'Debrah Parkway', '74');
INSERT INTO PHOTOS (user_id, photo) values('291', 'deflt.jpg');
INSERT INTO USERDATA (user_id, location_id, photo_id, first_name, last_name, gender, birthday) values('291', '291', '291', 'Adalberto', 'Strosin', 'f', TO_DATE('1970-03-03', 'yyyy-mm-dd'));
INSERT INTO ENDUSER (username, password, email) values('shirly.jacobson', 'Hvi6KxMmYF', 'shirly.jacobson@email.com');
INSERT INTO LOCATION (postcode, city, street, housenumber) values('52214', 'Abshireland', 'Bailey Landing', '52');
INSERT INTO PHOTOS (user_id, photo) values('292', 'deflt.jpg');
INSERT INTO USERDATA (user_id, location_id, photo_id, first_name, last_name, gender, birthday) values('292', '292', '292', 'Shirly', 'Jacobson', 'm', TO_DATE('2000-07-04', 'yyyy-mm-dd'));
INSERT INTO ENDUSER (username, password, email) values('eveline.kilback', 'pvUuh02N6l', 'eveline.kilback@email.com');
INSERT INTO LOCATION (postcode, city, street, housenumber) values('49076', 'East Al', 'Quintin Spring', '45');
INSERT INTO PHOTOS (user_id, photo) values('293', 'deflt.jpg');
INSERT INTO USERDATA (user_id, location_id, photo_id, first_name, last_name, gender, birthday) values('293', '293', '293', 'Eveline', 'Kilback', 'm', TO_DATE('1984-10-01', 'yyyy-mm-dd'));
INSERT INTO ENDUSER (username, password, email) values('dione.herzog', '6FQaxAdJei', 'dione.herzog@email.com');
INSERT INTO LOCATION (postcode, city, street, housenumber) values('04855', 'Port Werner', 'Aufderhar Estates', '43');
INSERT INTO PHOTOS (user_id, photo) values('294', 'deflt.jpg');
INSERT INTO USERDATA (user_id, location_id, photo_id, first_name, last_name, gender, birthday) values('294', '294', '294', 'Dione', 'Herzog', 'm', TO_DATE('1959-04-21', 'yyyy-mm-dd'));
INSERT INTO ENDUSER (username, password, email) values('tommy.bradtke', 'oWGQHXCxdu', 'tommy.bradtke@email.com');
INSERT INTO LOCATION (postcode, city, street, housenumber) values('21376', 'Mayerborough', 'Hipolito Fort', '96');
INSERT INTO PHOTOS (user_id, photo) values('295', 'deflt.jpg');
INSERT INTO USERDATA (user_id, location_id, photo_id, first_name, last_name, gender, birthday) values('295', '295', '295', 'Tommy', 'Bradtke', 'm', TO_DATE('1970-06-08', 'yyyy-mm-dd'));
INSERT INTO ENDUSER (username, password, email) values('dwight.cronin', 'nzLgDkdUiM', 'dwight.cronin@email.com');
INSERT INTO LOCATION (postcode, city, street, housenumber) values('91099-3303', 'Vincenzoshire', 'Orn Overpass', '51');
INSERT INTO PHOTOS (user_id, photo) values('296', 'deflt.jpg');
INSERT INTO USERDATA (user_id, location_id, photo_id, first_name, last_name, gender, birthday) values('296', '296', '296', 'Dwight', 'Cronin', 'm', TO_DATE('1957-07-10', 'yyyy-mm-dd'));
INSERT INTO ENDUSER (username, password, email) values('bryce.boyle', 'mzc9nRI3Ly', 'bryce.boyle@email.com');
INSERT INTO LOCATION (postcode, city, street, housenumber) values('28705', 'Reyport', 'Dottie Mountains', '84');
INSERT INTO PHOTOS (user_id, photo) values('297', 'deflt.jpg');
INSERT INTO USERDATA (user_id, location_id, photo_id, first_name, last_name, gender, birthday) values('297', '297', '297', 'Bryce', 'Boyle', 'm', TO_DATE('1976-03-20', 'yyyy-mm-dd'));
INSERT INTO ENDUSER (username, password, email) values('maximina.mitchell', 'Hm56bA98NC', 'maximina.mitchell@email.com');
INSERT INTO LOCATION (postcode, city, street, housenumber) values('29317-3866', 'Ornchester', 'Koss Knoll', '20');
INSERT INTO PHOTOS (user_id, photo) values('298', 'deflt.jpg');
INSERT INTO USERDATA (user_id, location_id, photo_id, first_name, last_name, gender, birthday) values('298', '298', '298', 'Maximina', 'Mitchell', 'm', TO_DATE('1989-10-06', 'yyyy-mm-dd'));
INSERT INTO ENDUSER (username, password, email) values('donny.stanton', '1ovMBsNjyg', 'donny.stanton@email.com');
INSERT INTO LOCATION (postcode, city, street, housenumber) values('62462-5332', 'Kennyview', 'Norris Parkways', '13');
INSERT INTO PHOTOS (user_id, photo) values('299', 'deflt.jpg');
INSERT INTO USERDATA (user_id, location_id, photo_id, first_name, last_name, gender, birthday) values('299', '299', '299', 'Donny', 'Stanton', 'f', TO_DATE('1980-01-06', 'yyyy-mm-dd'));
